FIGHTER,ELO
igor pokrajac,993.7332676229254
james irvin,984.0
jake ellenberger,978.9442693226082
john howard,960.2565970164321
takanori gomi,982.0563635257984
tyson griffin,968.736306793522
brian stann,997.1281248226185
mike massenzio,966.660741716245
charles oliveira,1102.7133499012796
darren elkins,1043.5324790743218
yushin okami,1011.0954278462443
mark munoz,1046.4125274892813
jon jones,1114.8594468325812
vladimir matyushenko,984.0
jacob volkmann,1027.0711594679894
paul kelly,984.7023986633528
matthew riddle,1015.2976013366472
damarques johnson,1000.6363624771305
rob kimmons,999.263693206478
steve steinbeiss,984.0
ricardo romero,1000.0
seth petruzelli,984.0
daniel roberts,1031.263693206478
forrest petz,984.0
brock lesnar,1016.0
shane carwin,969.4695015289755
kendall grove,982.5612260339534
goran reljic,984.0
chris lytle,1016.0
matt brown,1049.966758342482
brendan schaub,998.5304984710245
chris tuchscherer,984.0
george sotiropoulos,999.2975328274754
kurt pellegrino,984.0
gerald harris,1016.0
david branch,970.196563922652
chris leben,985.5310238165291
yoshihiro akiyama,968.0355377758124
jon madsen,1031.263693206478
karlos vemola,968.7449812431552
stephan bonnar,1032.0
krzysztof soszynski,986.8397832730943
kyle watson,1016.0
sako chivitchian,984.0
jonathan brookins,999.2298601853573
michael johnson,969.119655281144
cody mckenzie,1000.7024671725246
aaron wilkinson,984.0
ian loveland,1016.0
tyler toner,984.0
rich attonito,968.0338330211207
leonard garcia,999.263693206478
nam phan,941.0444164172359
nick pace,999.263693206478
will campuzano,984.0
demian maia,1043.504890627163
rick story,1059.729526119354
johny hendricks,982.0392543079944
pablo garza,969.3743095809731
fredson paixao,984.0
dustin hazelett,969.4387739660466
phil davis,1045.1954496251453
rodney wallace,984.0
matt hughes,1031.263693206478
ricardo almeida,1000.0015615270962
tim boetsch,972.5909427393577
todd brown,968.736306793522
stefan struve,1014.2232328695642
christian morecraft,984.0
dennis hallman,1016.0338330211207
ben saunders,984.5038103137549
junior dos santos,1058.8686521455656
roy nelson,987.6124126162132
clay guida,1026.8797718549424
rafael dos anjos,997.138340774503
jon fitch,1000.0322843150211
thiago alves,980.9506851662944
charlie brenneman,938.9026877489897
tj grant,985.5003710686486
mike guymon,1016.0
yoshiyuki yoshida,984.0
joe doerksen,999.263693206478
tom lawlor,987.4908605686875
josh koscheck,1000.768448701424
paul daley,984.0
matt mitrione,1044.3156969780803
kevin ferguson,984.0
mauricio rua,1039.4549615738251
lyoto machida,996.5796733345655
alan belcher,1032.0015615270963
patrick cote,953.4165535554906
joey beltran,982.625859834259
tim hague,984.0
jeremy stephens,980.9420352022594
sam stout,1000.7024671725246
john salter,1016.0
jason macdonald,984.0
marcus davis,1000.0
jonathan goulet,984.0
mostapha al-turk,984.736306793522
terry etim,1000.0338330211207
matt veach,983.263693206478
alexander gustafsson,1012.1537041289802
brad blackburn,983.263693206478
renzo gracie,984.736306793522
anderson silva,1001.8704401782697
nick osipczak,985.4358728782763
frankie edgar,994.1574275237294
bj penn,941.8631449239546
jim miller,1030.701552189834
sean mccorkle,984.736306793522
mark bocek,1030.5935102933543
sean pierson,1031.8985936640236
mac danzig,968.8008566861816
joe stevenson,968.736306793522
john makdessi,958.8486222158684
pat audinwood,984.0
dan miller,998.6060117021786
georges st-pierre,1033.476483917887
martin kampmann,1032.6994299202138
paulo thiago,953.470988881707
mario miranda,1016.0
david loiseau,984.0
mike pyle,998.0302192971828
jesse lennox,984.0
carlos condit,1025.444450169455
rory macdonald,1016.0040540397213
matt wiman,981.9014392350814
ben rothwell,1013.099086021986
gilbert yvel,984.0
james wilks,1016.0
peter sobotta,1000.736306793522
claude patrick,1000.0339081301692
ricardo funch,984.0
mirko cro cop,1032.0339081301693
pat barry,941.5705425479754
rich franklin,984.0
chuck liddell,984.0
evan dunham,1025.2937101384177
dong hyun kim,1047.9004903021987
nate diaz,978.008078155476
brad tavares,993.0893798367431
phil baroni,984.0
antonio mckee,984.736306793522
diego nunes,1014.598171113783
mike brown,1000.0
dustin poirier,1115.03513267012
josh grispi,953.472613587044
greg soto,984.736306793522
anthony johnson,1013.4500685847603
shane roller,988.295206768262
mike easton,997.1590058484772
byron bloodworth,984.0
walel watson,999.263693206478
joseph sandoval,984.0
josh neer,981.8687022811796
keith wisniewski,968.736306793522
yves edwards,970.0434608209865
rafaello oliveira,984.7023986633528
paul sass,1015.263693206478
dominick cruz,1047.773382818687
demetrious johnson,1044.2984698408075
melvin guillard,982.8766084305546
anthony njokuani,984.701089387644
andre winner,984.0
dennis siver,1029.1363655524037
brian bowles,1031.263693206478
takeya mizugaki,1046.498139038028
jeff hougland,999.2975328274754
donny walker,984.0
tito ortiz,968.832773470397
ryan bader,994.6115179803055
wanderlei silva,1001.4023736484061
aaron simpson,1029.034447139662
damacio page,970.1400877474892
dongi yang,1016.736306793522
reuben duran,1000.0338330211207
cb dollaway,1017.398210761855
danny castillo,997.4210373575987
rousimar palhares,1018.1026917021562
diego sanchez,1049.7411635545755
cyrille diabate,981.8614617727702
steve cantwell,968.0
thiago tavares,985.9201623042447
chris weidman,1009.2170588959077
alessio sakara,984.0
michael bisping,1016.0803521381152
jason miller,984.0
john albert,982.5612260339534
dustin pague,984.7023986633528
marcus brimage,983.328393133764
stephen bass,984.0
roland delorme,1031.263693206478
josh ferguson,969.4695015289755
bryan caraway,990.0005299612277
dustin neace,984.0
diego brandao,1013.8543599444442
dennis bermudez,1014.0593804996199
john dodson,1008.1469476017733
tj dillashaw,1020.5752730310643
tony ferguson,1010.1169910688776
johnny bedford,1016.0
louis gaudinot,985.4387739660466
steven siler,1014.5948576686754
josh clopton,969.4695015289755
kyle kingsbury,1032.0
fabio maldonado,986.8036030006671
danny downes,985.4695015289755
chris cope,982.5612260339534
chuck o'neil,984.0
shamar bailey,1016.0
ryan mcgillivray,984.0
scott jorgensen,1016.0272126162452
ken stone,969.5031170912061
clay harvison,999.2975328274754
justin edwards,970.7030217579526
ramsey nijem,1018.1029490572711
george roop,982.6611662151918
ed herman,1035.6641905858023
tim credeur,984.0
anthony pettis,1035.2884649272344
francisco rivera,1001.9749685780433
miguel torres,1016.0
antonio banuelos,984.0
donald cerrone,1032.9554690656787
norifumi yamamoto,968.0338330211207
vitor belfort,998.942219122422
forrest griffin,1031.2011346597722
carlos eduardo rocha,970.1763210250041
mike pierce,1011.9643226087039
kenny robertson,986.7698811674987
chad mendes,1026.555725097009
michihiro omigawa,969.4387739660466
paul taylor,1016.0
gabe ruediger,984.0
philip de fries,1013.8617341520089
rob broughton,984.0
jason young,968.7668102976842
john maguire,1015.263693206478
papy abedi,1000.736306793522
edward faaloloto,983.2298601853573
chris cariaso,1054.4515770614962
vaughan lee,971.045503328618
anthony perosh,1021.9608195969737
renan barao,1046.5304984710244
brad pickett,986.6576905772323
che mills,1016.736306793522
rani yahya,1007.3474690347095
rafael natal,994.111240578527
paul bradley,968.7377932489214
brian ebersole,1015.8398030603227
costas philippou,1073.72627415015
jorge rivera,984.0
rashad evans,939.2326664274165
matt hamill,968.7991052860298
ivan menjivar,984.6700520535896
joe lauzon,1014.1735671594873
jose aldo,1036.8113916886045
kenny florian,1001.4695015289755
chael sonnen,1002.1381943879226
gray maynard,975.3691960644464
eric schafer,984.7701398146427
stipe miocic,1045.584313524661
tiequan zhang,968.0338330211207
jorge santiago,983.9984419318032
jake hecht,983.3666612138774
rogerio nogueira,1014.531988686759
chan sung jung,989.0438951682568
mark hominick,984.0
jared hamman,968.736306793522
john cholish,999.9660918698308
mitch clarke,940.3810411923727
yves jabouin,1016.736306793522
nik lentz,1016.012306635938
frank mir,982.630251134961
minotauro nogueira,940.7446398061728
nick ring,998.5304984710245
james head,984.0
vagner rocha,969.4402605591363
dave herman,999.263693206478
jon olav einemo,984.0
jesse bongfeldt,984.736306793522
aaron rosa,984.6715385086675
matt lucas,983.2621349933266
darren uyenoyama,1030.528948084379
benson henderson,1063.7408138167405
alex caceres,1008.9182852756959
cole escovedo,984.0
ricardo lamas,961.0287270474722
cub swanson,1023.4811517711294
erik perez,1028.6236620911757
michael chiesa,1057.218545145647
al iaquinta,988.1682872928349
sam sicilia,1030.4968829087939
cristiano marcello,968.736306793522
justin lawrence,999.3266772182659
john cofer,984.0
daron cruickshank,1043.8812196610363
chris tickle,984.0
myles jury,1016.6014466502313
chris saunders,984.0
max holloway,1110.8590750248384
pat schilling,984.0
joe proctor,982.882216897101
jeremy larsen,984.0
court mcgee,987.416924970836
shawn jordan,1016.823756729443
oli thompson,969.4695015289755
joseph benavidez,1048.0721286169714
yasuhiro urushitani,967.9660918698308
tj waldburger,1016.7009121009784
andrew craig,1047.2023033648038
kyle noke,984.7023986633528
james te huna,1015.1655661941751
cole miller,953.1908612699758
daniel pineda,983.9613924987973
mackens semerzier,984.0
nick penner,984.7701398146427
michael kuiper,983.9661669788793
stephen thompson,1038.4461643960344
dan stittgen,968.736306793522
fabricio werdum,1019.2350456710403
henry martinez,985.4079109400335
nick diaz,985.4695015289755
clifford starks,984.736306793522
edwin figueroa,999.1980438415374
jamie varner,970.2364766989798
mike swick,984.7949919396909
john moraga,1031.816267614102
ulysses gomez,984.0
manvel gamburyan,998.6582355225513
brandon vera,984.736306793522
nick denis,984.736306793522
john hathaway,1000.7669769513993
pascal krauss,984.0
tim elliott,1002.0188197212926
lavar johnson,1014.6293345293832
john lineker,1047.9986380400342
bart palaszewski,983.9323273572415
antonio silva,1031.4732790477312
travis browne,956.0149554355811
jay hieron,969.3420399246539
jussier formiga,979.6036868816994
marcus levesseur,999.263693206478
carlo prater,984.0
phil harris,984.7009121009784
khabib nurmagomedov,1083.446767569489
gleison tibau,941.698585797115
fabricio camoes,983.9307790986094
yoislandy izquierdo,983.263693206478
riki fukuda,986.5781506746793
john alessio,982.6658107705109
cung le,1030.527386412956
ian mccall,986.9027561526073
tim means,974.3761246579736
justin salas,968.6395379879857
bernardo magalhaes,983.2621349933266
buddy roberts,1000.0
caio magalhaes,999.1479317457708
erick silva,968.6025571755961
seth baczynski,997.1911015860958
lance benoist,1000.736306793522
matt grice,1016.736306793522
jared papazian,983.263693206478
eddie wineland,1000.0032051774605
abel trujillo,1025.093575222776
raphael assuncao,1053.7567343440633
tom deblass,983.3601442198809
motonobu tezuka,983.9660918698308
jon tuck,1012.4267517725933
francis carmont,1015.9970226602911
issei tamura,984.8038941039856
marcelo guimaraes,983.3928710906648
chico camus,999.2960431234958
tommy hayden,984.0353200111732
eiji mitsuoka,983.2960489542627
bobby green,1063.2181444602663
isaac vallie-flagg,1016.0290337458063
tyron woodley,1031.3364291639164
dustin kimura,1031.9676535999324
alistair overeem,982.4068787068915
mizuto hirota,925.008296812285
kazuki tokudome,982.6274836449334
mark hunt,975.3383602726894
siyar bahadurzada,1016.6169954083571
hyun gyu lim,999.9338821267781
hector lombard,955.6132483209389
thales leites,1011.9707077853061
tom watson,952.030573103265
sergio moraes,1039.9009403472453
neil magny,1022.728938694483
iliarde santos,968.7925296848734
viscardi andrade,1029.7747878484215
bristol marunde,984.0
cezar ferreira,1058.1076791770754
thiago santos,979.4050539900861
vinny magalhaes,985.4679565897214
amanda nunes,1122.5880205608762
sheila gaff,984.0
francimar barroso,983.2976013366472
ednaldo oliveira,984.0
jose maria,968.7054466391583
glover teixeira,1057.0575549202579
piotr hallmann,1013.1543370604833
francisco trinaldo,961.259401458144
sean spencer,984.7491664373687
yuri villefort,984.0
ivan jorge,1015.263693206478
elias silverio,1016.0
joao zeferino,984.0
ali bagautinov,1016.5444367557203
marcos vinicius,984.0
kevin souza,999.9660918698308
felipe arantes,1002.7850918530874
tor troeng,986.0487607680917
jacare souza,998.0377198743356
lucas martins,1031.263693206478
junior hernandez,984.0
besam yousef,983.263693206478
adam cella,983.2944933289243
akira corassani,1000.7920615693968
robert peralta,970.7283389709424
ross pearson,985.9968324419214
ryan couture,984.0
reza madadi,1030.7174047347994
conor mcgregor,1035.196279577328
gegard mousasi,1047.9093303989573
ilir latifi,1009.5223411809486
adlan amagov,1016.0
chris spang,984.0
ryan laflare,1053.5608603943435
benny alloway,984.0
tim kennedy,1015.902960001171
roger gracie,984.0
edson barboza,1003.1547044374581
david mitchell,970.079461843373
norman parke,1016.7024671725246
gabriel gonzaga,1002.0884790190734
brian melancon,1016.736306793522
derek brunson,1027.2243657544095
brian houston,984.0
rustam khabilov,1075.523675499749
jorge masvidal,991.3419991734809
james krause,986.8525182294328
yoel romero,1020.1283340759366
ronny markes,984.0
colton smith,984.736306793522
lorenz larkin,987.9778340132855
chris camozzi,956.8637169048329
alexis davis,1000.2500930483179
liz carmouche,984.7000311223243
justin scoggins,1002.1398206579395
richie vaculik,968.736306793522
alex garcia,1031.266519958003
ben wall,967.2605192154915
soa palelei,1027.3885548922456
bethe correia,983.3946316388601
julie kedzie,984.0
clint hester,997.191361686605
dylan andrews,953.4387739660466
krzysztof jotko,1011.8553170483159
bruno santos,985.4387739660466
leonardo santos,1057.0027561769084
william patolino,984.0
jason high,970.8971459726015
antonio braga neto,1000.0
anthony smith,979.4258123079383
thiago silva,1030.4984275414456
rafael feijao,970.6769417046019
rodrigo damm,984.0295312344892
daniel sarafian,1000.0
eddie mendez,984.0
godofredo pepey,968.7668102976842
rony jason,969.1855686339567
mike wilkinson,1000.736306793522
ildemar alcantara,981.8916997007034
leandro silva,982.7339514254419
jake shields,1017.500033917921
yan cabral,968.2276428277817
igor araujo,1031.9661669788793
alan patrick,1012.1086571928801
garett whiteley,984.0
dustin ortiz,1071.8473758579269
brandon thatch,981.3761783395328
santiago ponzinibbio,1017.0871891057715
adriano martins,1013.0094312546305
omari akhmedov,1010.4759544265326
thiago perpetuo,984.0
gasan umalatov,953.590142698185
andy enz,984.736306793522
danny martinez,970.706040490936
nick catone,1015.263693206478
rashid magomedov,1014.6448235080118
anthony rocco martin,1018.7901026910257
kevin lee,1004.934898754742
urijah faber,1002.896779520733
hatsu hioki,998.5613680423422
mark eddiva,1016.0
jumabieke tuerxun,952.7378615551299
an ying wang,1016.0
albert cheng,984.0
zhang lipeng,1016.0
sai wang,984.0
yui chul nam,1015.93374238902
jon delos reyes,984.7702114067409
russell doane,980.5913001330433
leandro issa,969.4695015289755
tatsuya kawajiri,999.8840833345547
sean soriano,968.736306793522
kyung ho kang,1015.1535573923406
shunichi shimizu,984.0
katsunori kikuno,1016.0
quinn mulhern,984.0
will chope,984.8301951953662
tarec saffiedine,1000.7638460265663
mairbek taisumov,1041.1564265307431
tae hyun bang,968.736306793522
kiichi kunimoto,1000.0
luiz dutra,984.0
royston wee,1016.0
dave galera,984.0
nordine taleb,1013.7196774344014
li jingliang,953.0709396145055
marcin bandel,969.4387739660466
albert tumenov,1023.555518194647
matt dwyer,984.0
olivier aubin-mercier,1031.1046564169214
jake lindsey,969.4343273446879
chad laprise,1012.4321916130274
yosdenis cedeno,968.0339081301692
paul felder,1028.7797853366644
jason saggo,985.5596043996105
mitch gagnon,983.2976013366472
roman salazar,968.736306793522
niklas backstrom,983.263693206478
magnus cedenblad,1030.5304984710244
scott askham,968.736306793522
nico musoke,1016.0
alexander yakovlev,984.0323466030729
charles rosa,942.1440544066693
elias theodorou,983.9286848331463
zubaira tukhugov,1015.2636932064779
ernest chavez,984.0
gunnar nelson,1039.3716520226967
cathal pendred,995.826704966719
jan blachowicz,1009.5527224208355
chris kelades,1016.0
paddy holohan,984.0
uriah hall,1015.9146098915801
luke zachrich,999.263693206478
guilherme vasconcelos,984.0
ronda rousey,1032.7023986633528
rob font,1014.5494325574443
derrick lewis,1025.1784450037512
chas skelly,1013.2809394904407
chris beal,1016.0
tateki matsuda,984.0
eddie gordon,999.263693206478
dhiego lima,1020.0766056872245
juan puig,984.8023461129183
corey anderson,1080.4444206037558
matt van buren,984.0
jesse ronson,968.6353166394706
guto inocente,969.3056789109338
patrick walsh,1016.0
daniel spohn,984.0
sarah moras,1029.9218492642765
alexis dufresne,968.736306793522
josh samman,1033.4339974773745
raquel pennington,1003.219449076078
ashlee evans-smith,1001.4706036619809
robbie lawler,1016.3392964634334
gilbert melendez,954.193346387743
sergio pettis,1045.0289965828724
matt hobar,984.0
clay collard,999.263693206478
alex white,1012.4665150038634
justin jones,969.4387739660466
todd duffee,1016.0
anthony hamilton,968.736306793522
yaotzin meza,1001.4387739660466
bobby voelker,983.263693206478
patrick cummins,1029.2502447238403
roger narvaez,984.0
sam alvey,973.2951780086685
chris clements,1016.0
vik grujic,968.736306793522
daniel kelly,999.9218375778588
jake matthews,1018.5727779795201
walt harris,965.5511757697444
louis smolka,987.93446867343
robert whittaker,1035.6073491316104
luke rockhold,984.3919119214788
claudio silva,1045.8278203282016
bradley scott,984.03228454216
neil seery,955.6997958927876
jimi manuwa,975.0915654104632
luke barnatt,1016.0
mats nilsson,968.6731713902526
danny mitchell,984.7701398146427
diego rivas,1014.5612260339533
rodolfo rubio,984.0
colby covington,1035.5419262748287
wagner silva,984.0
trevor smith,973.8699967685207
warlley alves,1076.8494636353612
alan jouban,972.107749621746
leon edwards,1061.2258948884353
jorge de oliveira,983.263693206478
thomas almeida,1047.3252457879375
tim gorman,984.0
juliana lima,1016.6022159812175
nina ansaroff,988.8796566781498
anthony lapsley,984.736306793522
zak cummings,999.1819724587626
kyoji horiguchi,1044.4525038320687
darrell montague,968.0646430216967
johnny eduardo,955.4008431667667
ruan potts,985.3470707027627
erik koch,985.3426437336715
beneil dariush,1042.774298738942
jared rosholt,1013.838210727626
daniel omielanczuk,942.7083140678589
jim alers,1016.0
alan omer,984.0
aisling daly,1016.0
alex chambers,986.1721796717983
heather jo clark,983.2976013366472
bec rawlings,970.0981182471427
angela hill,965.0529414418996
emily peters kagan,967.9338759867627
carla esparza,986.5971792580771
rose namajunas,999.47606628068
felice herrig,992.0512665173253
lisa ellis,968.0
tecia torres,1044.5710843495262
angela magana,953.4387739660466
yancy medeiros,1061.8208206143322
jessica penne,996.6898866356984
randa markos,940.3292869676428
iuri alcantara,1028.2659575020648
vitor miranda,1031.8048135848853
reginaldo vieira,998.4649571105302
dileno lopes,968.736306793522
guido cannetti,1012.7073212146408
hugo viana,984.0
claudia gadelha,998.077425470906
jessica aguilar,984.0
glaico franca,1016.0
fernando bruno,966.6615194183718
daniel cormier,1070.4401632958488
jared cannonier,1034.7803977352628
marion reneau,1012.4948650234664
cody garbrandt,1003.9851989880196
nate marquardt,971.3587580990031
ruslan magomedov,1016.7699287648213
yair rodriguez,1047.8442724152005
dan hooker,1077.2126596226826
viktor pesta,968.8605369895284
islam makhachev,1055.8630099300105
julianna pena,1045.3482302560058
jessica eye,944.3294279447932
sage northcutt,1059.729526119354
francisco trevino,984.0
diego ferreira,1009.1661474561353
milana dudieva,984.736306793522
ron stallings,998.5935102933543
tim johnson,1031.934144531331
shamil abdurakhimov,972.8302719923349
lauren murphy,1030.5026041810786
paige vanzant,983.4894347465663
andrei arlovski,988.7593218785615
tiago trator,999.9661669788793
joaquim silva,1028.1358480488343
nazareno malegarie,984.0
joe riggs,1016.7040225341211
jose quinonez,1013.7059871521245
leonardo morales,984.0
jake collier,1010.5996672378797
ricardo abreu,984.0
chris wade,1000.0641286179499
christos giagos,996.0836041857647
brian ortega,1065.5596252346284
dan henderson,998.793041212118
anthony birchak,998.5612260339534
joe soto,975.1865010025708
jimmie rivera,1014.5936512308448
pedro munhoz,948.4963099048034
matheus nicolau,1060.266929876148
bruno korea,984.0
alex oliveira,995.4742452265153
gilbert burns,992.6122167444998
johnny case,1015.9365853327519
sara mcmann,986.076660866695
willie gates,985.2774038498953
ray borg,1000.2302730317996
geane herrera,1000.736306793522
jonathan wilson,984.0338330211207
chris dempsey,984.0
ovince saint preux,983.2422908476364
frankie saenz,1000.139670266794
sirwan kakai,984.0
scott holtzman,999.9302155052376
anthony christodoulou,984.0
marlon vera,1029.0030888386632
oluwale bamgbose,969.4064897066457
james vick,1016.398537604506
ben nguyen,994.970360054937
alptekin ozkilic,984.0
sean o'connell,1004.3758078319106
kailin curran,982.6933300745062
jonavin webb,983.263693206478
brendan o'reilly,998.5612260339534
aljamain sterling,1074.978908386469
phillipe nover,970.1721796717983
andreas stahl,983.2975328274754
danny roberts,995.9682417627545
nathan coy,984.0
cody pfister,1000.7023986633528
maryna moroz,1041.736133680254
joanne calderwood,942.8723158160768
pawel pawlak,1016.0
sheldon westcott,1000.736306793522
stevie ray,1000.7989062095902
bartosz fabinski,999.263693206478
garreth mclellan,956.2498831792906
taylor lapilus,1060.9077251501722
rocky lee,984.0
mickael lebout,985.5006326860454
damian stasiak,1016.0630730326734
alexandra albu,1016.0
izabela badurek,984.0
henry briones,956.2221530563901
ryan hall,1029.29352919507
artem lobov,968.0
julian erosa,1020.8331340733482
marcin wrzosek,984.0
jason knight,954.8886688442575
joby sanchez,968.0338330211207
konstantin erokhin,984.0323466097632
chris gruetzemacher,985.3212077713122
abner lloveras,984.0
kamaru usman,1064.0937032325419
hayder hassan,984.0
maximo blanco,1016.0
mike de la torre,968.8007303670888
michelle waterson,983.375403619384
michael graves,1016.0
vicente luque,1074.5813140873
jerrod sanders,999.9591446657369
george sullivan,1016.0
dominic waters,968.8330779185405
magomed mustafaev,1015.9460394135457
jocelyn jones-lybarger,984.736306793522
marcio alexandre junior,983.3296897362337
brandon moreno,1016.8131667566564
curtis blaydes,1086.270491795518
cody east,984.0
elizeu zaleski dos santos,1041.7655704800563
keita nakamura,1000.736306793522
andre fili,999.9135196798499
hacran dias,984.0
tamdan mccrory,983.2963154695954
zak ottow,1029.7050298055258
joshua burkman,985.4387739660466
will brooks,984.8506140975686
ketlen vieira,1027.1559530283475
kelly faszholz,984.0
ion cutelaba,984.7858738481546
henrique da silva,1013.7605843186176
joachim christensen,984.0
drew dober,975.6716940977825
alex morono,1016.8696695658631
michinori tanaka,998.5612260339534
joe duffy,987.7619422547043
michael mcdonald,1016.0
masanori kanehara,984.0
tony sims,985.3036405021932
justine kish,1013.1574482106641
edgar garcia,983.263693206478
josh barnett,1016.032690484244
veronica macedo,999.2342488510648
nick hein,982.6858339439019
jack hermansson,1014.3304026894493
jessin ayari,999.263693206478
jimmy wallhead,968.736306793522
nicolas dalby,985.5019140259614
henry cejudo,1055.262600693808
jamie moyle,983.2062844301321
matt schnell,971.1806086963618
dong hyun ma,984.7388949078671
ryan benoit,984.7710807523655
elvis mutapcic,983.263693206478
devin clark,1007.4608771100644
josh stansbury,1000.736306793522
jessica andrade,1038.9541972290008
sean strickland,1070.978216078586
tom breese,1000.736306793522
polo reyes,1031.9969622132262
gian villante,944.1994327415947
miesha tate,1002.1088948182386
holly holm,992.7390201763716
teruto ishihara,982.2558146670729
douglas silva de andrade,1030.6201335087987
jason novelli,969.4724667690514
marcin held,986.7815368959924
enrique barzola,1032.064918315953
chris avila,984.0
martin bravo,983.0071279602679
claudio puelles,1002.9011198709304
marco beltran,983.3920082394175
max griffin,981.8758796024464
erick montano,984.0
alex nicholson,969.4431585306983
alexa grasso,1031.2901664733058
kj noons,983.263693206478
zach makovsky,973.9593422532365
misha cirkunov,998.6554620702562
mickey gall,969.5397894205194
mike jackson,1000.0339081301692
noad lahat,984.736306793522
damian grabowski,984.084524400125
david teymur,1042.551399803208
dominique steele,968.8288416730462
joe gigliotti,968.2238388777625
justin ledet,999.263693206478
chase sherman,999.3651193864582
marcin tybura,1054.635611464459
danielle taylor,969.4387739660466
horacio gutierrez,984.7701398146427
alvaro herrera,968.0338330211207
belal muhammad,1065.4014583800306
lukasz sajewski,968.0661178732219
mehdi baghdad,982.5695882244836
alberto mina,1000.6032559238424
eddie alvarez,1018.844901758311
karolina kowalkiewicz,979.4760230119521
germaine de randamie,1043.779591661049
anna elmose,984.0
josh emmett,1002.0754448780187
nikita krylov,1019.5576371236981
ulka sasaki,998.6010715045444
tatiana suarez,1078.5140356049565
amanda cooper,952.9129718196031
andrew holbrook,954.8425517893357
andrew sanchez,1028.1271827808994
khalil rountree jr.,1056.684912969982
joanna jedrzejczyk,971.838798346609
anton zafir,983.263693206478
dooho choi,1015.4693404903984
cory hendricks,983.263693206478
davey grant,1033.903515097743
mike perry,986.2876797168354
mirsad bektic,1000.2125344646843
marc diakiese,1026.2218594893927
enrique marin,985.4358728782763
cain velasquez,1016.0676726427585
kelvin gastelum,1032.4806882508146
cat zingano,971.5370896131064
frankie perez,984.7009835633143
saparbeg safarov,953.4711938123464
gerald meerschaert,990.5896168042698
randy brown,1041.2191559350636
brian camozzi,969.4695015289755
ashley yoder,986.0473426146355
jj aldrich,1015.2774070134062
francis ngannou,1046.4786845445174
ryan janes,1032.7127564375494
keith berish,984.0
shane burgos,1087.0394135081717
cristina stanciu,985.4358728782763
rob whiteford,984.736306793522
alejandro perez,1026.2682836745466
ian entwistle,984.0
filip pejic,984.0030448405485
bojan velickovic,999.263693206478
alessio di chirico,983.9995501546312
cyril asker,968.9433622317491
damir hadzovic,956.7779125601617
cm punk,968.7023986633528
michael mcbride,984.8303608453472
jason gonzalez,984.7701398146427
emil meek,1016.0
jordan mein,967.2389917342789
viviane pereira,1015.2609218059819
valerie letourneau,984.0
matthew lopez,1002.3041161740068
lando vannata,985.052919417248
katlyn chookagian,985.6677954718232
shana dobson,1016.0
ariel beck,984.0
rachael ostovich,1000.0
karine gevorgyan,984.0
montana de la rosa,1039.2670306480125
christina marks,984.0
nicco montano,1016.0
roxanne modafferi,985.9582777183665
brett johns,998.001513177896
eric spicely,984.7013326875045
barb honchak,966.5965066478552
sean o'malley,1100.4486691175966
terrion ware,969.4695015289755
gillian robertson,1029.9352010388568
emily whitmire,1000.7335415228083
zabit magomedsharipov,1073.5383989300153
mike santiago,968.736306793522
talita bernardo,969.4064897066457
alexander volkov,1051.1888647273947
darren till,990.9270379299375
aleksandar rakic,1061.6896670341368
michel prazeres,1046.6586733726695
mads burnell,984.0
felipe silva,986.0982942088476
abdul-kerim edilov,1016.0
bojan mihajlovic,984.0
desmond green,1002.0563560221024
rob wilkinson,970.3758613608701
bryan barberena,1017.003341698782
thibault gouti,1015.2975328274754
justin gaethje,1021.186776534003
cortney casey,969.3710798945167
justin willis,1031.459470507285
allen crowder,984.0
drakkar klose,1022.7953724311938
dominick reyes,1021.9376833056119
jeremy kimball,984.0
luan chagas,1015.263693206478
paulo costa,1042.8813418106301
marlon moraes,1005.9207650227246
brian kelleher,987.0935110775133
ricardo ramos,1029.0402198572638
volkan oezdemir,1028.7729902586725
daniel jolly,983.263693206478
marcel fortuna,983.3636375228695
cynthia calvillo,1014.5348124565091
albert morales,999.263693206478
andre soukhamthath,971.5381705123432
mark godbeer,1029.8311840478673
daniel spitz,966.1112244249136
tyson pedro,983.9732986312554
paul craig,973.6382718265396
luke sanders,952.6812707683154
luis henrique,968.6733447906352
aleksei oleinik,1016.7780900623121
aiemann zahabi,1034.5750332868156
jordan rinaldi,1029.1025772272992
hector sandoval,986.6696113936873
humberto bandenay,999.9661669788793
niko price,984.9711469020344
joseph morales,983.2976013366472
roberto sanchez,968.0
nick roehrick,984.8036646590953
tom gallicchio,983.3018976871859
jesse taylor,1016.0339081301692
jordan johnson,1031.9338821267781
magomed bibulatov,984.7278455340974
mara romero borella,1013.1019065919555
kalindra faria,984.0
cody stamann,1008.166517711005
tom duquesnoy,984.0
poliana botelho,983.9663648461727
pearl gonzalez,969.4680243212025
irene aldana,1020.6878921000858
gregor gillespie,1029.1741318322047
jenel lausa,983.2649780992143
trevin giles,996.9403811725098
james bochnovic,968.0
valentina shevchenko,1073.9494775309759
kajan johnson,1017.3966896751338
arjan bhullar,1030.5583327202025
wilson reis,1019.0141695075173
rick glenn,1030.5641271217237
gavin tucker,1000.5983104551785
gabriel benitez,1030.5623785166042
darrell horcher,983.9660918698308
benito lopez,999.9323408595197
davi ramos,1016.5780814554836
alex perez,1028.1329235484404
carls john de tomas,984.0
merab dvalishvili,1036.043258386156
eryk anders,1031.3161405508677
markus perez,999.263693206478
luke jumeau,1013.2895782503683
chanmi jeon,983.2975328274754
vinc pichel,968.0057400623716
damien brown,968.7332683746193
ashkan mokhtarian,984.762920855562
alexander volkanovski,1094.2593986661589
roan carneiro,986.7176331702221
jeremy kennedy,999.2521217287191
michel quinones,986.0982942088476
karl roberson,999.0522409238267
darren stewart,1013.7271172538412
junior albini,952.8411024063075
sijara eubanks,1045.863152718153
julio arce,984.6670944335459
daniel teymur,1000.736306793522
nathaniel wood,1029.7932193127613
jose torres,1000.0
jarred brooks,1000.0
chance rencountre,986.3362802309437
sodiq yusuff,1032.3768119969395
suman mokhtarian,984.0
aleksei kunchenko,1000.7410383622866
kai kara-france,1042.3756040962094
elias garcia,984.0
jimmy crute,999.2591539716029
salim touahri,968.0495990584419
damir ismagulov,1000.7026105465841
alex gorgees,984.0
tai tuivasa,989.911244172479
deiveson figueiredo,1062.6480590549731
marcelo golm,984.7685976826457
priscila cachoeira,954.3180801780768
polyana viana,968.2134129906724
maia stevenson,984.0
cris cyborg,1016.0
yana kunitskaya,1002.3995072211386
alexander hernandez,982.1447326326427
mackenzie dern,1031.6428267253655
adam milstead,984.7685850457465
jack marshman,970.9216347400375
kurt holobaugh,969.3713211991718
marcos rogerio de lima,1000.2779710608055
adam wieczorek,984.0
israel adesanya,1109.2343754093897
sheymon moraes,1031.9661669788793
lyman good,1016.6119923878812
wuliji buren,968.6731533101358
kevin holland,991.7054009753616
renato moicano,1032.2810235263498
ricky simon,1017.864482658282
montel jackson,1000.8038911509923
matt sayles,985.4104337161732
weili zhang,1048.5751247144117
brad katona,1028.5684847615803
jay cucciniello,984.0
oskar piechota,969.2579731430131
julian marquez,968.3948940683667
bryce mitchell,1055.317675437536
tyler diamond,984.0
michael trizano,1027.0941065539816
joe giannetti,984.0
steven peterson,1013.1889508334301
matt bessette,984.0
john gunther,999.3293888922476
allan zuniga,984.0
luis pena,984.0
richie smullen,984.0
lina lansberg,999.2976013366472
aspen ladd,1013.9208524062911
tonya evinger,967.9660918698308
jalin turner,1029.0313968387593
kyle bochniak,969.4387739660466
calvin kattar,1003.6065787208814
mike rodriguez,956.7049408337562
gokhan saki,984.0339081301692
curtis millender,1001.4405278533293
lucie pudilova,968.0016227545624
abdul razak alhassan,999.9410064069316
brandon davis,985.4358728782763
charles byrd,952.7685850390999
geoff neal,1018.4685066542158
frank camacho,1000.7084703415065
craig white,985.7982896332562
kyle nelson,958.5081410903101
hakeem dawodu,996.4023017473277
megan anderson,987.8429652384668
chris de la rocha,1016.0
rashad coulter,984.0
dan ige,1030.2085657410037
daichi abe,984.7026720407171
mark de la rosa,1015.2298601853573
bobby moffett,1001.3447727393833
maycee barber,1043.9907821407653
hannah cifers,1000.7055066710757
thiago moises,972.3096837806789
devonte smith,995.8013793016031
eric shelton,1015.9660918698308
sultan aliev,986.1632457797655
ramazan emeev,984.0264374828607
sergey khandozhko,1002.0885349837956
rostem akman,967.9835751262268
darko stosic,969.3756152161129
makwan amirkhani,985.9753728053818
chris fishgold,984.0
bea malecki,1016.0
duda santana,984.0
joel alvarez,1033.4358728782763
danilo belluardo,984.0
sung bin jo,983.263693206478
taila santos,972.2116866959099
anthony hernandez,1000.736306793522
geraldo de freitas,999.263693206478
felipe colares,984.0651299758716
said nurmagomedov,1017.8023634880287
jairzinho rozenstruik,1053.8965543203226
rogerio bontorin,1014.6283306247815
livinha souza,999.263693206478
sarah frota,984.0
johnny walker,1019.0950915427704
macy chiasson,1029.7583761141948
gina mazany,984.0
ben askren,1001.8287865614878
edmen shahbazyan,1026.7772634892121
blagoy ivanov,1007.235812629308
cole williams,985.4358728782763
kennedy nzechukwu,1045.9416319628904
antonina shevchenko,1013.8926951181631
nasrat haqparast,1059.2405833809964
jordan espinosa,966.220421190531
miranda granger,999.263693206478
hannah goldy,984.0
vince morales,1045.3381877934764
serghei spivac,1037.3212005015541
kyle prepolec,984.7308483625105
marc-andre barriault,1001.2949904934325
cole smith,999.2313433034569
juan adams,968.6699844349165
yorgan de castro,967.3636375228695
justin tafa,1032.0294330057454
brad riddell,983.5359370371432
jamie mullarkey,988.270983050116
khalid taha,984.0
bruno silva,989.5779906893923
ji yeon kim,999.263693206478
nadia kassem,970.1965245402773
callan potter,998.5639239228974
maki pitolo,969.5340002319443
zarah fairn,967.9723607450939
nohelin hernandez,984.6732820266511
song yadong,1031.305973750032
arnold allen,1030.6312176786832
julia avila,983.966427563059
pannie kianzad,1002.0447851155111
caludia gadelha,1014.5670758651945
ismail naurdiev,982.5719825606761
muslim salikhov,1031.51933448825
takashi sato,970.2742922088036
andrea lee,939.7259807835931
liana jojua,984.6716610290778
ottman azaitar,1013.7941916775025
teemu packalen,984.0
don madge,1016.0
fares ziam,1016.7009154875489
billy quarantillo,1033.3691001024813
jacob kilburn,984.0
joe solecki,999.0279765990257
mallory martin,999.263693206478
virna jandiroba,988.7936697444018
makhmud muradov,1015.5111352703393
petr yan,1007.9087183878148
yan xiaonan,1047.7236379872054
bevon lewis,969.492043579758
grigorii popov,967.9322587979784
jonathan martinez,1014.559794031874
shane young,981.7642650601878
austin arnett,984.0
marcos mariano,983.2343948958459
raulian paiva,975.4605820492148
dan moret,983.8294283499866
maurice greene,999.2298601853573
jeff hughes,984.0
grant dawson,1057.2168596110405
roman kopylov,1017.3958885419137
khadis ibragimov,985.2959242410024
david zawada,1000.5987057591944
abubakar nurmagomedov,970.1042868659799
alekander volkov,1016.0
greg hardy,967.9587350346487
zelim imadaev,968.7039568765042
shamil gamzatov,1016.0
klidson abreu,984.0
magomed ankalaev,1031.007121350943
dalcha lungiambula,940.8716750784167
jessica-rose clark,966.6021513960845
roosevelt roberts,983.2990224990048
rocco martin,1016.7731037320472
luiz garagorri,1016.7701398146427
vincente luque,1016.8872110916278
alex da silva,1000.0242764864967
kazula vargas,984.0
chris gutierrez,1044.874879076086
rodolfo vieira,1043.02666307244
marina rodriguez,1011.6047660954492
ciryl gane,1081.7554853893735
raphael pessoa nunes,984.0
laureano staropoli,982.7044242286512
luana carolina,1058.3731980180676
viviane araujo,999.9191875161944
ryan spann,1058.9769585439665
raoni barcelos,1031.2314818042216
carlos huachin,984.0
andre ewell,1003.4788757126131
kron gracie,954.2321256791079
miguel baeza,982.6246084515064
hector aldana,984.0
marvin vettori,1019.6623802189804
amanda ribas,1048.4852819427945
mike davis,1031.263693206478
thomas gifford,984.0
lauren mueller,984.8331936368504
matt frevola,1016.708519479122
jennifer maia,1028.6874439442443
jamall emmers,1014.5950719527063
vince cachero,984.0
nate maness,1015.1329384241297
johnny munoz,968.7011208044569
carlos felipe,1034.0111603127996
loma lookboonmee,1060.438932253947
jinh yu frey,953.4344162644294
dusko todorovic,996.5266496288575
dequan townsend,984.0
nassourdine imavov,1078.5254526036979
jordan williams,968.736306793522
casey kenney,984.1467361831908
heili alateng,984.0
luigi vendramini,983.2314149609001
kyler phillips,1073.3624863999387
cameron else,984.0
augusto sakai,940.7048888200576
alonzo menifield,978.7817340669503
michel pereira,1058.3844218164106
andre muniz,1063.213810598211
hunter azure,1000.7009121948952
ray rodriguez,984.0986617207819
ilia topuria,1064.4244431876289
damon jackson,1013.5618332117089
jordan leavitt,999.2054368902604
jamahal hill,1029.4289462902584
justin jaynes,968.6701703743672
roman dolidze,1046.7343014486603
john allan,968.736306793522
felicia spencer,987.8994895008163
herbert burns,1017.9827093946906
ian heinisch,1017.1349536092711
chase hooper,1019.0286349986493
cory sandhagen,1021.1639203652007
danaa batgerel,1016.736306793522
giga chikadze,1061.3769461998634
deron winn,984.3477144348832
mark madsen,999.2638930898956
austin hubbard,967.873009205286
gustavo lopez,1016.7024671725246
ramiz brahimaj,981.9680628807729
tanner boser,984.0050824499068
eduardo garagorri,986.2235380313459
jamey simmons,968.734673623596
alexandr romanov,1044.34612516672
kalinn williams,1018.1588114973664
mario bautista,1049.6482347952658
miles johns,983.9661669788793
journey newson,1031.263693206478
domingo pilarte,984.0
youssef zalel,1016.0
austin lingo,984.0
alex munoz,984.8022782248479
youssef zalal,1003.452762537962
peter barrett,968.0210926758554
wellington turman,953.9683076650315
julija stoliarenko,956.949280430264
joaquin buckley,1026.7372072993817
irwin rivera,1016.0
ali qaisi,984.0
chris daukaus,987.1136840195348
rodrigo nascimento,971.8538293101636
dricus du plessis,1093.942097163995
tracy cortez,1032.0
stephanie egger,983.9368646158463
omar morales,985.4679565897214
tom aspinall,1046.5565237266042
alan baudot,984.0
impa kasanganay,1000.0021710641946
tony kelley,1031.263693206478
ali alqaisi,984.0
tagir ulanbekov,1013.1507270836474
kb bhullar,968.0338330211207
karol rosa,1060.4311756808402
vanessa melo,984.0
jiri prochazka,1034.5120299685377
maxim grishin,985.9187414940301
danny henry,983.3279815151778
roman bogatov,986.8473255832745
martin day,983.9661634715999
zhalgas zhamagulov,982.6298163052015
brok weaver,984.0998357837362
khama worthy,984.736306793522
roque martinez,984.7701398146427
sabina mazo,984.5736444515246
anthony ivy,983.3361601113077
kevin croom,1016.7363785521969
sam hughes,1004.9810844445705
rafael fiziev,1065.8214671158887
andreas michailidis,982.5966921238024
luana pinheiro,1012.5250426154255
tj brown,1031.263693206478
kai kamaka,984.0
mike breeden,970.0735803478966
shanna young,967.2976013366472
gaetano pirrello,984.7698731167145
casey o'neill,1031.9896375224903
jared gordon,1017.4664147328622
charles jourdain,1002.2183816874084
molly mccann,1002.1637828476211
jack shore,997.2819173115511
liudvik sholinian,968.001558063199
paddy pimblett,1032.7699906231258
modestas bukauskas,987.5996515701497
darian weeks,955.5976013962962
chris curtis,1012.048561169684
brendan allen,1049.1687613914805
manel kape,1031.2959714659908
zhalgas zhumagulov,984.7023986633528
william knight,981.3019402982718
cheyanne vlismas,1016.736306793522
ariane lipski,985.3050616465372
manon fiorot,1032.6727906948802
tabatha ricci,1004.7967152993672
gregory rodrigues,1033.7557247568184
sean woodson,1046.9574088781117
kamuela kirk,983.2982778174714
seungwoo choi,983.1659467409105
lara procopio,1016.7701398146427
alexandre pantoja,1063.0478553999938
danilo marques,998.0095611633284
amanda lemos,1034.952689055198
askar askarov,1019.0533455177845
trevin jones,969.4986404536625
uros medic,1016.0
aalon cruz,984.0
carlos ulberg,1046.816123073769
sean brady,1048.2652628279588
michael chandler,993.2415401620369
ode osbourne,998.562784138614
cj vergara,970.1397545419428
alex pereira,1067.6878335875695
melsik baghdasaryan,1000.0323497647142
bruno souza,984.0
chris barnett,1030.69193930872
ian garry,1044.4344146269602
zhang weili,1018.5082654082124
phil hawes,985.3725163550666
dustin jacoby,1028.5860876895263
melissa gatto,984.0
victoria leonardo,984.0
drako rodriguez,985.412432183915
anderson dos santos,983.263693206478
ludovit klein,1046.851212596141
kyle daukaus,968.1852906912641
junyong park,1032.3649344444605
tafon nchukwi,953.406703942767
carlston harris,1031.2619394857838
christian aguilera,984.0
mariya agapova,1002.1344459055967
loopy godinez,1042.9478157564909
silvana gomez juarez,983.6397641128092
jared vanderaa,940.4837691602128
steve garcia,1044.5527697370926
charlie ontiveros,984.0
jared gooden,969.5006882263185
daniel rodriguez,1031.831316070637
mateusz gamrot,1050.4342425440198
jarjis danho,1015.197588511084
sasha palatnikov,983.2283354285905
luis saldana,1016.0
jordan griffin,984.0
nina nunes,984.4968551642671
ignacio bahamondes,1002.3763758383368
da-un jung,1016.6693731256131
jerome rivera,983.263693206478
kris moutinho,972.0648503584287
darrick minner,969.3482126361478
jordan wright,982.5641271217237
erin blanchfield,1061.7568132175018
miranda maverick,999.2593249545013
randy costa,969.4049280472937
movsar evloev,1066.5240950142497
terrance mckinney,1010.5526511119591
chelsea chandler,997.9003798289739
viacheslav borshchev,969.6184273961618
don shainis,967.9970971595737
daniel santos,1014.599725137643
john castaneda,1015.8954951596079
gabe green,984.7024671725246
william gomis,1031.263693206478
jarno errens,968.166675239963
cristian quinonez,1016.0
abus magomedov,984.8519780238395
dustin stoltzfus,999.3265378186782
michal figlak,984.0338365304303
benoit saint denis,1059.6166433644296
gabriel miranda,1001.4695015289755
ailin perez,1000.7025262344863
francis marshall,999.263693206478
marcelo rojo,970.1993528763096
sergei pavlovich,1000.7432758532149
yazmin jauregui,998.4191826590966
istela nunes,984.0
emily ducote,980.7006923348555
jonathan pearce,1001.2460767940029
natan levy,1016.0
genaro valdez,984.0
phil rowe,1014.5103270072076
zarrukh adashev,983.9645338089533
karine silva,1031.2621440920666
jeff molina,1016.0339081301692
rinat fakhretdinov,1032.1737385197157
tony gravely,999.2652514289807
niklas stolze,984.736306793522
lucas almeida,1018.1300887187269
dan argueta,954.1199561181489
askar mozharov,982.8202041575116
bryan battle,1047.8526482901063
tresean gore,986.1721796717983
malcolm gordon,1016.0
denys bondar,984.0
chidi njokuani,1030.5604341267576
jailton almeida,1047.8643410364134
nick maximov,1016.0
punahele soriano,985.4740043937198
jason witt,984.7680779468521
shavkat rakhmonov,1048.782045232271
nicolae negumereanu,1000.6689386457613
michal oleksiejczuk,957.3723015992371
umar nurmagomedov,1047.6840904330952
shayilan nuerdanbieke,998.5555085172126
jake hadley,984.0338330211207
carlos candelario,984.0
tamires vidal,1016.0
ramona pascual,968.736306793522
mayra bueno silva,1016.7685818980626
erick gonzalez,984.7701398146427
juliana miller,999.9998596412948
brogan walker,984.0
cory mckenna,999.9661669788793
mohammed usman,1016.0
zac pauga,968.0283813704968
andre fialho,998.5156789025928
cameron vancamp,984.0
brandon royval,1034.1222386505524
ariane carnelossi,984.736306793522
fernie garcia,969.4387739660466
khaos williams,1001.9596893698962
kleydson rodrigues,984.0675878220532
norma dumont,1020.9211056597369
mike malott,1047.8392087328318
josh fremd,1014.5964146362686
piera rodriguez,1016.0
kay hansen,984.0
khamzat chimaev,1033.2383229601267
cody brundage,1043.166588491662
ricky turcios,967.364541885005
david onama,1016.0
garrett armfield,968.736306793522
caio borralho,1045.270537266619
armen petrosyan,970.0649651811827
saidyokub kakhramonov,1016.0
ronnie lawrence,1000.736306793522
denis tiuliulin,983.2283057342675
jamie pickett,940.3151825853575
alatengheili,1016.0
chad anheliger,968.736306793522
danyelle wolf,983.3327132911035
anton turkalj,956.2869576976638
yohan lainesse,1014.6323855686924
elise reed,1013.806208011664
melissa martinez,984.0
cameron saaiman,1045.0960454347482
steven koslow,984.0
raul rosas jr.,1014.4967807384876
jay perrin,984.0
erik silva,984.736306793522
joselyne edwards,981.8926079296363
jacob malkoun,1001.5382198307412
batgerel danaa,984.7645052639919
jack della maddalena,1048.0389604048237
josh culibao,1032.6701174078103
liang na,983.263693206478
maheshate,1016.736306793522
fabio cherant,983.296042526193
aj dobson,998.6319267778636
mana martinez,968.7668102976842
sergey morozov,984.7053051525946
jeremiah wells,981.6253743147294
blood diamond,968.736306793522
azamat murzakanov,1030.9595494729897
matthew semelsberger,999.8690985731924
aj fletcher,984.0
javid basharat,999.5189252726975
andre petroski,1029.8522834586531
nursulton ruziboev,999.745961903054
brunno ferreira,1001.50758165906
elves brener,1012.4575632600952
guram kutateladze,1000.736306793522
joanderson brito,1031.8687880755244
westin wilson,984.0
ismael bonfim,1001.3668338939726
yana santos,1002.8036523707256
michael morales,1015.6728185779529
ariane da silva,1016.7672040043553
ivana petrovic,969.3700071669965
jacqueline cavalcanti,1015.2268998553008
nora cornolle,1031.9338821267781
caolan loughran,985.4023736484061
farid basharat,1031.2653263764041
bogdan guskov,1000.5879129056727
morgan charriere,1000.0
manolo zecchini,984.0
ange loosa,1016.0
rhys mckee,984.0
yanis ghemmouri,984.736306793522
arman tsarukyan,1019.4821725782556
rodolfo bellato,1016.0
ihor potieria,972.9041740419642
zachary reese,1001.264294258402
veronica hardy,1032.7369673544845
jamey-lyn horth,1000.0661364824998
king green,1004.9696991129962
muin gafurov,984.0354661910467
don'tale mayes,982.1546377772175
philipe lins,1031.354245031632
amir albazi,1001.9211054601898
da'mon blackshear,1032.361953049746
luan lacerda,984.0
victor altamirano,982.5245080191779
ketlen souza,984.736232176256
jesse butler,970.0508188924535
muhammad naimov,1016.1206957426225
tatsuro taira,1028.4935933139627
jesus aguilar,1000.736306793522
anshul jubli,1016.0
jeka saragih,984.0
da woon jung,970.7918242510899
hyunsung park,1030.4968829087939
seungguk choi,984.0
rinya nakamura,1016.0
toshiomi kazama,1000.736306793522
adam fugitt,1000.001872298536
yusaku kinoshita,984.0
jeongyeong lee,1031.2014573475865
yizha,968.736306793522
ian machado garry,1000.8094255983269
song kenan,969.4695015289755
bo nickal,1030.5612260339533
loik radzhabov,1031.263693206478
esteban ribovics,1017.981537633592
vitor petrino,1038.0168210044276
kaue fernandes,1001.2069310736458
kaynan kruschewsky,984.736306793522
denise gomes,1030.9317206732237
eduarda moura,999.2242438156457
montserrat conejo ruiz,967.9388988184755
gabriel bonfim,982.5320493634229
dennis buzukja,969.4049280472937
aleksa camur,982.4604589832359
cody durden,1014.6087060940137
asu almabayev,1031.9677870735122
diego lopes,1017.4854127400124
rolando bedoya,968.090062819513
claudio ribeiro,999.263693206478
joseph holmes,984.0
parker porter,1000.0014208736515
braxton smith,984.0
ikram aliskerov,1016.06625761098
mateus mendonca,983.9581428408901
ricky glenn,982.7679906200162
bill algeo,1015.8668791696216
joe pyfer,1015.3948252531181
vanessa demopoulos,999.2055389875028
kanako murata,984.0
aoriqileng,997.9574899726343
diana belbita,983.781753210372
jaqueline amorim,1015.5287604455369
christian rodriguez,1016.736306793522
trey ogden,982.5116524226851
michelle waterson-gomez,984.6399839721919
adrian yanez,983.9299745568858
terrence mitchell,985.4008374740455
edgar chairez,984.736306793522
marcin prachnio,1002.5661831998398
val woodburn,984.7024671725246
shannon ross,952.7330554967517
charles radtke,1029.2883496374716
kevin jousset,1030.5304984710244
kiefer crosbie,984.0
landon quinones,970.0785907861668
felipe dos santos,970.1736634105954
chepe mariscal,1047.8823001130288
jack jenkins,999.9998598658417
austen lane,984.0014894660997
melquizael costa,984.7363690417043
luana santos,1031.997092508149
sumudaerji,983.325480088772
carlos hernandez,985.4358728782763
talita alencar,999.263693206478
rayanne dos santos,968.736306793522
jasmine jasudavicius,1033.5093635544438
maria oliveira,983.250964205599
nate landwehr,968.6599233589292
blake bilder,983.4439902090064
steve erceg,1029.2381661087948
david dvorak,984.0
francisco prado,983.4439711693125
tyson nam,982.7273061987597
victor henry,999.2674783435466
sedriques dumas,1000.0015544510899
karl williams,999.263693206478
lukasz brzeski,986.1423771958055
pat sabatini,1001.6676135926062
alessandro costa,1000.7023986633528
mateusz rebecki,998.8673096771522
joshua van,1032.7047546187075
kevin borjas,968.0339081301692
jose johnson,983.9983667215495
martin buday,1016.0
josh parisian,968.736306793522
marcus mcghee,1016.0
jp buys,984.0
iasmin lucindo,1046.8449693381995
isaac dulgarian,1031.9661669788793
bassil hafez,1015.3023995478095
andre lima,1030.5641981445347
mitch raposo,984.0
cesar almeida,1015.4552905742368
bekzat almakhan,984.7431691877091
christian leroy duncan,1016.736306793522
shamil gaziev,1002.4162509576772
aj cunningham,984.8196678296489
muhammad mokaev,1018.1174141500618
abdul-kareem al-selwady,984.736306793522
vinicius oliveira,1016.0
benardo sopaj,984.0
cody gibson,1015.263693206478
serhiy sidey,1015.263693206478
brendson ribeiro,1016.0
caio machado,984.0
natalia silva,1034.6028157692986
themba gorimbo,1017.992053528303
pete rodriguez,984.0
marquel mederos,1015.328360175049
charles johnson,1031.2298601853572
azat maksum,984.0
gilbert urbina,984.7024671725246
jamal pogues,1016.0
thomas petersen,984.0
viktoriia dudakova,983.4682689520458
jai herbert,1015.2325681011112
jordan vucenic,983.263693206478
mohammad yahya,983.2863636234385
shara magomedov,1015.3212892929333
mauricio ruffy,1016.2061690625146
myktybek orolbai,1017.3702570681064
dione barbosa,1016.0
ernesta kareckaite,984.0
tecia pennington,998.8092137167913
kayla harrison,1018.071097417421
charlie campbell,1016.0
trevor peek,968.736306793522
victor hugo,1016.0
pedro falcao,984.0
jean matsumoto,1015.2610573318395
melissa mullins,1001.4695686090607
valter walker,983.263693206478
dylan budka,969.4120068045854
chris padilla,1016.0
rongzhu,984.0
nathan fletcher,1016.0
zygimantas ramaska,984.0
yanal ashmouz,1015.263693206478
brendon marotte,984.7701398146427
gabriel santos,1015.263693206478
kai asakura,986.2553790218524
puja tomar,1015.263693206478
carlos prates,1049.3957886578694
daniel marcos,1017.534787834875
michael page,1016.371906766891
robelis despaigne,998.5612260339534
joanne wood,1018.7580446446258
katlyn cerminara,985.3478936627382
reinier de ridder,1016.31806876774
antonio trocoli,982.5641271217237
klaudia sygula,983.2990164366857
zachary scroggin,985.2412092871893
mansur abdul-malik,1016.6044203618437
gaston bolanos,1016.0
cortavious romious,984.0
bolaji oki,1016.0
timmy cuamba,984.0
hyder amil,1015.2975328274754
darrius flowers,981.7525398434776
bruna brasil,986.1319138349006
robert bryczek,981.931754335357
danny barlow,1016.0
nikolay veretennikov,984.0
stephanie luciano,1016.736306793522
charalampos grigoriou,983.263693206478
quang le,985.3902458178444
jhonata diniz,1016.736306793522
trey waters,1016.0
billy ray goff,984.0
waldo cortes-acosta,1016.7024671725246
rafa garcia,985.9790590139555
clayton carpenter,1016.0
lucas rocha,984.0
ramazan temirov,1015.3313074158569
junior tafa,1016.0
sean sharaf,984.0
julia polastri,1016.7701398146427
cody haddon,1014.5616273508393
