FIGHTER,ELO,FPI,Elo_normalized,FPI_normalized,ILO
jon jones,1233.745055,7.065782806,1,1,1
charles oliveira,1168.005424,5.817112181,0.794638208,0.813711806,0.804175007
darren elkins,1086.314785,4.410640425,0.539447605,0.603881385,0.571664495
matt brown,1024.550171,4.331049718,0.346503232,0.592007309,0.469255271
clay guida,977.4738624,4.65138988,0.199443157,0.639798608,0.419620882
nate diaz,1036.401354,5.288071677,0.383524738,0.734784667,0.559154703
jim miller,1068.900315,4.899269317,0.485047135,0.676779547,0.580913341
demian maia,1078.185139,5.271798927,0.51405168,0.732356948,0.623204314
michael johnson,998.7020805,3.409697335,0.265757264,0.454551468,0.360154366
brad tavares,1041.14088,3.569812618,0.398330382,0.478438942,0.438384662
court mcgee,981.0277946,3.994614205,0.210545164,0.541814758,0.376179961
rafael dos anjos,1062.41126,4.796140305,0.464776199,0.66139381,0.563085005
mauricio rua,994.5246603,5.321881961,0.252707563,0.739828797,0.49626818
jeremy stephens,976.3393385,3.305632308,0.195899056,0.439026088,0.317462572
alexander gustafsson,1024.95635,4.326769698,0.347772083,0.591368776,0.46957043
frankie edgar,1027.848214,5.396602692,0.356805876,0.750976324,0.5538911
carlos condit,996.2384063,4.029426611,0.258061076,0.547008394,0.402534735
john makdessi,1021.830952,3.194033678,0.338008758,0.422376775,0.380192767
edson barboza,1063.594468,4.375216547,0.468472381,0.598596524,0.533534453
ben rothwell,1019.148482,4.274529891,0.329629081,0.58357516,0.456602121
dustin poirier,1150.561087,5.758511798,0.740144439,0.804969261,0.77255685
dominick cruz,1060.055126,5.486193015,0.457415953,0.764342234,0.610879094
rani yahya,1065.453532,4.50074799,0.474279847,0.617324462,0.545802154
chris weidman,1041.676587,4.929122522,0.400003861,0.681233323,0.540618592
tj dillashaw,1108.814348,5.493413369,0.609733225,0.765419433,0.687576329
tony ferguson,1042.334386,5.12431815,0.402058735,0.710354406,0.556206571
eddie wineland,960.9755755,3.737196854,0.147904721,0.503410865,0.325657793
raphael assuncao,1061.644737,3.63849342,0.462381685,0.488685377,0.475533531
alex caceres,1046.342091,4.031782823,0.414578268,0.547359915,0.480969092
chan sung jung,1048.953354,3.983470126,0.422735505,0.540152182,0.481443844
ed herman,1016.52189,4.085603372,0.321423958,0.555389361,0.438406659
jose aldo,1077.629022,6.045072468,0.512314446,0.847721023,0.680017735
donald cerrone,1051.971572,5.650297042,0.432164013,0.788824786,0.610494399
stipe miocic,1127.578743,5.728313043,0.668350678,0.800463932,0.734407305
johnny eduardo,971.7269963,2.764251177,0.181490718,0.35825786,0.269874289
dustin jacoby,1013.411468,2.961937895,0.311707417,0.387750587,0.349729002
nick diaz,975.3077071,5.961109643,0.192676378,0.835194675,0.513935526
cub swanson,1056.963801,4.172670434,0.447759068,0.568378828,0.508068948
michael chiesa,1087.057984,3.995123047,0.54176926,0.541890672,0.541829966
al iaquinta,1045.11531,3.788590332,0.410745971,0.511078218,0.460912094
max holloway,1183.836658,6.17866966,0.844092862,0.867652284,0.855872573
daniel pineda,965.7732405,3.611004162,0.162891983,0.484584276,0.323738129
tim means,993.7880033,4.055880993,0.250406346,0.550955102,0.400680724
stephen thompson,1053.291109,3.981412673,0.436286069,0.539845232,0.48806565
tim elliott,1002.763383,3.536771597,0.278444229,0.473509578,0.375976903
glover teixeira,1113.444635,5.799070996,0.624197618,0.811020256,0.717608937
francisco trinaldo,1112.481678,4.020455027,0.621189472,0.54566993,0.583429701
gunnar nelson,1075.638854,3.461330701,0.506097427,0.462254609,0.484176018
robert whittaker,1143.74351,5.140948354,0.718847242,0.712835453,0.715841348
vinc pichel,1041.905723,3.498598057,0.400719652,0.467814497,0.434267074
derek brunson,1086.044704,5.329283417,0.538603909,0.740933014,0.639768462
bobby green,1026.834771,4.435650842,0.353640018,0.607612669,0.480626344
robbie lawler,1063.256897,4.50808525,0.467417854,0.618419102,0.542918478
neil magny,1089.992318,5.03971138,0.550935724,0.697731988,0.624333856
thiago santos,1048.585888,4.340006698,0.42158759,0.593343594,0.507465592
amanda nunes,1179.101872,6.218470046,0.829302023,0.873590072,0.851446048
jacare souza,1004.591249,5.41908443,0.284154238,0.754330357,0.519242298
miesha tate,1018.634651,3.984647773,0.328023942,0.540327874,0.434175908
kelvin gastelum,1059.223536,4.034667079,0.454818176,0.547790215,0.501304195
uriah hall,1047.821175,4.031458477,0.419198729,0.547311526,0.483255128
jorge masvidal,1056.419939,4.485625552,0.446060115,0.615068357,0.530564236
yancy medeiros,986.6952839,3.250809194,0.228249641,0.43084707,0.329548356
sara mcmann,1021.028877,4.267705193,0.335503181,0.582556989,0.459030085
ovince saint preux,1007.063247,4.434899847,0.291876425,0.607500629,0.449688527
gian villante,946.7576191,2.55156086,0.103489731,0.326526758,0.215008245
kurt holobaugh,962.6919921,2.440017117,0.153266576,0.309885634,0.231576105
michel prazeres,1073.512661,4.264389185,0.499455487,0.582062276,0.540758882
luke rockhold,1024.838182,5.265413638,0.34740294,0.731404332,0.539403636
ilir latifi,1034.499584,3.501361922,0.377583866,0.468226836,0.422905351
conor mcgregor,1124.743187,4.957820828,0.659492779,0.685514801,0.67250379
alexis davis,1017.794683,2.464058193,0.325399993,0.313472304,0.319436149
krzysztof jotko,1054.908095,3.506369631,0.441337315,0.468973932,0.455155624
bethe correia,979.0846128,3.220170021,0.204474925,0.426276036,0.31537548
jessica andrade,1093.454285,5.214042945,0.561750445,0.723740378,0.642745412
germaine de randamie,1074.070497,3.439292346,0.501198093,0.458966724,0.480082408
anthony smith,1022.116107,3.992935857,0.338899543,0.541564367,0.440231955
leonardo santos,1047.219019,3.604173361,0.417317674,0.483565194,0.450441434
zak cummings,1081.791352,3.264269079,0.525317006,0.43285514,0.479086073
kyung ho kang,1034.721277,2.632241342,0.378276405,0.338563416,0.35841991
nikita krylov,1069.788603,4.526417386,0.487822029,0.621154059,0.554488044
alan patrick,1010.547595,2.992660428,0.302761063,0.392334058,0.34754756
omari akhmedov,1061.492442,3.80672863,0.461905933,0.513784256,0.487845095
santiago ponzinibbio,1054.763629,4.056510368,0.440886024,0.551048998,0.495967511
jesse ronson,942.7475161,1.935636192,0.090962707,0.234637439,0.162800073
andre fili,1033.077312,3.482294269,0.373140878,0.465382148,0.419261513
drew dober,1040.913792,4.554990449,0.397620989,0.625416852,0.511518921
ryan benoit,957.1480579,1.616715367,0.135948069,0.18705789,0.16150298
julianna pena,1065.479365,4.049316268,0.474360546,0.549975716,0.512168131
walt harris,977.6083836,3.203156889,0.199863383,0.42373786,0.311800622
raquel pennington,1088.487956,3.777437945,0.546236299,0.509414402,0.52782535
roxanne modafferi,954.8987833,3.426063356,0.128921636,0.456993102,0.292957369
davey grant,1023.325789,3.797682499,0.342678428,0.512434671,0.427556549
kevin lee,1044.887042,4.789051807,0.410032892,0.660336283,0.535184587
beneil dariush,1125.524637,4.884745971,0.661933925,0.67461282,0.668273372
louis smolka,979.2786232,3.759352063,0.205080988,0.506716183,0.355898585
zubaira tukhugov,1029.840585,2.485259768,0.363029778,0.31663535,0.339832564
douglas silva de andrade,1021.270521,2.49951462,0.336258046,0.31876202,0.327510033
pedro munhoz,1012.296799,4.180697113,0.308225341,0.569576322,0.438900831
jessica eye,949.2448551,3.046668537,0.111259523,0.400391485,0.255825504
aljamain sterling,1154.547409,5.45794168,0.752597174,0.76012744,0.756362307
cody gibson,976.3586932,3.025641694,0.195959518,0.397254507,0.296607012
sean strickland,1131.232571,4.703913764,0.679764744,0.647634605,0.663699675
sean soriano,925.2828081,1.428999277,0.036405301,0.159052674,0.097728987
charles rosa,960.9437078,2.628798285,0.14780517,0.338049749,0.24292746
jan blachowicz,1081.972283,4.187299666,0.52588221,0.570561351,0.548221781
li jingliang,1039.234056,4.415328235,0.392373719,0.604580755,0.498477237
derrick lewis,1090.013215,4.432042083,0.551001006,0.607074281,0.579037644
chas skelly,1054.694264,2.928599722,0.440669337,0.382776891,0.411723114
rob font,1071.766672,4.447615197,0.494001252,0.609397622,0.551699437
aaron phillips,938.9309863,0.697829526,0.07904038,0.04997003,0.064505205
warlley alves,988.2365563,3.64119031,0.233064369,0.489087724,0.361076047
marcos rogerio de lima,1054.903522,3.235976245,0.44132303,0.428634154,0.434978592
dhiego lima,971.4928449,2.863223497,0.18075926,0.373023463,0.276891362
ashlee evans-smith,953.9018272,2.14855847,0.12580728,0.266403147,0.196105213
andrei arlovski,992.0000783,4.957993856,0.244821107,0.685540615,0.465180861
dan hooker,1099.827892,4.330119376,0.58166074,0.591868512,0.586764626
diego ferreira,1088.556495,4.64870575,0.546450407,0.639398164,0.592924286
aleksei oleinik,1014.345797,3.501734628,0.314626136,0.46828244,0.391454288
jake matthews,1073.854586,3.844256046,0.500523615,0.519382942,0.509953279
sam alvey,941.5476791,3.050767167,0.087214577,0.401002957,0.244108767
gilbert burns,1094.087397,4.676689842,0.563728203,0.643573089,0.603650646
joanna jedrzejczyk,1054.901382,4.551138592,0.441316346,0.624842196,0.533079271
claudio silva,1022.370046,3.949135828,0.339692815,0.535029875,0.437361345
leon edwards,1181.37171,4.581218089,0.836392695,0.629329733,0.732861214
colby covington,1138.779485,5.139171368,0.703340293,0.712570346,0.707955319
lauren murphy,1043.226142,3.777058454,0.404844462,0.509357786,0.457101124
damon jackson,1005.911848,3.757862178,0.28827961,0.506493908,0.397386759
christos giagos,974.0084315,2.935991021,0.188617615,0.383879593,0.286248604
alejandro perez,1045.013672,3.309683011,0.410428465,0.439630409,0.425029437
guido cannetti,978.2507012,2.359989141,0.201869897,0.297946323,0.24990811
marlon vera,1073.10576,4.530693259,0.498184382,0.621791973,0.559988178
yair rodriguez,1104.78681,4.345828975,0.597151734,0.594212215,0.595681974
gabriel benitez,976.1012149,2.972585327,0.19515519,0.389339069,0.29224713
dooho choi,1033.404334,3.445907648,0.37416245,0.459953656,0.417058053
felice herrig,989.3689877,3.095640542,0.236601933,0.40769758,0.322149757
carla esparza,1048.717068,3.931391953,0.421997378,0.53238268,0.477190029
rose namajunas,1071.650259,4.422768586,0.493637592,0.605690775,0.549664184
angela hill,994.4033993,3.460585387,0.25232876,0.462143416,0.357236088
tecia torres,1029.196367,3.152024981,0.361017328,0.416109531,0.388563429
jessica penne,957.6189332,3.206800936,0.13741902,0.424281513,0.280850266
randa markos,964.0178771,2.516160327,0.157408463,0.32124538,0.239326922
henry cejudo,1103.928953,4.665557465,0.594471904,0.641912258,0.618192081
bryan barberena,991.741141,3.597161969,0.244012222,0.48251917,0.363265696
jake collier,941.7806959,3.003680779,0.08794249,0.393978175,0.240960333
renato moicano,1108.818623,4.120884074,0.609746577,0.560652861,0.585199719
makwan amirkhani,993.2207513,3.58195704,0.248634326,0.480250759,0.364442542
marion reneau,964.1820416,3.076273929,0.157921291,0.404808291,0.281364791
holly holm,1022.873138,2.408092701,0.341264408,0.305122856,0.323193632
cody garbrandt,1050.224385,3.866298292,0.426706035,0.522671407,0.474688721
jared cannonier,1054.600903,3.884310271,0.440377691,0.525358601,0.482868146
islam makhachev,1198.898307,5.528913825,0.891143432,0.770715719,0.830929575
alex oliveira,1000.394697,3.82913373,0.271044772,0.517126856,0.394085814
shamil abdurakhimov,988.2081514,3.235008278,0.232975636,0.428489744,0.33073269
joaquim silva,1012.146604,3.011560785,0.307756152,0.395153787,0.35145497
darren till,1027.56492,2.982178734,0.355920904,0.390770302,0.373345603
nicolas dalby,1041.806364,2.890254106,0.400409265,0.377056139,0.388732702
elizeu zaleski dos santos,1095.310393,3.505012835,0.567548677,0.468771513,0.518160095
brian ortega,1055.947715,4.70618982,0.44458495,0.647974168,0.546279559
arnold allen,1124.953147,4.168548825,0.660148666,0.567763928,0.613956297
taylor lapilus,1057.408929,2.401047946,0.449149587,0.304071854,0.376610721
matheus nicolau,1036.058523,3.409021175,0.382453781,0.454450592,0.418452187
cortney casey,964.7130635,2.74097276,0.159580132,0.354784971,0.257182552
scott holtzman,1013.410373,3.396356277,0.311703996,0.452561126,0.382132561
maryna moroz,1006.991724,3.250869995,0.291652999,0.430856141,0.36125457
misha cirkunov,981.3696847,4.875648261,0.211613183,0.67325554,0.442434362
danny roberts,996.828392,3.20291592,0.259904112,0.42370191,0.341803011
julian erosa,1029.955677,4.299811924,0.363389309,0.587346967,0.475368138
ryan hall,1056.552593,2.491812793,0.446474507,0.317612991,0.382043749
chris gruetzemacher,988.5870355,2.410229145,0.234159219,0.30544159,0.269800405
vicente luque,1110.839313,4.887370745,0.616058944,0.675004408,0.645531676
kamaru usman,1134.128399,6.142934376,0.688810923,0.862320965,0.775565944
michelle waterson,1018.449428,3.738131046,0.32744533,0.503550236,0.415497783
karolina kowalkiewicz,1003.8602,3.191472219,0.281870538,0.421994633,0.351932586
francis ngannou,1153.254684,4.865080123,0.748558876,0.671678888,0.710118882
valentina shevchenko,1171.060516,5.051807678,0.804181907,0.699536626,0.751859266
curtis blaydes,1105.614081,5.511380054,0.59973602,0.768099869,0.683917944
ketlen vieira,1053.347745,2.933631173,0.436462992,0.383527529,0.409995261
ion cutelaba,985.9670736,3.121310737,0.22597481,0.411527297,0.318751053
brandon moreno,1089.506229,4.639190444,0.549417249,0.637978583,0.593697916
luke sanders,974.0556441,3.17788222,0.188765101,0.419967152,0.304366127
randy brown,1099.397861,4.207159664,0.580317379,0.573524249,0.576920814
alex morono,1049.464697,3.528002639,0.424332871,0.472201344,0.448267107
jack hermansson,1077.774661,4.474425408,0.512769403,0.613397416,0.56308341
matt schnell,977.7202146,3.320968447,0.200212728,0.441314074,0.320763401
devin clark,980.1610168,2.991024509,0.207837467,0.392089996,0.299963732
max griffin,1013.913953,3.403101043,0.313277114,0.453567372,0.383422243
alexa grasso,1053.104062,3.637352889,0.43570176,0.488515222,0.462108491
claudio puelles,1016.661067,3.89750673,0.32185873,0.52732737,0.42459305
mickey gall,972.04369,3.250649609,0.182480026,0.430823262,0.306651644
mike jackson,998.561368,1.377510226,0.265317697,0.151371062,0.20834438
chase sherman,913.6288824,3.046940543,0,0.400432066,0.200216033
marcin tybura,1077.932539,3.619640943,0.513262594,0.48587279,0.499567692
belal muhammad,1186.455398,4.580990105,0.852273452,0.62929572,0.740784586
katlyn chookagian,1076.399704,3.842076713,0.508474221,0.519057809,0.513766015
lando vannata,968.4862712,2.698205261,0.171367127,0.348404522,0.259885824
josh emmett,1095.498838,3.991864322,0.568137356,0.541404505,0.554770931
tatiana suarez,1108.113984,4.981831146,0.607545379,0.689096882,0.64832113
andrew sanchez,996.7542264,3.443422276,0.259672429,0.459582865,0.359627647
khalil rountree jr.,1049.663566,3.692679971,0.424954111,0.496769426,0.460861769
marc diakiese,1019.607153,2.920966592,0.331061909,0.38163811,0.35635001
marvin vettori,1080.477561,3.787358361,0.5212129,0.510894421,0.51605366
alessio di chirico,956.4420093,2.106087462,0.133742468,0.26006693,0.196904699
shane burgos,1073.208646,3.822423488,0.498505783,0.51612576,0.507315772
ashley yoder,941.9606872,2.112578961,0.088504759,0.261035392,0.174770076
gerald meerschaert,1026.159239,3.817294481,0.351529746,0.515360567,0.433445157
jj aldrich,1034.648499,2.51958075,0.378049054,0.321755671,0.349902362
gregor gillespie,1090.052674,5.764126604,0.551124268,0.805806929,0.678465598
lina lansberg,959.3475622,2.188385953,0.142819025,0.272344978,0.207582002
damir hadzovic,993.4473212,2.577386593,0.2493421,0.330379679,0.28986089
abdul razak alhassan,985.0138464,3.445320764,0.222997056,0.459866099,0.341431578
alexander volkov,1109.398688,4.050464475,0.611558623,0.550147016,0.58085282
alexander volkanovski,1151.562666,5.921017229,0.743273236,0.829213319,0.786243277
tyson pedro,1008.741684,3.190869368,0.297119639,0.421904695,0.359512167
irene aldana,1044.619054,3.77739727,0.409195732,0.509408334,0.459302033
paul craig,1008.418315,4.682500341,0.296109477,0.644439953,0.470274715
niko price,1015.331217,4.129761621,0.317704457,0.561977296,0.439840876
sean o'malley,1119.597573,4.933368219,0.643418573,0.681866735,0.662642654
montana de la rosa,1012.694231,3.731190576,0.309466866,0.502514793,0.405990829
gillian robertson,1070.41924,3.740740475,0.489792054,0.503939535,0.496865794
emily whitmire,966.8518265,2.2332159,0.166261341,0.279033123,0.222647232
drakkar klose,1090.255984,3.188540686,0.551759384,0.42155728,0.486658332
alexandre pantoja,1119.303858,3.791373876,0.642501046,0.511493492,0.576997269
aleksandar rakic,1034.886951,3.585582916,0.378793948,0.4807917,0.429792824
dominick reyes,1053.252615,3.929825858,0.43616582,0.532149035,0.484157427
justin gaethje,1092.970711,4.365516301,0.560239825,0.597149352,0.578694588
gina mazany,941.4238182,2.440596052,0.086827652,0.309972005,0.198399829
gavin tucker,1013.033438,3.119360813,0.310526503,0.411236389,0.360881446
aiemann zahabi,1065.68534,2.941364264,0.475003984,0.384681223,0.429842604
marlon moraes,1009.78335,3.537688261,0.300373664,0.473646334,0.387009999
brian kelleher,983.1947844,3.26037283,0.21731455,0.432273862,0.324794206
paulo costa,1041.10797,4.163885011,0.398227577,0.567068137,0.482647857
lucie pudilova,942.1559908,2.341326935,0.089114861,0.295162123,0.192138492
darren stewart,977.421409,3.053222946,0.1992793,0.401369333,0.300324316
volkan oezdemir,1032.93885,3.757210173,0.372708342,0.506396636,0.439552489
ricardo ramos,1032.096873,3.305541697,0.370078117,0.43901257,0.404545343
cynthia calvillo,988.6914419,3.505078779,0.234485371,0.468781351,0.351633361
ji yeon kim,937.478256,2.066211517,0.074502245,0.254117869,0.164310057
jared gordon,1037.629623,3.781525246,0.387361686,0.510024183,0.448692934
poliana botelho,982.6731463,2.296424312,0.215685023,0.288463136,0.252074079
cody stamann,996.9029527,2.870172082,0.26013703,0.374060117,0.317098573
amanda lemos,1058.692647,3.633844471,0.453159749,0.487991804,0.470575776
eryk anders,1022.63353,3.292405556,0.340515902,0.437052799,0.388784351
calvin kattar,1035.813791,3.765585884,0.38168927,0.507646202,0.444667736
trevin giles,997.43772,2.987413219,0.261807571,0.391551231,0.326679401
benito lopez,1000.26015,2.403962957,0.270624464,0.304506743,0.287565603
alex perez,1033.227386,4.605470785,0.373609689,0.632947974,0.503278831
merab dvalishvili,1146.71493,5.749790878,0.728129559,0.803668193,0.765898876
alex reyes,955.5684885,2.122104861,0.131013706,0.262456554,0.19673513
ramazan emeev,1024.738694,3.201744163,0.347092153,0.423527097,0.385309625
aspen ladd,1013.592414,3.647168839,0.312272668,0.489979656,0.401126162
nasrat haqparast,1075.261447,3.452041216,0.504918461,0.460868718,0.48289359
deiveson figueiredo,1123.034689,4.597445026,0.654155662,0.631750617,0.642953139
karl roberson,971.2844887,2.741233521,0.180108383,0.354823874,0.267466129
frank camacho,957.8468035,3.26156194,0.138130857,0.432451264,0.28529106
jessica-rose clark,975.913744,1.954043143,0.194569556,0.237383557,0.215976557
tai tuivasa,1003.434101,3.472360731,0.280539461,0.463900171,0.372219816
shane young,952.7249827,2.275547247,0.122130975,0.285348503,0.203739739
hu yaozong,952.0196618,1.730907618,0.119927647,0.204094143,0.162010895
wu yanan,939.6331949,2.222932806,0.081233985,0.277498996,0.179366491
yan xiaonan,1081.706202,3.603107382,0.52505101,0.483406161,0.504228586
song kenan,1006.587437,3.20643176,0.290390059,0.424226436,0.357308247
muslim salikhov,1070.890894,3.320839196,0.491265438,0.441294792,0.466280115
song yadong,1099.370691,3.793846756,0.580232504,0.511862419,0.546047462
julian marquez,977.0867675,3.406437139,0.198233924,0.454065082,0.326149503
julio arce,1030.487742,3.462068216,0.365051408,0.462364639,0.413708023
sijara eubanks,999.6219849,3.067299348,0.268630922,0.40346938,0.336050151
nathaniel wood,1068.043725,3.584366228,0.482371264,0.480610183,0.481490724
jimmy crute,988.265348,4.872366136,0.233154311,0.672765882,0.452960097
kai kara-france,1059.905281,3.507152025,0.456947856,0.469090657,0.463019256
damir ismagulov,1042.481076,3.341791919,0.402516976,0.444420712,0.423468844
sodiq yusuff,1045.56645,3.483897657,0.412155269,0.465621356,0.438888312
matt frevola,1021.053521,4.082693016,0.335580168,0.554955167,0.445267668
brandon davis,933.4084145,2.658242844,0.061788606,0.34244256,0.202115583
dan ige,1037.280392,3.928550188,0.386270738,0.531958719,0.459114728
cory sandhagen,1099.642527,4.798570272,0.581081683,0.661756335,0.621419009
geoff neal,1069.589274,3.997325632,0.487199351,0.542219274,0.514709312
steven peterson,969.1790579,2.472523763,0.1735313,0.314735276,0.244133288
marcin prachnio,977.139936,2.338589513,0.198400015,0.29475373,0.246576872
priscila cachoeira,975.9711585,2.375892276,0.194748911,0.3003189,0.247533905
polyana viana,971.0039795,3.144823981,0.17923211,0.415035219,0.297133665
mackenzie dern,1054.664948,3.71490097,0.440577758,0.50008456,0.470331159
yana kunitskaya,1022.921975,2.600558157,0.341416967,0.333836627,0.337626797
alexander hernandez,1009.529301,3.15474561,0.299580048,0.416515419,0.358047734
israel adesanya,1135.968476,4.941101469,0.694559079,0.683020453,0.688789766
magomed ankalaev,1144.297506,4.326909212,0.720577851,0.59138959,0.655983721
hakeem dawodu,1027.362648,3.007238315,0.355289034,0.394508921,0.374898977
matt sayles,970.3702768,3.357306357,0.177252508,0.446735299,0.311993903
ricky simon,1049.613762,4.685704841,0.424798532,0.64491803,0.534858281
montel jackson,1091.156337,3.627012876,0.554571964,0.486972603,0.520772284
kevin holland,1051.484328,4.251952682,0.430641928,0.580206884,0.505424406
andrea lee,955.148212,3.152480829,0.129700819,0.416177539,0.272939179
molly mccann,994.0572272,3.551806991,0.251247365,0.475752696,0.363500031
brad katona,994.4468137,2.850842374,0.252464381,0.371176333,0.311820357
bryce mitchell,1085.265853,3.457095711,0.536170883,0.461622795,0.498896839
michael trizano,1014.274431,1.995514102,0.314403199,0.243570577,0.278986888
jalin turner,1031.733069,4.629469284,0.368941644,0.636528291,0.502734968
petr yan,1090.33379,4.554712687,0.552002437,0.625375413,0.588688925
mike rodriguez,956.7055147,2.840145128,0.134565623,0.369580419,0.252073021
jennifer maia,1024.186257,2.847320003,0.345366415,0.370650833,0.358008624
blagoy ivanov,987.3285703,2.245550554,0.230227943,0.28087332,0.255550631
raoni barcelos,1032.444578,3.872556405,0.371164303,0.52360505,0.447384677
said nurmagomedov,1074.10151,3.530219393,0.501294971,0.472532059,0.486913515
abu azaitar,982.8532801,2.414104764,0.216247736,0.306019791,0.261133764
david zawada,962.4929955,3.114361374,0.152644937,0.410490527,0.281567732
khalid taha,970.457104,2.170552491,0.177523744,0.269684418,0.223604081
kyle nelson,996.0790261,3.107231369,0.257563194,0.409426807,0.333495
ryan spann,1048.215554,4.018192497,0.420430716,0.545332385,0.48288155
luigi vendramini,970.7774486,2.204463892,0.178524458,0.274743633,0.226634046
mayra bueno silva,1016.957979,3.537959341,0.322786244,0.473686776,0.39823651
augusto sakai,1014.470486,3.215796382,0.31501565,0.425623536,0.370319593
andre ewell,986.3695438,2.183712954,0.227232073,0.271647817,0.249439945
livinha souza,991.9767806,2.482968346,0.244748329,0.316293495,0.280520912
thiago moises,1024.37627,3.238948987,0.345959988,0.429077655,0.387518822
maycee barber,1099.721112,3.866205337,0.581327173,0.52265754,0.551992356
devonte smith,980.4709721,3.18191357,0.208805726,0.420568586,0.314687156
jonathan martinez,1072.431595,3.05868562,0.496078383,0.402184304,0.449131344
johnny walker,1027.455455,3.479050731,0.355578952,0.464898247,0.410238599
laureano staropoli,966.7624612,1.888563616,0.165982176,0.227614718,0.196798447
anderson dos santos,970.8951158,3.310973807,0.178892035,0.439822982,0.309357508
ian heinisch,993.5738994,2.886482484,0.249737514,0.376493453,0.313115483
sergei pavlovich,1060.111991,4.706037503,0.457593589,0.647951444,0.552772516
vince morales,963.0866103,2.411019077,0.15449931,0.30555944,0.230029375
maurice greene,992.5341021,2.854078563,0.246489326,0.371659138,0.309074232
roosevelt roberts,968.268007,3.328551171,0.170685299,0.442445335,0.306565317
chris gutierrez,1085.338084,2.843330792,0.536396521,0.370055686,0.453226103
antonina shevchenko,997.4177241,2.666147946,0.261745106,0.343621916,0.302683511
kevin aguilar,972.0263739,2.622507997,0.182425933,0.337111306,0.25976862
leah letson,998.8394417,1.631042117,0.266186362,0.189195287,0.227690824
julija stoliarenko,951.9938455,1.748439042,0.119847,0.206709642,0.163278321
edmen shahbazyan,1012.406395,4.101871308,0.308567706,0.557816362,0.433192034
dwight grant,971.7708821,2.358832739,0.181627811,0.297773801,0.239700806
sergey khandozhko,1019.388243,2.179484908,0.330378061,0.271017038,0.30069755
joel alvarez,1062.691624,3.763205693,0.465652018,0.507291103,0.486471561
bea malecki,1012.614271,2.923348443,0.309217082,0.381993457,0.345605269
ariane lipski,974.3927543,2.012358133,0.189818188,0.246083525,0.217950857
greg hardy,984.4839096,3.394567124,0.221341604,0.452294203,0.336817904
alonzo menifield,1043.454272,3.643448859,0.40555711,0.489424675,0.447490892
mario bautista,1108.632909,4.270626408,0.609166433,0.582992803,0.596079618
felipe colares,972.2535665,2.362617865,0.183135652,0.2983385,0.240737076
jairzinho rozenstruik,1064.492489,3.582985001,0.471277679,0.480404119,0.475840899
taila santos,1023.091861,3.555431722,0.341947668,0.476293467,0.409120567
rogerio bontorin,999.8483763,3.072053656,0.269338138,0.404178671,0.336758405
anthony hernandez,1083.866179,6.101456303,0.531798487,0.856132883,0.693965685
macy chiasson,1058.42085,3.908052245,0.452310691,0.528900647,0.490605669
kron gracie,973.2990407,2.901490068,0.186401574,0.378732423,0.282566998
ismail naurdiev,1020.323082,2.160154955,0.333298372,0.268133217,0.300715795
michal oleksiejczuk,1000.081398,3.599154321,0.270066067,0.482816407,0.376441237
miranda granger,966.0968605,1.62540874,0.163902928,0.188354848,0.176128888
hannah goldy,955.4345457,2.632507483,0.130595287,0.338603122,0.234599204
kennedy nzechukwu,1040.564907,3.785610696,0.396531119,0.510633688,0.453582404
mike grundy,970.3412755,3.581651484,0.177161912,0.480205173,0.328683542
nicolae negumereanu,1027.114671,2.434290187,0.354514386,0.309031238,0.331772812
marina rodriguez,1027.046253,3.301380665,0.354300659,0.438391789,0.396346224
sabina mazo,984.1058767,3.02241334,0.22016068,0.396772871,0.308466776
casey kenney,1033.361112,3.538108343,0.37402743,0.473709006,0.423868218
serghei spivac,1072.810922,3.825760017,0.497263346,0.516623534,0.50694344
marc-andre barriault,976.7619386,3.238797471,0.197219202,0.429055051,0.313137127
randy costa,967.1501173,3.157959581,0.167193161,0.416994909,0.292094035
alen amedovski,938.4937543,0.917185162,0.077674526,0.082695526,0.080185026
arman tsarukyan,1110.879044,4.158004161,0.616183058,0.566190778,0.591186918
rafael fiziev,1054.126222,3.512670843,0.438894849,0.469914005,0.454404427
movsar evloev,1142.9581,4.627827285,0.716393726,0.636283323,0.676338524
seungwoo choi,975.9630826,2.172201595,0.194723683,0.269930446,0.232327065
alex da silva,971.3513984,2.354750876,0.1803174,0.297164831,0.238741115
virna jandiroba,1048.959847,3.533919952,0.422755787,0.473084143,0.447919965
takashi sato,957.8624169,1.603806787,0.138179631,0.185132069,0.16165585
mike davis,1019.537369,3.58486334,0.33084391,0.480684347,0.405764129
brad riddell,1015.955539,3.075995959,0.319654754,0.40476682,0.362210787
jamie mullarkey,995.028616,3.56290523,0.254281853,0.477408434,0.365845144
zarah fairn,941.8410298,1.468871765,0.088130966,0.165001219,0.126566092
justin tafa,1002.200583,3.087033318,0.276686115,0.406413475,0.341549795
maki pitolo,940.3687539,3.11836135,0.083531773,0.41108728,0.247309526
bruno silva,997.735092,3.322166414,0.262736521,0.441492798,0.35211466
michel pereira,1088.828941,4.060430572,0.547301492,0.551633851,0.549467671
austin hubbard,973.0484901,2.413976041,0.185618887,0.306000587,0.245809737
charles jourdain,1011.405976,3.303576527,0.305442531,0.438719387,0.372080959
grant dawson,1124.135794,4.94732482,0.657595366,0.68394891,0.670772138
felicia spencer,1007.915019,3.108497108,0.294537247,0.409615642,0.352076444
julia avila,1009.276614,2.3400292,0.29879069,0.294968515,0.296879603
pannie kianzad,1000.492585,2.898250966,0.27135056,0.378249184,0.324799872
deron winn,983.0167568,3.349122247,0.216758416,0.445514318,0.331136367
amanda ribas,1042.194691,3.950463454,0.401622348,0.535227942,0.468425145
dalcha lungiambula,952.6237358,2.007187617,0.121814693,0.24531214,0.183563417
journey newson,970.4651075,1.620579027,0.177548746,0.187634307,0.182591526
liana jojua,965.6694161,2.525088933,0.162567649,0.322577432,0.242572541
ottman azaitar,998.8206282,2.695459339,0.266127591,0.34799486,0.307061225
fares ziam,1062.661831,2.51872966,0.465558949,0.321628697,0.393593823
billy quarantillo,1028.923459,4.496490169,0.360164796,0.616689241,0.488427019
mallory martin,994.4210276,3.110013731,0.252383829,0.409841905,0.331112867
joe solecki,1032.165369,3.126414471,0.37029209,0.412288719,0.391290404
makhmud muradov,1029.805365,3.675772991,0.362919755,0.494247087,0.428583421
wellington turman,962.6439377,2.433699807,0.153116461,0.30894316,0.23102981
domingo pilarte,953.8117695,2.553755198,0.125525951,0.32685413,0.22619004
viviane araujo,1034.837379,3.274214777,0.378639093,0.434338931,0.406489012
khama worthy,982.0587965,2.214035993,0.213765876,0.276171687,0.244968782
karol rosa,1037.616558,3.174597193,0.387320874,0.419477061,0.403398968
lara procopio,986.7715047,3.031710946,0.228487745,0.398159974,0.313323859
junyong park,1060.381568,3.902742083,0.458435712,0.528108428,0.49327207
zhang weili,1067.85968,4.792666781,0.481796333,0.660875598,0.571335965
raulian paiva,991.9807776,2.47249471,0.244760815,0.314730941,0.279745878
shamil gamzatov,1000.095658,2.295082205,0.270110612,0.288262908,0.27918676
roman kopylov,1031.149523,2.632786151,0.367118725,0.338644696,0.35288171
abubakar nurmagomedov,1001.444903,2.255967666,0.274325473,0.282427441,0.278376457
miles johns,1056.875366,2.658506935,0.447482808,0.342481959,0.394982384
tristan connelly,986.2331493,2.158525872,0.226805995,0.267890176,0.247348085
ariane carnelossi,1015.163352,3.10069544,0.317180069,0.408451717,0.362815893
tyson nam,973.8528775,2.185555276,0.188131685,0.271922671,0.230027178
mark madsen,1035.201685,3.322973907,0.379777133,0.441613267,0.4106952
giga chikadze,1086.761735,3.658922258,0.540843816,0.491733139,0.516288478
jack shore,1034.335421,4.139265073,0.377071043,0.563395108,0.470233076
kazula vargas,970.8621586,2.004100212,0.178789081,0.244851532,0.211820306
rodolfo vieira,1044.407877,4.963286033,0.408536044,0.686330151,0.547433097
ciryl gane,1117.223088,4.757059594,0.636001,0.655563389,0.645782195
sean brady,1101.922811,4.143704463,0.588204984,0.564057417,0.576131201
brendan allen,1123.728614,4.697680178,0.65632339,0.646704621,0.651514005
tanner boser,997.6553407,2.707813126,0.262487389,0.349837912,0.30616265
sean woodson,1073.780046,3.348295824,0.500290762,0.445391024,0.472840893
jonathan pearce,1014.037143,4.982141758,0.313661943,0.689143222,0.501402582
loma lookboonmee,1057.049948,2.648126215,0.448028178,0.340933268,0.394480723
don'tale mayes,1001.469537,3.011813887,0.274402427,0.395191547,0.334796987
luana carolina,1035.839175,2.401538566,0.381768568,0.30414505,0.342956809
tracy cortez,1057.439502,3.231923278,0.449245093,0.428029495,0.438637294
andre muniz,1062.215494,4.57311412,0.464164652,0.628120708,0.54614268
antonio arroyo,953.4426029,2.309666715,0.124372724,0.29043876,0.207405742
miguel baeza,982.4434714,3.348564963,0.214967549,0.445431177,0.330199363
punahele soriano,997.4639929,3.238087096,0.261889644,0.42894907,0.345419357
chase hooper,1056.834662,3.98324004,0.447355653,0.540117855,0.493736754
nate maness,1042.73952,2.811077694,0.403324322,0.365243872,0.384284097
johnny munoz,970.2289986,2.954441414,0.176811174,0.386632193,0.281721683
jamall emmers,986.7309468,2.585773455,0.228361047,0.331630908,0.279995978
askar askarov,1036.000541,3.270835865,0.382272655,0.433834834,0.408053744
aleksa camur,966.9303054,2.37504982,0.166506498,0.300193214,0.233349856
herbert burns,967.7284598,3.916637272,0.168999826,0.530181441,0.349590633
nate landwehr,1016.766171,3.880955266,0.322187061,0.52485807,0.423522565
jamahal hill,1078.555111,4.533194458,0.515207425,0.622165125,0.568686275
tony gravely,998.451442,4.376374672,0.264974303,0.598769304,0.431871803
shanna young,968.1063343,1.719753015,0.170180255,0.202429996,0.186305126
daniel rodriguez,1060.413351,4.090835623,0.458534999,0.556169956,0.507352478
steve garcia,1061.415128,3.961042102,0.461664417,0.536806162,0.49923529
norma dumont,1096.232281,2.70697071,0.570428533,0.349712232,0.460070382
kyler phillips,1057.041603,4.389846556,0.448002111,0.600779164,0.524390637
tj brown,973.3417586,3.282917218,0.186535018,0.435637241,0.31108613
darrick minner,974.7464049,2.880447741,0.190922945,0.375593135,0.28325804
cameron else,968.6383067,0.588117677,0.171842065,0.033602205,0.102722135
nassourdine imavov,1089.029277,3.243505424,0.547927313,0.429757427,0.48884237
jordan williams,954.5327337,2.270101383,0.127778147,0.284536039,0.206157093
jinh yu frey,942.2969963,1.757703798,0.089555344,0.208091844,0.148823594
carlos felipe,1015.29577,2.23410575,0.317593725,0.279165879,0.298379802
dusko todorovic,965.5390938,3.045449092,0.16216054,0.400209557,0.281185049
david dvorak,996.6913162,1.837525252,0.259475906,0.220000344,0.239738125
roman dolidze,1076.576175,3.671808568,0.509025494,0.493655638,0.501340566
john allan,968.8526715,2.310561265,0.172511712,0.290572217,0.231541965
jordan leavitt,1013.418152,3.567646476,0.311728299,0.478115777,0.394922038
ilia topuria,1136.712177,4.925186019,0.696882299,0.680646039,0.688764169
justin jaynes,970.2214956,2.186227902,0.176787735,0.27202302,0.224405378
omar morales,971.2327745,2.558448515,0.179946835,0.327554322,0.253750579
ike villanueva,937.6037933,2.363791229,0.074894407,0.298513554,0.18670398
philipe lins,1032.923037,2.46472887,0.372658942,0.313572362,0.343115652
gabe green,987.9307184,3.249706943,0.232108973,0.430682626,0.3313958
brandon royval,1085.65969,3.817321015,0.537401176,0.515364526,0.526382851
zarrukh adashev,968.9911814,1.753472813,0.172944399,0.207460627,0.190202513
mariya agapova,970.938569,2.98720563,0.179027776,0.391520261,0.285274019
christian aguilera,984.7173337,1.694644996,0.22207079,0.198684151,0.21037747
kyle daukaus,973.9106563,2.706626466,0.188312179,0.349660875,0.268986527
miranda maverick,1045.328172,3.094492829,0.411410922,0.407526354,0.409468638
jason witt,973.1002724,3.041937141,0.185780648,0.399685612,0.29273313
youssef zalal,1033.23741,3.034644285,0.373641003,0.398597597,0.3861193
kay hansen,967.4260738,3.317322545,0.168055212,0.440770145,0.304412679
alexandr romanov,1056.509289,4.704450128,0.446339232,0.647714624,0.547026928
ramiz brahimaj,1000.380194,2.154504524,0.270999466,0.267290234,0.26914485
jamey simmons,969.9887999,0.362885548,0.176060825,0,0.088030413
lerone murphy,1108.415552,3.865765602,0.608487438,0.522591936,0.565539687
mounir lazzez,1001.706693,2.322409036,0.27514327,0.292339777,0.283741524
khamzat chimaev,1133.877817,5.88948038,0.68802814,0.824508361,0.756268251
diana belbita,968.8610166,2.369903672,0.172537781,0.299425464,0.235981623
modestas bukauskas,1006.008316,2.221701463,0.288580964,0.277315293,0.282948128
andreas michailidis,968.7955559,1.38711869,0.172333291,0.152804541,0.162568916
amir albazi,1061.050732,3.776710545,0.460526091,0.509305882,0.484915986
malcolm gordon,957.6107903,2.337063237,0.137393583,0.294526026,0.215959804
tom aspinall,1126.582865,5.899772563,0.665239689,0.826043844,0.745641767
rhys mckee,941.7705615,1.834920862,0.087910832,0.219611797,0.153761315
jai herbert,995.0144262,1.673144755,0.254237526,0.195476546,0.224857036
john castaneda,1021.709354,3.786895537,0.337628902,0.510825373,0.424227137
niklas stolze,954.3153922,0.806271157,0.127099201,0.066148352,0.096623777
austin lingo,983.465371,1.479122879,0.218159826,0.166530574,0.1923452
joaquin buckley,1097.624546,3.902034559,0.574777781,0.528002873,0.551390327
chris daukaus,1005.887196,3.786371579,0.288202601,0.510747204,0.399474903
parker porter,993.2593582,2.523631304,0.248754929,0.32235997,0.285557449
danny chavez,985.8399555,2.348957119,0.22557771,0.296300464,0.260939087
matthew semelsberger,982.9587093,2.742052084,0.216577083,0.354945995,0.285761539
trevin jones,971.4737791,2.71057039,0.180699701,0.350249266,0.265474483
timur valiev,990.5221911,3.261333815,0.240204386,0.43241723,0.336310808
jordan wright,951.3705949,2.352478316,0.117900049,0.296825789,0.207362919
bill algeo,1003.463377,3.117336847,0.280630916,0.410934435,0.345782676
impa kasanganay,999.4711294,3.253821245,0.268159669,0.431296436,0.349728053
jerome rivera,952.2063723,1.150933294,0.120510906,0.117568227,0.119039566
sarah alpar,968.5333095,2.201707078,0.171514068,0.274332346,0.222923207
tj laramie,970.2411825,2.962170947,0.176849235,0.387785356,0.282317295
ludovit klein,1076.28948,2.686774619,0.508129896,0.346699193,0.427414545
william knight,976.667246,2.767497322,0.196923395,0.35874215,0.277832773
danilo marques,995.4954046,3.536814869,0.255740038,0.473516033,0.364628036
rodrigo nascimento,1019.749063,3.373445437,0.331505214,0.449143075,0.390324145
kb bhullar,969.3485583,1.141368421,0.174060796,0.116141251,0.145101024
alan baudot,940.1581873,2.312650881,0.082873991,0.290883965,0.186878978
tagir ulanbekov,1045.451347,3.79465247,0.411795703,0.511982623,0.461889163
dricus du plessis,1139.937666,5.427448478,0.706958296,0.755578183,0.731268239
stephanie egger,982.8517446,2.623460926,0.21624294,0.337253473,0.276748206
tony kelley,1016.629379,2.988392961,0.32175974,0.391697398,0.356728569
maxim grishin,984.4068664,2.198131798,0.221100932,0.273798953,0.247449942
guram kutateladze,1002.562308,1.544770317,0.277816096,0.176324464,0.22707028
mateusz gamrot,1078.623023,4.749702278,0.515419573,0.654465757,0.584942665
mark striegl,971.3955922,1.401174673,0.180455456,0.154901543,0.167678499
shavkat rakhmonov,1122.030008,4.728717307,0.651017172,0.651335026,0.651176099
jacob malkoun,1020.11321,3.813496535,0.332642762,0.514793955,0.423718358
adrian yanez,1055.626545,4.071341086,0.44358166,0.553261582,0.498421621
victor rodriguez,967.4613963,0.859856538,0.168165555,0.074142713,0.121154134
charlie ontiveros,955.7331198,1.319292893,0.131527992,0.142685664,0.137106828
kevin natividad,954.1495991,2.166482918,0.126581286,0.269077281,0.197829283
jiri prochazka,1044.161491,4.327395673,0.407766368,0.591462165,0.499614266
kanako murata,981.7100998,2.038061158,0.212676594,0.249918139,0.231297367
cory mckenna,995.723924,2.347944369,0.256453902,0.296149373,0.276301638
khaos williams,1051.905335,3.821485653,0.431957096,0.515985845,0.47397147
roque martinez,953.5191886,1.746179204,0.124611968,0.206372499,0.165492233
dustin stoltzfus,980.0094976,3.217188608,0.207364141,0.425831241,0.316597691
sasha palatnikov,981.7325346,2.658273146,0.212746678,0.342447081,0.277596879
louis cosce,969.466744,3.395196584,0.174429992,0.452388112,0.313409052
jared gooden,960.6582701,2.770093139,0.146913501,0.359129418,0.25302146
josh parisian,953.8787236,3.058228914,0.125735107,0.402116169,0.263925638
kai kamaka,966.5010371,2.400807767,0.165165522,0.304036022,0.234600772
kevin croom,972.2959709,2.453817103,0.183268118,0.311944444,0.247606281
sam hughes,995.5607458,2.499945039,0.255944156,0.318826234,0.287385195
tafon nchukwi,964.8728246,2.966355764,0.160079204,0.388409686,0.274244445
jamie pickett,925.8355482,2.168294327,0.038131987,0.269347524,0.153739755
jimmy flick,983.5992854,3.552326358,0.218578157,0.47583018,0.347204169
cody durden,1010.452613,3.502834571,0.302464352,0.468446539,0.385455446
luana pinheiro,994.8812014,4.488872748,0.25382135,0.615552804,0.434687077
joselyne edwards,1023.505525,1.933796105,0.343239899,0.234362918,0.288801408
francisco figueiredo,997.3988086,1.202086576,0.261686017,0.125199745,0.193442881
manon fiorot,1111.055809,4.32574478,0.616735247,0.59121587,0.603975558
victoria leonardo,956.8233467,2.571258583,0.134933715,0.329465446,0.23219958
gaetano pirrello,970.5819171,0.948260108,0.177913644,0.087331573,0.132622608
umar nurmagomedov,1096.108369,4.25894905,0.57004145,0.581250667,0.575646058
sergey morozov,1016.617492,2.803237293,0.321722608,0.364074168,0.342898388
mason jones,1013.96194,3.106835294,0.313427018,0.409367717,0.361397368
michael chandler,1007.780533,4.3637676,0.294117133,0.596888465,0.445502799
zhalgas zhumagulov,941.5476748,2.968192781,0.087214564,0.388683749,0.237949156
casey o'neill,1041.343179,4.761966839,0.398962337,0.656295498,0.527628917
mike breeden,973.805486,2.882242311,0.187983641,0.375860865,0.281922253
phil hawes,984.6260707,3.729342008,0.221785697,0.502239007,0.362012352
drako rodriguez,967.5157395,2.92492838,0.168335316,0.382229167,0.275282241
jared vanderaa,926.7641607,2.473236706,0.041032848,0.314841639,0.177937243
ronnie lawrence,1016.662697,3.781006451,0.321863821,0.509946784,0.415905303
rafa garcia,1008.698162,3.587817765,0.296983681,0.481125115,0.389054398
gloria de paula,968.0882716,1.603825603,0.17012383,0.185134876,0.177629353
manel kape,1022.666046,2.961188277,0.340617479,0.387638752,0.364128116
marcelo rojo,955.0392881,2.283216453,0.129360555,0.286492666,0.20792661
jesse strader,969.4537022,2.928705094,0.174389252,0.382792611,0.278590932
jp buys,939.7798404,2.663946485,0.081692086,0.343293482,0.212492784
harry hunsucker,953.9894742,1.937545852,0.126081077,0.234922339,0.180501708
montserrat conejo,1000.85556,2.381484837,0.272484445,0.301153249,0.286818847
fabio cherant,955.6507041,0.976639815,0.131270536,0.091565519,0.111418028
paddy pimblett,1094.038455,4.044067922,0.563575314,0.54919272,0.556384017
liudvik sholinian,969.3173309,1.25174682,0.173963246,0.132608518,0.153285882
darian weeks,955.6092171,2.349232956,0.131140937,0.296341616,0.213741277
cheyanne vlismas,1000.404916,2.756792106,0.271076692,0.357145047,0.31411087
chris curtis,1035.293484,3.84522331,0.380063902,0.519527247,0.449795575
loopy godinez,1028.696876,3.299086631,0.359456983,0.438049543,0.398753263
alexander munoz,1000.698648,2.027955992,0.271994272,0.248410557,0.260202415
dakota bush,967.3620222,2.419132434,0.167855124,0.306769865,0.237312494
jeff molina,1045.134005,2.99002749,0.41080437,0.391941252,0.401372811
rong zhu,999.3336345,2.000906254,0.267730154,0.244375028,0.256052591
pat sabatini,1054.511882,3.346912415,0.4400996,0.445184635,0.442642117
kamuela kirk,985.8732149,2.216646329,0.225681608,0.276561121,0.251121365
gregory rodrigues,1074.819863,3.613520977,0.50353901,0.484959758,0.494249384
tabatha ricci,1047.036298,3.803117128,0.416746879,0.513245459,0.464996169
tucker lutz,969.1584617,2.755168385,0.17346696,0.356902806,0.265184883
rafael alves,973.6788061,2.553602483,0.18758791,0.326831346,0.257209628
josh culibao,1000.617121,2.450574269,0.271739592,0.311460648,0.29160012
shayilan nuerdanbieke,994.5363236,2.45388146,0.252743998,0.311954045,0.282349021
juancamilo ronderos,970.0790106,2.389258448,0.176342631,0.302312988,0.23932781
chris barnett,985.047672,2.484539042,0.223102722,0.316527826,0.269815274
carlos ulberg,1090.945378,4.24126716,0.553912956,0.57861272,0.566262838
uros medic,1031.538362,3.299003394,0.368333406,0.438037125,0.403185266
ode osbourne,966.899551,2.865627602,0.166410426,0.37338213,0.269896278
cj vergara,983.9570536,2.458178536,0.219695777,0.312595122,0.26614545
ian garry,1044.538836,2.626230846,0.408945141,0.337666715,0.373305928
melsik baghdasaryan,1027.76021,2.385844162,0.356530965,0.301803614,0.329167289
bruno souza,968.7107929,2.223307184,0.172068503,0.277554849,0.224811676
alex pereira,1119.576985,4.19300191,0.643354259,0.571412065,0.607383162
ricky glenn,971.5704897,2.832537887,0.181001812,0.368445501,0.274723657
jeremiah wells,1027.309419,4.036944591,0.355122753,0.548129995,0.451626374
melissa gatto,1015.155065,3.265038213,0.317154182,0.432969887,0.375062035
preston parsons,989.1129841,2.896953311,0.235802213,0.378055588,0.3069289
elise reed,1000.927204,1.637286966,0.272708252,0.190126951,0.231417601
phil rowe,1020.477639,3.691191288,0.333781189,0.496547331,0.41516426
orion cosce,983.966167,1.983355853,0.219724246,0.241756698,0.230740472
collin anglin,970.0265659,2.696656412,0.176178801,0.34817345,0.262176126
carlston harris,1031.14474,3.414973729,0.367103781,0.455338649,0.411221215
luis saldana,1014.734045,2.437280718,0.315838971,0.309477393,0.312658182
josiane nunes,1010.942602,3.12309699,0.303995012,0.411793787,0.357894399
saidyokub kakhramonov,1018.761871,5.047299449,0.32842136,0.698864047,0.513642703
ignacio bahamondes,1048.95379,4.030019348,0.422736866,0.547096824,0.484916845
andre petroski,1065.993493,3.713433444,0.475966613,0.49986562,0.487916117
micheal gillmore,967.9765365,0.914615899,0.169774784,0.08231222,0.126043502
mana martinez,994.5613375,2.277086565,0.252822138,0.285578153,0.269200145
bryan battle,1089.016241,4.080886486,0.547886593,0.554685652,0.551286123
gilbert urbina,985.4068325,3.515569203,0.224224692,0.470346409,0.34728555
vanessa demopoulos,1026.935717,2.394420166,0.353955359,0.303083061,0.32851921
ricky turcios,997.8441661,1.888994007,0.263077254,0.227678928,0.245378091
brady hiestand,1030.568637,3.692982683,0.365304112,0.496814587,0.43105935
silvana gomez juarez,969.0220222,1.299126606,0.173040741,0.139677071,0.156358906
brandon jenkins,969.5053489,1.328610279,0.174550589,0.144075717,0.159313153
erin blanchfield,1092.880358,4.036878026,0.559957576,0.548120065,0.55403882
mandy bohm,981.5111305,1.464582431,0.212055041,0.164361296,0.188208169
nick maximov,999.1892312,2.748619944,0.267279057,0.355925849,0.311602453
cody brundage,986.103947,2.335937828,0.226402384,0.294358127,0.260380255
martin sano,984.6366346,2.064761578,0.221818697,0.253901554,0.237860125
nina nunes,1003.466625,2.798064513,0.280641062,0.363302445,0.321971754
kris moutinho,970.1225933,1.907349893,0.176478778,0.230417428,0.203448103
batgerel danaa,971.0624936,3.539422641,0.1794149,0.473905085,0.326659993
erick gonzalez,956.3040671,3.026522863,0.133311555,0.397385968,0.265348761
istela nunes,938.3060506,1.256067808,0.077088165,0.133253163,0.105170664
maria oliveira,967.3632428,2.209110881,0.167858937,0.275436914,0.221647925
david onama,1049.518914,2.977040562,0.424502238,0.390003742,0.40725299
zviad lazishvili,984.6065107,1.952737808,0.221724594,0.237188815,0.229456704
daniel lacerda,925.560414,2.286785821,0.037272505,0.287025177,0.162148841
albert duraev,1001.423764,3.426883494,0.274259437,0.457115457,0.365687447
benoit saint denis,1039.151494,5.284146662,0.392115807,0.734199097,0.563157452
allan nascimento,1018.748614,2.617492487,0.328379947,0.336363046,0.332371497
da woon jung,959.3649429,3.567721902,0.14287332,0.478127029,0.310500175
natan levy,997.549729,3.665194058,0.262157472,0.492668824,0.377413148
joanne wood,1007.950488,3.659680969,0.294648048,0.491846331,0.393247189
aoriqileng,997.4585614,2.65732771,0.261872677,0.342306032,0.302089354
terrance mckinney,1011.342507,4.470060749,0.305244263,0.612746256,0.458995259
viacheslav borshchev,1000.146528,3.083540359,0.270269523,0.405892364,0.338080943
chelsea chandler,999.5841455,2.396574938,0.268512717,0.30340453,0.285958623
don shainis,970.9393234,2.234299251,0.179030133,0.279194747,0.22911244
daniel santos,1016.052792,3.263262668,0.319958559,0.432704994,0.376331777
joanderson brito,1049.405047,3.612562318,0.424146534,0.484816736,0.454481635
joseph holmes,967.3957586,3.162178881,0.167960512,0.417624383,0.292792448
andre fialho,962.249648,2.67361368,0.151884752,0.344735723,0.248310238
victor henry,1024.872016,3.145112641,0.347508633,0.415078284,0.381293459
michael morales,1084.472671,4.033473848,0.533693087,0.547612198,0.540652642
genaro valdez,952.0287522,2.491861278,0.119956044,0.317620224,0.218788134
jack della maddalena,1113.893733,3.717335015,0.62560054,0.500447693,0.563024116
pete rodriguez,985.3178063,3.400647608,0.223946586,0.453201346,0.338573966
jasmine jasudavicius,1063.990314,2.645081698,0.469708951,0.340479059,0.405094005
saimon oliveira,968.7900101,2.3670841,0.172315967,0.299004815,0.235660391
christian rodriguez,1032.729411,2.551805545,0.372054081,0.326563263,0.349308672
nikolas motta,1019.168379,2.229290438,0.329691237,0.278447486,0.304069362
chad anheliger,983.5732356,2.288700278,0.218496781,0.287310794,0.252903787
jay perrin,954.2308109,2.446024497,0.12683498,0.310781871,0.218808426
ramona pascual,955.5225532,2.167678589,0.13087021,0.269255662,0.200062936
rongzhu,969.5449077,3.858252895,0.174674165,0.521471121,0.348072643
armen petrosyan,1002.454653,3.077520324,0.277479797,0.404994239,0.341237018
carlos hernandez,1001.340428,2.424901803,0.273999108,0.307630592,0.29081485
victor altamirano,966.8197877,2.536500858,0.166161256,0.324279968,0.245220612
ailin perez,1046.491684,2.874415286,0.415045578,0.374693158,0.394869368
gabriel miranda,983.5093148,3.48559834,0.218297101,0.465875079,0.34208609
cristian quinonez,986.068635,2.626844079,0.226292074,0.337758203,0.282025138
abus magomedov,1021.773419,3.409522082,0.337829033,0.454525322,0.396177177
william gomis,1063.436514,3.104612463,0.467978955,0.409036094,0.438507525
jarno errens,970.5280923,1.69205034,0.177745502,0.198297056,0.188021279
michal figlak,967.4238398,2.021528714,0.168048234,0.247451677,0.207749955
emily ducote,983.9021179,2.659539139,0.219524165,0.342635953,0.281080059
yazmin jauregui,1010.364037,3.018740038,0.302187654,0.396224854,0.349206254
francis marshall,1000.101735,2.699232369,0.270129597,0.348557755,0.309343676
muhammad mokaev,1102.208667,4.798711412,0.589097962,0.661777392,0.625437677
aliaskhab khizriev,1016,4.812419227,0.319793645,0.66382245,0.491808047
denis tiuliulin,943.2807103,2.162055159,0.092628334,0.268416707,0.180522521
lucas almeida,1003.788159,2.704722158,0.281645492,0.349376772,0.315511132
karine silva,1044.931621,4.577522509,0.410172149,0.628778392,0.51947527
rinat fakhretdinov,1079.360453,3.372849905,0.517723205,0.449054229,0.483388717
askar mozharov,984.8353602,1.246046272,0.222439489,0.131758058,0.177098773
dan argueta,969.5601242,3.149603483,0.1747217,0.41574827,0.295234985
alatengheili,1031.147645,2.12771513,0.367112856,0.263293545,0.315203201
ange loosa,999.6611842,2.731003979,0.268753375,0.353297737,0.311025556
trey ogden,1016.978627,2.509243145,0.322850744,0.320213411,0.321532078
caio borralho,1106.195619,3.357150227,0.601552666,0.446712006,0.524132336
gadzhi omargadzhiev,968.6822958,2.55676098,0.171979481,0.32730256,0.249641021
martin buday,1053.380196,3.341048788,0.436564365,0.444309845,0.440437105
dean barry,984.0015615,2.530953165,0.219834814,0.323452312,0.271643563
evan elder,1000.217733,1.864799197,0.270491959,0.224069323,0.247280641
yohan lainesse,967.6501692,2.439645764,0.168755257,0.309830233,0.239292745
denys bondar,953.5924058,2.455786329,0.124840688,0.312238231,0.21853946
jailton almeida,1090.27581,5.517266245,0.551821317,0.768978025,0.660399671
tresean gore,1001.418001,2.354427577,0.274241436,0.297116598,0.285679017
chidi njokuani,1014.230695,2.512406865,0.314266572,0.320685404,0.317475988
tamires vidal,967.8220887,2.232859979,0.16929231,0.278980023,0.224136167
jake hadley,983.3920294,2.691744986,0.217930717,0.347440718,0.282685718
carlos candelario,968.7363068,2.419450544,0.172148205,0.306817324,0.239482764
tatsuro taira,1071.051703,4.097992042,0.491767784,0.557237617,0.5245027
manuel torres,1029.579379,5.129002616,0.362213804,0.711053278,0.536633541
juliana miller,984.7337595,2.039914144,0.222122102,0.250194585,0.236158343
brogan walker,968.0323452,0.66561534,0.169949123,0.045164021,0.107556572
mohammed usman,1009.249577,2.753987661,0.298706228,0.356726654,0.327716441
zac pauga,966.1435944,1.765385778,0.164048919,0.209237913,0.186643416
natalia silva,1092.043916,3.330485153,0.557344642,0.442733864,0.500039253
fernie garcia,940.4837449,2.088287592,0.083890989,0.257411382,0.170651186
kleydson rodrigues,969.5660835,2.428111585,0.174740316,0.308109457,0.241424887
cameron vancamp,968.2375697,1.904749556,0.170590217,0.230029486,0.200309851
michelle waterson-gomez,947.979805,3.428053737,0.107307676,0.457290045,0.282298861
sumudaerji,954.1502763,2.688639183,0.126583401,0.346977366,0.236780384
charles johnson,1035.988174,2.937186871,0.382234019,0.384058001,0.38314601
ihor potieria,965.0746449,3.114099013,0.160709664,0.410451385,0.285580525
adam fugitt,1002.726378,2.97934439,0.278328631,0.390347449,0.33433804
blood diamond,954.9851482,0.783758495,0.129191429,0.062789706,0.095990567
josh quinlan,967.0075231,2.050894924,0.166747716,0.251832799,0.209290258
iasmin lucindo,1050.060164,2.190814836,0.426193032,0.272707341,0.349450186
lukasz brzeski,947.6526537,2.71665853,0.106285699,0.351157551,0.228721625
azamat murzakanov,1065.64297,4.186307864,0.474871626,0.570413385,0.522642506
aj fletcher,972.7669283,2.79219271,0.184739326,0.362426436,0.273582881
piera rodriguez,997.3783425,2.788148983,0.261622084,0.361823155,0.311722619
josh fremd,975.3673898,2.643029563,0.192862819,0.340172903,0.266517861
mike malott,1049.576446,4.246557226,0.42468196,0.57940194,0.50204195
garrett armfield,983.2317671,2.822667966,0.217430079,0.366973015,0.292201547
javid basharat,1030.564357,3.725094635,0.365290743,0.501605344,0.433448044
joe pyfer,1043.437779,3.874438203,0.405505588,0.523885795,0.464695691
daniel zellhuber,1013.499998,2.700681485,0.311983975,0.348773948,0.330378961
denise gomes,1036.751571,2.690882626,0.38461877,0.347312064,0.365965417
melissa martinez,999.2691843,1.025873044,0.26752882,0.098910586,0.183219703
anton turkalj,944.0756616,3.117386324,0.095111656,0.410941817,0.253026736
danyelle wolf,984.8003254,1.889136562,0.222330045,0.227700195,0.22501512
erik silva,969.6705705,3.29642813,0.175066719,0.437652924,0.306359821
raul rosas jr.,1044.641282,2.827135286,0.40926517,0.367639491,0.388452331
cameron saaiman,1012.351139,3.794423192,0.308395091,0.511948418,0.410171754
steven koslow,984,2.473900427,0.219829936,0.314940659,0.267385297
lucas alexander,983.3916306,1.958818553,0.217929471,0.238095997,0.228012734
aj dobson,970.8546515,2.869752065,0.17876563,0.373997455,0.276381542
waldo cortes-acosta,1055.657564,3.279808549,0.443678557,0.435173461,0.439426009
carlos mota,983.997324,0.985753303,0.219821576,0.092925153,0.156373365
joshua weems,983.299456,3.06392725,0.21764153,0.402966299,0.310303915
liang na,953.8667735,1.880902856,0.125697777,0.226471815,0.176084796
maheshate,983.3182533,2.796189629,0.21770025,0.363022733,0.290361492
tereza bleda,1000.732844,1.646765265,0.272101098,0.191541011,0.231821055
alessandro costa,1003.242777,2.469963839,0.27994179,0.314353362,0.297147576
nursulton ruziboev,1018.777237,3.645494096,0.32846936,0.489729802,0.409099581
brunno ferreira,1016.34323,3.738869881,0.320865849,0.503660463,0.412263156
yana santos,989.8272801,2.461959421,0.238033577,0.31315919,0.275596384
ivana petrovic,985.3237419,2.218755078,0.223965128,0.276875724,0.250420426
westin wilson,986.9467435,3.411707415,0.229035167,0.45485135,0.341943259
ariane da silva,1019.192994,3.115082801,0.329768129,0.410598156,0.370183142
ismael bonfim,1021.572268,3.498607611,0.337200662,0.467815922,0.402508292
elves brener,1015.318016,3.462973795,0.317663219,0.462499741,0.39008148
claudio ribeiro,968.8596783,3.077560146,0.172533601,0.40500018,0.288766891
mateus mendonca,956.2205082,3.38370819,0.133050528,0.450674168,0.291862348
nick aguirre,968.0415941,1.703694309,0.169978015,0.20003421,0.185006113
mateusz rebecki,1046.256269,4.674812946,0.414310173,0.643293077,0.528801625
nick fiore,968.522896,2.237247059,0.171481538,0.279634528,0.225558033
luan lacerda,970.174416,2.622278929,0.176640665,0.337077132,0.256858898
melquizael costa,1003.799972,2.617395899,0.281682395,0.336348636,0.309015515
gabriel bonfim,1035.07846,4.618221136,0.379392195,0.634850189,0.507121192
daniel marcos,1047.786599,3.033361237,0.419090717,0.39840618,0.408748449
yanis ghemmouri,970.8933719,1.859712517,0.178886587,0.223310445,0.201098516
caolan loughran,985.9261245,2.650736723,0.22584689,0.341322728,0.283584809
bogdan guskov,1018.730034,1.968289534,0.328321906,0.239508965,0.283915436
nora cornolle,1017.125695,3.209857889,0.323310165,0.424737577,0.374023871
jacqueline cavalcanti,1046.723659,2.377719684,0.415770238,0.300591529,0.358180883
morgan charriere,1016.705426,2.556791956,0.3219973,0.327307181,0.324652241
manolo zecchini,984,0.993768335,0.219829936,0.09412091,0.156975423
farid basharat,1062.408636,4.141650609,0.464768002,0.563751004,0.514259503
rodolfo bellato,1016.118844,3.534966127,0.320164898,0.473240221,0.396702559
veronica hardy,1030.637713,2.561176454,0.365519896,0.327961301,0.346740599
jamey-lyn horth,1015.991503,1.783729976,0.3197671,0.211974669,0.265870885
king green,1032.275649,5.153951707,0.370636591,0.714775414,0.542706002
zachary reese,1016.383847,3.987437036,0.320992733,0.540744002,0.430868367
clayton carpenter,1030.62294,3.313734571,0.365473749,0.440234858,0.402854304
khusein askhabov,983.3277922,1.060660676,0.217730049,0.104100526,0.160915287
nazim sadykhov,1031.11258,4.192809385,0.367003317,0.571383342,0.46919333
themba gorimbo,1033.428902,2.734868645,0.374239199,0.353874303,0.364056751
jamal pogues,1015.190784,2.756803517,0.317265761,0.35714675,0.337206255
victor martinez,968.6306877,2.955532096,0.171818265,0.386794911,0.279306588
trevor peek,982.2256662,3.128405531,0.214287155,0.412585764,0.313436459
nurullo aliev,1015.501915,3.856742087,0.318237693,0.521245725,0.419741709
carl deaton,969.3965685,1.155115855,0.174210774,0.11819222,0.146201497
gabriella fernandes,1002.812347,1.919140814,0.278597187,0.232176506,0.255386846
jesse butler,970.4497857,1.339560249,0.177500883,0.145709335,0.161605109
ketlen souza,1017.935949,2.041884599,0.32584129,0.250488555,0.288164923
da'mon blackshear,1007.537347,4.079698216,0.293357452,0.554508375,0.423932913
muhammad naimov,1030.350691,2.747475766,0.364623279,0.35575515,0.360189215
muin gafurov,992.1102704,2.513627865,0.245165333,0.320867564,0.283016449
yanal ashmouz,1015.887346,3.661697838,0.319441729,0.492147226,0.405794477
sam patterson,1015.247581,3.085874892,0.31744319,0.406240651,0.36184192
christian leroy duncan,1013.791653,3.861843243,0.312895065,0.522006762,0.417450914
jafel filho,1018.487104,3.593737323,0.327563025,0.48200825,0.404785637
gabriel santos,987.6359211,3.154355955,0.231188066,0.416457287,0.323822676
chris duncan,1030.648111,4.046958236,0.365552379,0.549623923,0.457588151
vinicius salvador,955.3771559,3.42379659,0.130416008,0.456654925,0.293535467
hyunsung park,1030.499831,4.439112929,0.365089174,0.608129175,0.486609174
seungguk choi,984,2.401683783,0.219829936,0.304166714,0.261998325
rinya nakamura,1044.406304,3.507484361,0.40853113,0.469140238,0.438835684
toshiomi kazama,984.6360631,2.426716426,0.221816911,0.307901315,0.264859113
yusaku kinoshita,968.0692143,2.886931049,0.170064297,0.376560374,0.273312336
anshul jubli,997.9217275,3.235947916,0.263319546,0.428629928,0.345974737
jeka saragih,983.3081326,2.947134287,0.217668634,0.385542048,0.301605341
jeongyeong lee,1013.749302,3.364396474,0.312762765,0.447793068,0.380277916
yizha,967.4034161,3.561656582,0.167984433,0.477222149,0.322603291
jesus aguilar,1031.874087,2.467795458,0.369382163,0.314029863,0.341706013
ian machado garry,1070.655097,4.200955805,0.490528839,0.5725987,0.53156377
bo nickal,1059.604512,5.029769661,0.456008295,0.696248791,0.576128543
loik radzhabov,999.2753656,3.008073489,0.26754813,0.39463352,0.331090825
esteban ribovics,1034.680119,3.532307914,0.378147831,0.472843644,0.425495738
kaynan kruschewsky,966.9121733,3.289625131,0.166449856,0.43663799,0.301543923
vitor petrino,1040.941879,4.354126307,0.397708732,0.595450088,0.49657941
eduarda moura,1017.720929,4.54680416,0.325169595,0.624195546,0.47468257
montserrat conejo ruiz,967.9475194,1.665077483,0.169684139,0.194272996,0.181978568
kaue fernandes,1000.909172,1.24095955,0.272651921,0.130999174,0.201825547
bruna brasil,1001.097045,2.965192123,0.273238813,0.388236083,0.330737448
gaston bolanos,1014.581666,1.662921879,0.31536296,0.193951404,0.254657182
junior tafa,989.4234651,1.859237988,0.236772113,0.22323965,0.230005882
hailey cowan,983.2636932,1.430714261,0.217529812,0.159308531,0.188419171
fernando padilla,1013.898584,3.574454818,0.313229104,0.479131508,0.396180306
trey waters,1032.643952,3.164528113,0.371787118,0.417974863,0.394880991
marcus mcghee,1061.968125,3.889182092,0.463391903,0.526085424,0.494738664
irina alekseeva,999.9446873,2.793334785,0.269639001,0.362596821,0.316117911
dennis buzukja,970.5818926,2.423796071,0.177913567,0.307465629,0.242689598
diego lopes,1074.312866,3.219595316,0.50195522,0.426190296,0.464072758
asu almabayev,1063.280015,3.638670817,0.467490073,0.488711843,0.478100958
karl williams,1025.044769,3.257826665,0.348048291,0.431894001,0.389971146
tainara lisboa,1030.891348,2.392050227,0.366312218,0.302729492,0.334520855
braxton smith,984.5598557,2.290514335,0.22157885,0.287581431,0.254580141
rolando bedoya,954.3908706,2.251582017,0.127334986,0.281773149,0.204554067
ikram aliskerov,1022.239444,5.102186623,0.33928483,0.707052621,0.523168725
chepe mariscal,1063.325511,3.809643791,0.467632196,0.514219167,0.490925682
sedriques dumas,1008.702492,2.220013079,0.296997207,0.277063404,0.287030306
jack jenkins,1029.957662,3.08859261,0.363395508,0.406646105,0.385020807
joshua van,1054.810814,3.249338378,0.441033425,0.43062764,0.435830533
francisco prado,984.4276555,2.628990698,0.221165874,0.338078455,0.279622165
bassil hafez,988.3822785,3.544461243,0.233519586,0.47465679,0.354088188
azat maksum,998.1220168,2.641489328,0.263945223,0.339943116,0.301944169
viktoriia dudakova,1008.873593,3.11222236,0.297531706,0.410171409,0.353851557
daniel barez,999.3344313,2.525369952,0.267732643,0.322619357,0.295176
mick parkin,1060.499821,3.14601106,0.458805119,0.415212319,0.437008719
shauna bannon,999.9710046,1.156100159,0.269721212,0.118339068,0.19403014
jonny parsons,1016.618965,2.130016342,0.321727207,0.263636861,0.292682034
darrius flowers,955.3226791,2.757486385,0.13024583,0.357248626,0.243747228
jaqueline amorim,1033.64225,4.203269264,0.374905667,0.572943843,0.473924755
val woodburn,969.3768168,1.67219493,0.174149072,0.195334843,0.184741957
edgar chairez,985.8019712,2.68572302,0.225459052,0.346542306,0.286000679
terrence mitchell,970.0332315,2.664229961,0.176199624,0.343335773,0.259767698
shannon ross,952.7918605,2.478797971,0.122339892,0.31567132,0.219005606
billy ray goff,999.2997464,5.623106389,0.267624292,0.784768234,0.526196263
kevin jousset,1018.237845,4.347262997,0.326784374,0.594426156,0.460605265
kiefer crosbie,968.7355307,2.146464209,0.17214578,0.266090706,0.219118243
landon quinones,970.078173,2.801543353,0.176340015,0.363821451,0.270080733
austen lane,986.1929123,2.782980862,0.226680299,0.361052127,0.293866213
felipe dos santos,987.0047776,2.338954391,0.229216458,0.294808165,0.262012312
charles radtke,1027.93212,2.651352067,0.357067986,0.34141453,0.349241258
talita alencar,999.2636932,2.266506591,0.267511667,0.283999735,0.275755701
rayanne dos santos,968.7363068,1.332947919,0.172148205,0.144722847,0.158435526
luana santos,1028.134853,3.106708922,0.357701299,0.409348863,0.383525081
josefine knutsson,1031.263693,2.441397415,0.367475376,0.31009156,0.338783468
marnic mann,968.0337726,1.053232964,0.169953582,0.102992391,0.136472987
charlie campbell,1031.277811,3.130729798,0.367519479,0.412932519,0.390225999
montserrat rendon,999.9354936,1.951753793,0.269610281,0.237042011,0.253326146
mizuki,1014.624575,1.929539164,0.315497001,0.233727828,0.274612414
blake bilder,983.0277251,3.021194599,0.216792679,0.396591048,0.306691864
steve erceg,1017.517803,2.741873598,0.324535059,0.354919367,0.339727213
melissa mullins,1016.755719,1.577414217,0.32215441,0.181194582,0.251674496
ravena oliveira,984.7183708,1.491576982,0.22207403,0.168388592,0.195231311
brendon marotte,968.6341898,0.679101447,0.171829205,0.047176003,0.109502604
shara magomedov,1062.19944,3.31285199,0.464114502,0.440103187,0.452108844
mohammad yahya,967.9558495,0.917999766,0.169710161,0.082817056,0.126263608
kevin borjas,968.7681594,2.084832751,0.172247708,0.256895957,0.214571832
caio machado,954.2425231,2.118728744,0.126871568,0.261952873,0.19441222
payton talbott,1045.706232,2.984327688,0.41259193,0.391090903,0.401841416
rafael estevam,1015.293528,4.651484,0.31758672,0.639812649,0.478699684
myktybek orolbai,1018.714872,4.725564232,0.32827454,0.650864621,0.489569581
jose johnson,983.4055681,2.445433412,0.21797301,0.310693687,0.264333349
isaac dulgarian,1016.106204,3.742823744,0.320125413,0.504250336,0.412187875
shamil gaziev,1019.309304,3.587560715,0.330131467,0.481086766,0.405609117
andre lima,1045.902953,1.850275715,0.413206459,0.221902576,0.317554518
mitch raposo,984,2.200668023,0.219829936,0.27417733,0.247003633
cesar almeida,1016.372672,2.152291655,0.320957822,0.266960098,0.29395896
jean silva,1049.091021,3.095447838,0.423165558,0.407668831,0.415417195
felipe bunes,985.3470234,3.321281588,0.224037856,0.441360792,0.332699324
tom nolan,1014.107506,3.318123435,0.313881747,0.440889629,0.377385688
ramon taveras,1016,2.909020253,0.319793645,0.379855846,0.349824745
serhiy sidey,1001.465865,3.338176378,0.274390956,0.443881312,0.359136134
vinicius oliveira,1034.376529,4.163659274,0.377199458,0.56703446,0.472116959
benardo sopaj,984,2.157519947,0.219829936,0.267740103,0.243785019
aj cunningham,985.5615611,3.444100348,0.224708043,0.459684026,0.342196035
abdul-kareem al-selwady,984,2.733516061,0.219829936,0.353672512,0.286751224
bekzat almakhan,986.9716348,1.391288986,0.229112924,0.153426705,0.191269814
brendson ribeiro,982.6596861,2.665074445,0.215642975,0.343461761,0.279552368
carlos vera,985.3678015,1.489491041,0.224102764,0.168077393,0.196090078
zhang mingyang,1031.935434,3.854329318,0.369573803,0.520885766,0.445229784
oban elliott,1045.530555,2.371575169,0.412043139,0.299674834,0.355858987
danny barlow,1031.209296,3.302820574,0.367305447,0.438606607,0.402956027
ronaldo rodriguez,1029.013959,1.845224983,0.360447509,0.221149061,0.290798285
thomas petersen,1001.943404,4.036491052,0.275882724,0.548062332,0.411972528
marquel mederos,1015.32834,2.86895601,0.317695469,0.373878692,0.345787081
jordan vucenic,983.3516699,1.068790811,0.217804639,0.105313454,0.161559047
mitch ramirez,985.1558217,1.69905056,0.223440568,0.199341413,0.21139099
danny silva,1017.570542,3.60979159,0.324699807,0.484403373,0.40455159
charalampos grigoriou,965.7738462,3.033521485,0.162893875,0.398430087,0.280661981
igor severino,984.7363068,6.286533795,0.222130059,0.88374445,0.552937254
steven nguyen,982.5068793,2.805527615,0.215165627,0.36441586,0.289790743
daria zhelezniakova,1001.430743,2.068680132,0.274281239,0.25448616,0.264383699
luis pajuelo,983.8985559,3.622909181,0.219513038,0.486360376,0.352936707
connor matthews,982.5897646,2.650794944,0.215424549,0.341331414,0.278377981
ibo aslan,1029.434206,3.888348487,0.361760303,0.525961059,0.443860681
angel pacheco,983.3280645,2.600894488,0.217730899,0.333886804,0.275808851
mauricio ruffy,1030.344099,3.338340737,0.364602688,0.443905833,0.40425426
dione barbosa,1000.643052,3.630228503,0.271820599,0.48745234,0.379636469
ernesta kareckaite,984,3.227313105,0.219829936,0.427341707,0.323585821
kayla harrison,1036.332097,4.55872181,0.38330839,0.625973531,0.504640961
jhonata diniz,1017.893013,3.698203671,0.325707163,0.497593503,0.411650333
chris padilla,1030.534107,4.125005036,0.365196245,0.561267664,0.463231955
james llontop,954.9067458,2.027049877,0.128946511,0.248275375,0.188610943
tecia pennington,1004.422877,3.400639348,0.283628263,0.453200114,0.368414189
oumar sy,1030.048584,3.474756642,0.363679536,0.464257615,0.413968576
tuco tokkos,984,1.309389799,0.219829936,0.141208229,0.180519082
valter walker,998.2776769,1.923152381,0.264431484,0.232774989,0.248603236
jean matsumoto,1031.771621,3.727360344,0.369062073,0.501943364,0.435502719
dylan budka,970.5498251,2.272621149,0.177813393,0.284911961,0.231362677
victor hugo,1001.46367,3.629833261,0.2743841,0.487393375,0.380888738
pedro falcao,984,4.150758152,0.219829936,0.565109752,0.392469844
timmy cuamba,967.4704329,1.678305796,0.168193784,0.196246518,0.182220151
carli judice,982.5305137,2.957836471,0.215239458,0.387138699,0.301189078
julia polastri,1002.03612,3.37215367,0.276172357,0.448950358,0.362561357
antonio trocoli,969.5158295,1.581270368,0.174583329,0.181769879,0.178176604
magomed gadzhiyasulov,1015.935297,2.58755349,0.319591521,0.33189647,0.325743996
felipe lima,1018.222414,2.230219314,0.326736167,0.278586064,0.302661116
changho lee,1016,4.80851882,0.319793645,0.663240551,0.491517098
xiao long,1000.151831,2.216803564,0.270286091,0.276584579,0.273435335
rei tsuruya,1016.030569,4.521110733,0.319889137,0.620362363,0.47012575
michael page,1007.105724,2.292274292,0.29200912,0.287843998,0.289926559
nathan fletcher,1016,2.933014481,0.319793645,0.383435526,0.351614585
zygimantas ramaska,984,0.562385491,0.219829936,0.029763241,0.124796588
kai asakura,988.824732,1.230713429,0.234901751,0.129470563,0.182186157
fatima kline,986.2999105,1.82122299,0.227014548,0.217568223,0.222291385
hyder amil,1030.52409,3.559301027,0.365164953,0.476870726,0.421017839
alice ardelean,967.228879,1.518556107,0.167439202,0.172413587,0.169926395
puja tomar,1015.263693,1.515200799,0.317493521,0.171913011,0.244703266
carlos prates,1068.585585,4.052787611,0.48406396,0.550493603,0.517278782
stewart nicoll,984.7657054,2.745451003,0.222221897,0.355453077,0.288837487
mairon santos,1016,1.218854412,0.319793645,0.127701326,0.223747485
kaan ofli,984,0.507645618,0.219829936,0.021596642,0.120713289
wang cong,997.3485977,4.262782546,0.261529165,0.581822583,0.421675874
ryan loder,1016,2.252056077,0.319793645,0.281843874,0.300818759
robert valentin,984,0.670570657,0.219829936,0.045903301,0.132866618
jose daniel medina,984.0185302,1.600110494,0.219887821,0.184580622,0.202234222
robelis despaigne,982.4969124,2.005099711,0.215134491,0.245000647,0.230067569
katlyn cerminara,987.9540121,3.763326713,0.232181739,0.507309158,0.369745449
zachary scroggin,987.7540034,1.81987576,0.231556939,0.21736723,0.224462085
cortavious romious,983.9315306,1.816077947,0.219616046,0.216800638,0.218208342
reinier de ridder,1018.023807,3.794636229,0.326115745,0.5119802,0.419047973
mansur abdul-malik,1015.109767,4.023846731,0.317012678,0.546175936,0.431594307
klaudia sygula,984.0364822,1.097630751,0.219943901,0.109616062,0.164779982
ivan erslan,982.5543098,1.513348303,0.215313793,0.171636639,0.193475216
bolaji oki,1000.646975,3.747514522,0.271832853,0.50495015,0.388391502
robert bryczek,981.5616549,1.402606731,0.212212872,0.15511519,0.183664031
nikolay veretennikov,984.7336866,1.876373817,0.222121874,0.225796131,0.223959003
stephanie luciano,1016.736307,2.166623731,0.322093769,0.269098289,0.295596029
quang le,971.1452462,2.357336241,0.179673408,0.297550539,0.238611974
cameron smotherman,1016.69224,2.572277255,0.32195611,0.329617421,0.325786766
carlos leal,987.0202847,3.555137129,0.2292649,0.476249517,0.352757208
rafael cerqueira,984.6481621,2.026718654,0.221854707,0.24822596,0.235040334
roberto romero,985.6123637,2.14122271,0.224866744,0.26530873,0.245087737
lone'er kavanagh,1016,2.662936646,0.319793645,0.343142825,0.331468235
jose ochoa,984,1.973430677,0.219829936,0.240275968,0.230052952
ozzy diaz,984.7686598,1.739813951,0.222231126,0.205422872,0.213826999
suyoung you,1016,2.755249232,0.319793645,0.356914867,0.338354256
baergeng jieleyisi,984,2.752280086,0.219829936,0.356471903,0.288150919
donghun choi,1016,2.53464299,0.319793645,0.324002794,0.32189822
kiru sahota,984,2.667036723,0.219829936,0.343754512,0.281792224
shi ming,1016,2.427379047,0.319793645,0.308000171,0.313896908
feng xiaocan,984,3.599616536,0.219829936,0.482885365,0.35135765
nyamjargal tumendemberel,983.2927949,3.758611089,0.217620722,0.506605638,0.36211318
ramazan temirov,1015.997927,2.907026976,0.319787168,0.37955847,0.349672819
sean sharaf,982.7198962,3.750084052,0.215831063,0.505333496,0.36058228
cody haddon,1015.303379,5.148928634,0.317617495,0.714026025,0.51582176
lucas rocha,984.7054404,3.279205258,0.222033637,0.435083457,0.328558547
