Fighter,FPI
Aalon Cruz,0.558392226170179
Aaron Phillips,0.7625989110927037
Aaron Riley,2.6502721606900677
Aaron Simpson,4.594041295357075
Abdul Razak Alhassan,3.4124512189000384
Abdul-Kareem Al-Selwady,2.1269029659404564
Abel Trujillo,3.758627349592721
Abu Azaitar,1.9514535750002615
Abubakar Nurmagomedov,2.694214558425911
Abus Magomedov,2.884931489046021
Adam Milstead,2.324364901708558
Adam Wieczorek,3.298151857016617
Adrian Yanez,2.6605068160943994
Adriano Martins,3.059961115820936
Aiemann Zahabi,2.869696080882477
Ailin Perez,2.583781067906891
Aisling Daly,1.684387294099669
Aj Dobson,2.314676602160551
Aj Fletcher,1.8320011621668832
Akira Corassani,3.842797988988464
Al Iaquinta,5.2877666402215056
Alan Baudot,2.5750425154439416
Alan Belcher,4.250094509921154
Alan Jouban,3.7566478418947082
Alan Patrick,3.0561605523018507
Alatengheili,1.9564266466197502
Albert Duraev,2.7079480686560613
Albert Tumenov,3.6971525760778383
Alberto Mina,3.582140461554397
Alejandro Perez,3.2990374463489642
Aleksa Camur,1.5740517641570375
Aleksei Oleinik,4.010498376085516
Alen Amedovski,0.31725195091310526
Alessandro Costa,1.390710996584298
Alessio Di Chirico,2.631478321883488
Alessio Sakara,3.007372786931953
Alex Caceres,3.6478074163722196
Alex Chambers,2.1635028415653874
Alex Garcia,5.177939673514715
Alex Morono,3.479355234967809
Alex Oliveira,4.357786519039372
Alex Pereira,3.9992918208884776
Alex Perez,4.579768181651992
Alex Reyes,1.2757234875591594
Alex Soto,1.2649282014992747
Alex White,2.5344035157621385
Alexa Grasso,4.264157372045224
Alexander Gustafsson,5.338817483552779
Alexander Hernandez,3.9135057035926692
Alexander Munoz,1.2686492244432015
Alexander Volkanovski,6.014182399127924
Alexander Volkov,4.524385200574895
Alexandr Romanov,3.3832189610146
Alexandra Albu,3.751736091441054
Alexandre Pantoja,3.8833604449970194
Alexis Davis,3.716917887581873
Ali Alqaisi,1.19753976244449
Ali Bagautinov,3.4909697992669435
Aliaskhab Khizriev,3.1995673179098776
Alistair Overeem,5.039898567616419
Aljamain Sterling,5.903960082475546
Allan Nascimento,1.9597082357124402
Allen Crowder,2.1167595057324213
Alonzo Menifield,3.3542002695786266
Alvaro Herrera,2.2607014468109274
Amanda Cooper,2.2804848313665023
Amanda Lemos,3.6445413982183243
Amanda Nunes,4.933800151773561
Amanda Ribas,3.7763313685989077
Amir Albazi,2.3561614278702576
Amir Sadollah,4.1478146378987395
Anderson Silva,7.51955677910749
Andre Ewell,1.6457813633107126
Andre Fialho,2.633985364535759
Andre Fili,3.3713795495045664
Andre Muniz,4.604120270829428
Andre Petroski,3.9983617017398627
Andre Winner,4.324610637300856
Andrea Lee,3.26639477642681
Andreas Michailidis,0.6342699400894181
Andrei Arlovski,5.404681423740477
Andrew Sanchez,3.3486125173302264
Andy Ogle,3.0046654871209713
Ange Loosa,1.3524996758077021
Angel Pacheco,1.204545508292348
Angela Hill,3.3221176505078387
Anna Elmose,0.6752754177920799
Anthony Birchak,2.3853608212411808
Anthony Hamilton,2.60908993257358
Anthony Hernandez,4.4541565078769585
Anthony Ivy,0.23062274540000002
Anthony Johnson,5.363850733470841
Anthony Lapsley,1.2461551425734103
Anthony Njokuani,3.9223417382752137
Anthony Perosh,3.3373990524286845
Anthony Pettis,5.39850362517075
Anthony Rocco Martin,4.150197516447265
Anthony Smith,4.7213710268207905
Antonina Shevchenko,2.439420214469122
Antonio Braga Neto,3.370689190503158
Antonio Carlos Junior,3.7949960620041407
Antonio Carvalho,3.375119576648582
Antonio Silva,4.492172195130988
Aori Qileng,1.3450197381720612
Aoriqileng,1.6190984104404702
Ariane Carnelossi,1.8650580429624213
Ariane Da Silva,3.0991315093876244
Ariane Lipski,1.486462248301914
Arjan Bhullar,3.181659540193669
Arman Tsarukyan,3.967331211726234
Armen Petrosyan,2.286721946842172
Arnold Allen,4.483844656658587
Artem Lobov,2.7921237962395122
Ashlee Evans-Smith,3.03512660216356
Ashley Yoder,1.9584111599327263
Askar Askarov,3.352395434920993
Aspen Ladd,3.5737450598883216
Asu Almabayev,2.77352337637532
Augusto Montano,2.9484387347744154
Augusto Sakai,3.3503804887294764
Austen Lane,2.026074553102214
Austin Hubbard,1.8056118188092285
Austin Lingo,1.330204166942539
Azamat Murzakanov,4.291248646376253
Azat Maksum,1.9913192665211588
Baergeng Jieleyisi,2.604525310754489
Bart Palaszewski,2.9275566143862246
Bartosz Fabinski,3.510593825367799
Bassil Hafez,2.381833350261023
Batgerel Danaa,2.0041971495974296
Bea Malecki,1.5117105240799913
Bec Rawlings,2.902150430488598
Belal Muhammad,4.439896707207301
Ben Nguyen,2.5758092708797906
Ben Rothwell,4.5026225267489055
Ben Saunders,4.427235992023602
Ben Sosoli,2.1652710980951824
Beneil Dariush,4.947562329629624
Benito Lopez,3.088214672319963
Benoit Saint Denis,4.113303136623022
Benson Henderson,6.413797107928582
Bethe Correia,3.238851725220342
Bevon Lewis,3.122385766174843
Bill Algeo,2.712117142350508
Billy Quarantillo,3.186404587198496
Billy Ray Goff,2.5111528653171478
Bj Penn,6.278258629389094
Blagoy Ivanov,3.275365954797095
Blood Diamond,0.7459888119671498
Bo Nickal,4.649534593964715
Bobby Green,4.608913431317157
Bobby Voelker,3.4514868810025843
Bojan Mihajlovic,1.5159556778805836
Bojan Velickovic,1.7030803293831083
Bolaji Oki,2.3691501224455305
Brad Katona,2.8655959730407723
Brad Pickett,3.790517503153387
Brad Riddell,2.8648185098287176
Brad Tavares,4.897244389473428
Bradley Scott,3.3363633884909096
Brady Hiestand,2.5443296721378306
Brandon Davis,1.5870186746884127
Brandon Moreno,4.2709662871195695
Brandon Royval,3.637231086987865
Brandon Thatch,2.3799238152039752
Brandon Vera,4.512070817422764
Braxton Smith,1.9507420220113043
Brendan Allen,4.430828675288382
Brendan O'Reilly,3.663797057649843
Brendan Schaub,3.5450109644368633
Brett Johns,3.9227078288914887
Brian Bowles,2.94978741498883
Brian Ebersole,4.450635737549516
Brian Foster,2.5507845090986203
Brian Kelleher,3.067057618554489
Brian Ortega,4.8078712983207605
Brian Stann,3.1962852873380303
Brock Lesnar,4.927676667053452
Brogan Walker,1.0542675562375448
Brok Weaver,1.4033393162069765
Bruna Brasil,1.7283587878837077
Brunno Ferreira,2.4381540065015264
Bruno Silva,2.317537732338061
Bryan Barberena,3.9322987044632582
Bryan Battle,2.701779218668727
Bryan Caraway,4.702231503035023
Bryce Mitchell,3.782386579773105
Bubba Bush,0.9170933359940714
Cain Velasquez,6.727154064254013
Caio Borralho,3.145181394219386
Caio Machado,1.6068462356627273
Caio Magalhaes,3.347136179950258
Callan Potter,1.819883948386878
Caludia Gadelha,3.0987842637232985
Caludio Puelles,1.751952014516356
Calvin Kattar,4.596839319279432
Cameron Saaiman,3.019861957471033
Caol Uno,4.572808716371347
Carla Esparza,3.7237790837466758
Carli Judice,0.8184254916379688
Carlos Candelario,2.013435391140363
Carlos Condit,5.648674145255778
Carlos Felipe,1.8869733754960718
Carlos Hernandez,1.8362675887543216
Carlos Ulberg,2.6771832542442136
Carlston Harris,2.0710889495372737
Carlton Minus,0.24063682190000002
Casey Kenney,2.820821644979759
Casey O'Neill,3.137559932788845
Cat Zingano,3.817893395201164
Cathal Pendred,3.8518801221454173
Cb Dollaway,4.3567612344406
Cesar Almeida,2.524387840412979
Cesar Arzamendia,1.634966439130498
Cezar Ferreira,3.5521080135362673
Chad Anheliger,2.0718664365923165
Chad Laprise,3.744604842261878
Chad Mendes,4.99830095905451
Chael Sonnen,5.729388472823472
Chan Sung Jung,4.419210243971613
Charalampos Grigoriou,2.105705603338689
Charles Byrd,1.9084232398511771
Charles Johnson,2.4979888259098484
Charles Jourdain,2.611085826995922
Charles Oliveira,6.112582307812566
Charles Radtke,2.960467869852119
Charles Rosa,2.7217554156385115
Charlie Brenneman,3.183359080594758
Chas Skelly,3.833395810303032
Chase Hooper,2.9006348591678695
Chase Sherman,2.425734394127274
Che Mills,2.6922682850742135
Cheick Kongo,4.9070929284321645
Cheyanne Buys,1.427832886586387
Cheyanne Vlismas,2.3063993300019807
Chico Camus,2.468135159341412
Chidi Njokuani,2.667729524721302
Chris Barnett,1.984709758955485
Chris Beal,3.0150765117349425
Chris Camozzi,3.6379129490892175
Chris Cariaso,4.213134290510376
Chris Clements,3.720896876652263
Chris Curtis,3.7746838477699485
Chris Daukaus,3.079406880440827
Chris Duncan,2.422560105506447
Chris Gruetzemacher,2.576353142621458
Chris Gutierrez,2.611941618182424
Chris Holdsworth,2.2524201783290474
Chris Indich,1.0637611063517318
Chris Kelades,3.324822113530841
Chris Leben,5.015662580808505
Chris Lytle,4.522959756875209
Chris Wade,2.995412128889913
Chris Weidman,6.462311728912072
Christian Aguilera,2.163115689535103
Christian Leroy Duncan,2.4761901915606095
Christian Morecraft,4.509396208131692
Christian Rodriguez,3.033353001784289
Christos Giagos,2.246083839982573
Chuck Liddell,7.749705107342132
Ciryl Gane,3.8419220718362865
Cj Vergara,2.4464379320584984
Claude Patrick,4.056463547332091
Claudia Gadelha,4.691509633170573
Claudio Puelles,3.0063249619805164
Claudio Ribeiro,2.578732508188916
Claudio Silva,3.8434349883685073
Clay Collard,3.6907077780189246
Clay Guida,5.292837614631987
Clay Harvison,3.014887985026089
Clayton Carpenter,2.270917242055463
Clint Hester,3.675911587391171
Cm Punk,0.9644107670865578
Cody Brundage,2.3465866728965943
Cody Donovan,2.2544533358711596
Cody Durden,3.017506987130627
Cody East,2.0414998675365945
Cody Garbrandt,4.862274185658025
Cody Mckenzie,2.88756273656574
Cody Stamann,3.49017719594326
Colby Covington,5.172686018234808
Cole Miller,4.609518816940273
Cole Smith,1.609330992621255
Cole Williams,0.2931927431713395
Collin Anglin,1.4927745063432094
Colton Smith,3.678739456571055
Conor Mcgregor,5.908781574847474
Corey Anderson,4.776521068603638
Cortney Casey,3.34318348907452
Cory Mckenna,1.3317315248917934
Cory Sandhagen,5.044963474227835
Costas Philippou,4.243208448479721
Court Mcgee,4.758804824708529
Cris Cyborg,4.69337935572521
Cristian Quinonez,3.3272842262270856
Cristiano Marcello,2.8247674469328845
Cub Swanson,5.0001057318080875
Cung Le,2.860861159180516
Curtis Blaydes,5.70575159073999
Curtis Millender,4.396068159737654
Cynthia Calvillo,3.4424926824466042
Cyril Asker,2.156775896009589
Cyrille Diabate,2.683779566000289
Da Un Jung,1.868941061930647
Da Woon Jung,3.3369721520445528
Da'Mon Blackshear,2.555939766681198
Da-Un Jung,3.770026003061701
Dakota Bush,1.9444640002654592
Dalcha Lungiambula,1.7966567980386956
Damacio Page,2.4636201219028893
Damarques Johnson,3.7011461129459686
Damian Grabowski,2.248156151596482
Damian Stasiak,2.474329389032911
Damien Brown,3.57406233815368
Damir Hadzovic,3.6992009311109695
Damir Ismagulov,3.393174790094838
Damon Jackson,3.446432306825182
Dan Argueta,2.219675066557723
Dan Hardy,4.646600360857385
Dan Henderson,4.348722348226158
Dan Hooker,4.173336625742534
Dan Ige,3.8115501316054017
Dan Miller,3.7435935146756796
Danaa Batgerel,1.3767727086392219
Daniel Barez,2.2586680468104627
Daniel Cormier,6.353077270008599
Daniel Jolly,0.6304184343789279
Daniel Kelly,3.9492014709491388
Daniel Lacerda,1.6077784491894636
Daniel Omielanczuk,3.2976303450952194
Daniel Pineda,2.358879322793142
Daniel Roberts,3.3010192677656303
Daniel Rodriguez,3.015998106687155
Daniel Santos,2.547693731410695
Daniel Sarafian,2.1362281270118615
Daniel Spitz,1.2259648764615556
Daniel Teymur,2.0232238603068047
Daniel Zellhuber,2.5737842640403303
Danielle Taylor,3.5391324150969563
Danny Barlow,1.647178654133214
Danny Castillo,4.321520841445505
Danny Henry,3.9223799534755863
Danny Roberts,3.3769227177949244
Darian Weeks,1.6247587750963661
Darko Stosic,2.2294003714839787
Daron Cruickshank,3.8373821373911463
Darrell Montague,1.7389087824701144
Darren Elkins,4.880484298880481
Darren Stewart,2.2876303539031575
Darren Till,4.150741635313523
Darrick Minner,2.045912612178385
Davey Grant,3.155211256588115
Davi Ramos,3.8301372879962656
David Branch,3.994731422877081
David Dvorak,1.8637167208730876
David Loiseau,2.390835766330153
David Michaud,2.9363534133829567
David Onama,2.2331258854539096
David Teymur,4.057926335351201
David Zawada,2.9830399050155614
Dean Barry,0.7465489276232969
Deiveson Figueiredo,4.922103732971651
Demetrious Johnson,7.029506209368501
Demian Maia,6.315175768244089
Denis Tiuliulin,1.660384071530068
Denise Gomes,1.904211499462242
Dennis Bermudez,5.240503122620635
Dennis Buzukja,1.9230338511038176
Dennis Hallman,3.757135795905964
Dennis Siver,4.8755904797025496
Dequan Townsend,0.4410132502000151
Derek Brunson,5.4643887412544885
Deron Winn,2.3898827703057015
Derrick Lewis,4.906417807145404
Desmond Green,4.540961487439195
Devin Clark,2.941284995442759
Devin Powell,1.4780591333841164
Devonte Smith,2.589513187119804
Dhiego Lima,3.1324544105524246
Diana Belbita,1.0643231457561646
Diego Brandao,3.267139283044699
Diego Ferreira,4.540580789952488
Diego Lopes,3.4752110078705925
Diego Nunes,5.167088136219498
Diego Rivas,2.208882543366807
Diego Sanchez,6.029051534483866
Dione Barbosa,2.175131545792276
Dmitrii Smoliakov,0.9050090624064538
Domingo Pilarte,1.2373613741644476
Dominick Cruz,6.272856775671033
Dominick Reyes,4.485639786762974
Don Madge,2.6530015794079898
Don'Tale Mayes,2.142588711073068
Donald Cerrone,6.238747225796413
Dong Hyun Kim,5.0477230378011
Dong Hyun Ma,2.825726542933462
Dongi Yang,3.483677285028567
Dooho Choi,3.0909866339844605
Douglas Silva De Andrade,3.1933060008599132
Drakkar Klose,3.302581516179462
Drew Dober,4.23981410275028
Dricus Du Plessis,6.505588483320251
Duane Ludwig,3.264581675946309
Dusko Todorovic,1.9134131025664944
Dustin Hazelett,4.672577053584265
Dustin Jacoby,2.8261484385520723
Dustin Ortiz,4.575152382281975
Dustin Pague,2.4207512112939575
Dustin Poirier,5.682010734828689
Dustin Stoltzfus,3.9208114290394467
Dwight Grant,2.1771238787547373
Dylan Andrews,3.1410073249554316
Dylan Budka,1.875865147875533
Ed Herman,4.703820046578958
Eddie Alvarez,6.314313513624994
Eddie Gordon,2.33012937532917
Eddie Wineland,3.9575270506171876
Edgar Chairez,1.7584184381295258
Edmen Shahbazyan,3.980677022193858
Edson Barboza,5.256688671162384
Eduarda Moura,2.834720460403296
Edwin Figueroa,2.1923710158128817
Efrain Escudero,3.4378776390325836
Elias Silverio,4.2399930963466375
Elias Theodorou,4.764321271025301
Eliot Marshall,3.9563048630679676
Elise Reed,1.236772554035664
Elizeu Dos Santos,3.194685013348691
Elizeu Zaleski Dos Santos,4.234585079968934
Elves Brener,3.74147678087581
Elvis Mutapcic,2.872073373252266
Emil Meek,4.209051073171662
Emily Ducote,2.4632544814441046
Emily Whitmire,1.7989048713386975
Enrique Barzola,4.232301849224198
Eric Schafer,3.6451788737161426
Eric Shelton,3.461701087472064
Eric Spicely,2.554498799083694
Erick Gonzalez,2.212643973914507
Erick Montano,2.5978831358223164
Erick Silva,3.4501584704102313
Erik Koch,3.583156249116199
Erik Perez,4.070685971657567
Erik Silva,2.3961743529356356
Erin Blanchfield,3.7186279555374586
Eryk Anders,3.103643820502439
Esteban Ribovics,2.8504375151797827
Evan Dunham,5.462521308884137
Evan Elder,1.5103289382788805
Fabio Maldonado,4.553538205183979
Fabricio Camoes,2.171486270782362
Fabricio Werdum,5.879973009791752
Fares Ziam,2.408504179642561
Farid Basharat,3.1387935981265214
Felice Herrig,3.480643025026957
Felicia Spencer,1.632480689415489
Felipe Arantes,3.215289997849045
Felipe Dos Santos,1.9825868114397736
Fernando Padilla,2.0851469342207007
Fernie Garcia,1.7193500637166133
Forrest Griffin,7.263290766591151
Forrest Petz,2.137862437419206
Francimar Barroso,2.741766987776649
Francis Carmont,4.610211090041724
Francis Marshall,2.7507887630845307
Francis Ngannou,4.770394521711394
Francisco Figueiredo,1.0583045279599015
Francisco Rivera,4.46952618845266
Francisco Trevino,3.9797840016446275
Francisco Trinaldo,4.633598395907233
Frank Camacho,2.718927539681557
Frank Mir,4.935182156103902
Frankie Edgar,7.248285044924261
Frankie Perez,3.1574769587092026
Frankie Saenz,3.806544319626124
Gabe Green,1.7935121327900256
Gabriel Benitez,3.114923597122828
Gabriel Bonfim,3.2324287083562266
Gabriel Gonzaga,4.274919353509981
Gabriel Silva,0.9826580232577267
Gadzhimurad Antigulov,2.9912555514681505
Garreth Mclellan,3.6133866867614484
Gaston Bolanos,1.419353491642814
Gavin Tucker,2.6989574611284937
Gegard Mousasi,4.322985423994299
Geoff Neal,4.297373345211165
George Roop,3.6371485980552882
George Sotiropoulos,5.308484088680508
George Sullivan,3.7633151661395168
Georges St-Pierre,8.236263756804748
Gerald Meerschaert,4.201351189433779
Geraldo De Freitas,2.0011646741363562
Germaine De Randamie,3.670512441596059
Gian Villante,3.862446725975819
Giga Chikadze,3.100016513158785
Gilbert Burns,4.81169579553907
Gilbert Melendez,5.082583085966288
Gilbert Urbina,2.188846857199581
Gillian Robertson,2.8802097422577853
Gina Mazany,2.145439256957946
Glaico Franca,3.977068102701411
Gleison Tibau,5.236363190645077
Gloria De Paula,1.0169820671351752
Glover Teixeira,5.739191216485246
Godofredo Pepey,2.551214972337498
Gokhan Saki,2.9582648908838096
Grant Dawson,4.376640819963532
Gray Maynard,5.614215669194897
Greg Hardy,1.610564405824654
Gregor Gillespie,4.47119365859873
Gregory Rodrigues,2.81564396160565
Guido Cannetti,3.0926599807342123
Gunnar Nelson,4.110607707348288
Guram Kutateladze,1.219834455618936
Gustavo Lopez,1.3343923716157478
Hacran Dias,4.341884132931473
Hailey Cowan,0.9755660697152954
Hakeem Dawodu,2.584421192490563
Hannah Cifers,1.3528976922821556
Hatsu Hioki,3.5712613422873303
Hayder Hassan,1.1575913276571408
Hector Lombard,4.472216246920454
Hector Sandoval,2.20747567726506
Hector Urbina,4.141656859778832
Heili Alateng,1.8580668092700279
Henry Briones,3.809338333544589
Henry Cejudo,5.538053588741297
Henry Martinez,2.3586564083025268
Herbert Burns,3.0844594063642905
Hernani Perpetuo,3.0511809421840073
Holly Holm,3.9344297571092404
Hu Yaozong,1.9058595880254985
Hugo Viana,3.7361204403461206
Humberto Bandenay,1.4579452966913065
Hunter Azure,3.4594930178496486
Hyun Gyu Lim,4.50537738353392
Hyunsung Park,2.291780171069412
Ian Entwistle,2.951917870909236
Ian Garry,1.7796935817719541
Ian Heinisch,3.4443560260182418
Ian Machado Garry,3.092199744802735
Ian Mccall,3.978167165608018
Iasmin Lucindo,0.7169156150674443
Ibo Aslan,2.511328542399937
Ignacio Bahamondes,3.079765403278848
Igor Araujo,3.5256432651367575
Igor Pokrajac,3.1139901209793575
Igor Severino,3.1788517016586764
Ike Villanueva,1.9528444126129154
Ikram Aliskerov,3.9758689906010014
Ilia Topuria,5.754411531971064
Iliarde Santos,3.195515503798472
Ilir Latifi,3.776103114293075
Impa Kasanganay,2.184195852896986
Ion Cutelaba,3.227799483611344
Irene Aldana,3.67619969853986
Irina Alekseeva,2.0968278984194186
Irwin Rivera,0.23445962737270032
Isaac Dulgarian,2.0825106039653085
Isaac Vallie-Flagg,3.7476738934611484
Islam Makhachev,5.568702162288114
Ismael Bonfim,3.2850558100926337
Ismail Naurdiev,2.1986176784051628
Israel Adesanya,5.66312172928633
Istela Nunes,0.883019745647393
Iuri Alcantara,4.031381444086879
Ivan Jorge,2.932009101421867
Ivan Menjivar,3.3737695179722285
Ivana Petrovic,1.8349193554263619
Jacare Souza,5.391157253938198
Jack Della Maddalena,3.1717639415948193
Jack Hermansson,4.4499264800569724
Jack Jenkins,2.7092591920575106
Jack Marshman,3.0567506395163457
Jack Shore,3.419089637687056
Jacob Kilburn,0.4041000218094457
Jacob Malkoun,2.530751130773826
Jacob Volkmann,3.751832706784677
Jacqueline Cavalcanti,1.7998121148980257
Jafel Filho,2.9527349091516593
Jai Herbert,1.8875284088580826
Jailton Almeida,5.244840669160533
Jairzinho Rozenstruik,4.286195322763545
Jake Collier,2.333620136800071
Jake Ellenberger,5.278046319183605
Jake Hadley,2.164776328743041
Jake Hecht,2.768645803149658
Jake Matthews,4.0235815714632
Jake Shields,4.258676983215575
Jalin Turner,3.8529675734032085
Jamahal Hill,1.5514680722099194
Jamall Emmers,1.4956422546183097
James Head,2.0830310964304535
James Irvin,2.2692336310857284
James Krause,4.769826493117575
James Llontop,1.5850655070338098
James Moontasri,2.6398857376358347
James Te Huna,3.727502076036687
James Vick,5.032287172933513
James Wilks,3.2542193482697286
Jamey-Lyn Horth,1.9967905066209402
Jamie Moyle,2.784338052167324
Jamie Mullarkey,2.5420633867407014
Jamie Pickett,1.8820246666868101
Jamie Varner,4.536569942771765
Jan Blachowicz,5.294559003734356
Jaqueline Amorim,2.6636682335565713
Jared Cannonier,4.313317243758399
Jared Gooden,0.7449121495734338
Jared Gordon,3.4766287171020545
Jared Hamman,2.7161302944018133
Jared Papazian,2.8781935085244923
Jared Rosholt,3.163733686358655
Jared Vanderaa,1.7311212291090632
Jarno Errens,1.3618001716105625
Jasmine Jasudavicius,2.00378861972413
Jason Brilz,3.5029399701554116
Jason Gonzalez,0.8728646535456797
Jason Knight,4.486377551894752
Jason Macdonald,3.2216833936555456
Jason Miller,3.2723177106279686
Jason Saggo,3.498906849859034
Jason Witt,2.814308445700484
Jason Young,2.4899060083369218
Javid Basharat,3.0105701307328947
Jeff Curran,1.7152804921432196
Jeff Molina,2.1286966236999816
Jeka Saragih,2.792391985275761
Jenel Lausa,2.894450423815181
Jennifer Maia,2.7983793205746563
Jeongyeong Lee,3.2531599256335904
Jeremiah Wells,3.2642349385736042
Jeremy Stephens,4.874178253595221
Jessamyn Duke,4.296474237531192
Jesse Bongfeldt,3.7538753179715734
Jesse Forbes,1.7033995277072957
Jesse Ronson,2.9567590534099404
Jessica Aguilar,3.6329413994374335
Jessica Andrade,5.2381533732763295
Jessica Eye,3.51836656517541
Jessica Penne,2.730120836315258
Jessica Rakoczy,2.60432051417167
Jessica-Rose Clark,2.3610193432885715
Jesus Aguilar,2.512845738167644
Jhonata Diniz,3.6487797903508206
Ji Yeon Kim,2.5160270956833584
Jim Alers,2.17771650584683
Jim Crute,2.7788547923914573
Jim Miller,5.752073107590349
Jimi Manuwa,4.386887376012456
Jimmie Rivera,5.3351230557124065
Jimmy Crute,4.086214616802318
Jimmy Flick,2.9922762461789576
Jimy Hettes,4.246533938881571
Jinh Yu Frey,1.7233707476002056
Jiri Prochazka,3.6494540100572173
Jj Aldrich,2.4408240677002726
Joachim Christensen,3.727529652225563
Joanderson Brito,2.9828615456449428
Joanna Jedrzejczyk,6.837190191340028
Joanne Calderwood,3.3864846638778445
Joanne Wood,3.196697608689419
Joaquim Silva,2.500922651101279
Joaquin Buckley,2.761700163624324
Joby Sanchez,1.7429537720756083
Jocelyn Jones-Lybarger,2.9663418897257743
Joe Doerksen,3.5655269075076443
Joe Duffy,3.2948525832176614
Joe Lauzon,5.069336490335056
Joe Proctor,4.042117983484816
Joe Pyfer,2.7124966161849358
Joe Riggs,3.113640767690754
Joe Solecki,3.339525942789601
Joe Soto,3.262760484200367
Joe Stevenson,4.114971617734834
Joel Alvarez,2.779867212247846
Joey Beltran,3.390942303341274
John Albert,1.5077928218600245
John Alessio,2.3717916244685378
John Castaneda,2.8269447956708813
John Dodson,4.653826618661873
John Hathaway,4.773031462655261
John Howard,4.045920147596896
John Lineker,5.441327399420479
John Makdessi,4.252656280999533
John Moraga,4.36695308422601
John Phillips,0.7484199519921333
Johnny Bedford,4.060091907284887
Johnny Eduardo,3.304731173381546
Johnny Munoz,2.279684313662419
Johnny Walker,3.6904611152451188
Johny Hendricks,6.446738948093408
Jon Fitch,6.732123390019151
Jon Jones,7.4138067640583545
Jon Madsen,2.820393918005658
Jon Tuck,4.351300389133516
Jonathan Brookins,3.172992636564808
Jonathan Martinez,3.0533295588440383
Jonathan Pearce,4.0131251087483015
Jonathan Wilson,2.1652931777324373
Jonavin Webb,1.6702917985882033
Jordan Espinosa,2.16948886126992
Jordan Griffin,2.4550703680334345
Jordan Johnson,3.4659505639449164
Jordan Leavitt,2.8012114528513816
Jordan Mein,4.051263168834862
Jordan Rinaldi,4.030667805326315
Jordan Williams,0.7326397032597479
Jordan Wright,2.1977091694740407
Jorge De Oliveira,0.9103329585494435
Jorge Masvidal,4.942991533503751
Jorge Rivera,3.563645279181803
Jose Aldo,6.960106134721638
Jose Quinonez,2.6108695673267466
Josefine Knutsson,1.8346850213594401
Joselyne Edwards,2.0311382803012505
Joseph Benavidez,5.473849732991273
Joseph Holmes,2.074387065743781
Joseph Morales,2.585527788723203
Josh Barnett,4.661518152979019
Josh Culibao,2.5049097028254135
Josh Emmett,4.657189221497047
Josh Fremd,2.4550158077311433
Josh Grispi,2.440529389994751
Josh Koscheck,5.568477973013316
Josh Neer,3.729405469865309
Josh Parisian,2.412086393794735
Josh Quinlan,1.7899506010585267
Josh Samman,3.4999642495919057
Josh Stansbury,2.1545548441325213
Josh Thomson,4.800912027644309
Joshua Burkman,3.8970185106021837
Joshua Van,2.035884541522508
Josiane Nunes,1.7176881119335858
Journey Newson,1.202997305766265
Jp Buys,2.2711240115310276
Juan Adams,1.1468370597980335
Juan Espino,3.0085010755930575
Julia Avila,1.399227997342061
Julia Polastri,2.2624234809027177
Julian Erosa,3.1029783915847537
Julian Marquez,2.9500336266218268
Juliana Miller,1.905283322405754
Julianna Pena,4.162059321303873
Julija Stoliarenko,1.0955027985664374
Julio Arce,3.595252661911403
Jumabieke Tuerxun,2.587260806955657
Junior Albini,3.7200489337742355
Junior Dos Santos,6.013262880333848
Junior Hernandez,1.8357346867830082
Junior Tafa,1.9935354696937764
Junyong Park,2.9182644981710073
Jussier Formiga,4.179585233390015
Justin Gaethje,5.2944551397246045
Justin Lawrence,3.5061910285467053
Justin Ledet,4.398833218290893
Justin Salas,3.180526589747941
Justin Scoggins,3.742308492449932
Justin Tafa,1.6636069636935575
Justin Willis,3.912334703239707
Justine Kish,3.509625656385512
Kaan Ofli,0.30106448296893296
Kai Kamaka,2.288963785221448
Kai Kara France,1.3457583389545569
Kai Kara-France,3.2747901002997546
Kailin Curran,3.0061798960573825
Kajan Johnson,3.740799984555824
Kalindra Faria,2.001065082855349
Kamaru Usman,6.198897287482211
Kamuela Kirk,1.8152135026183964
Kanako Murata,2.778761712983141
Karine Silva,2.8144710576640684
Karl Roberson,2.8374309310278147
Karl Williams,2.6885374429220934
Karlos Vemola,3.705958980443656
Karo Parisyan,4.738088216133141
Karol Rosa,2.084203967092929
Karolina Kowalkiewicz,3.570330821124029
Katlyn Cerminara,4.615265137105844
Katlyn Chookagian,3.8440680430538783
Katsunori Kikuno,2.723466244361738
Kaue Fernandes,2.4849625478020783
Kay Hansen,1.5181690885013637
Kazula Vargas,0.8624727167955113
Keita Nakamura,3.5670223272917987
Keith Jardine,5.037311628835349
Kelvin Gastelum,4.782423522348612
Ken Stone,2.2943125524558514
Kendall Grove,4.353241374189877
Kennedy Nzechukwu,3.186545350011773
Kenny Florian,5.766975035168466
Kenny Robertson,3.319586209780185
Ketlen Vieira,3.6497712303189713
Kevin Aguilar,2.3359133545685222
Kevin Casey,3.007708998953216
Kevin Ferguson,3.2919036779699087
Kevin Holland,3.9821870902880514
Kevin Jousset,2.743149816554478
Kevin Lee,5.805940311404351
Kevin Souza,4.440555183144518
Khabib Nurmagomedov,6.768568594204717
Khadis Ibragimov,2.4901467647128186
Khalid Taha,1.645764055240512
Khalil Rountree Jr.,2.456282701078452
Khama Worthy,1.4701260252322217
Khamzat Chimaev,4.328180320316088
Khaos Williams,2.838299303277415
Kiichi Kunimoto,3.510512514893912
King Green,6.423457777559873
Kiru Sahota,1.8999540996637623
Kj Noons,2.3338249610830966
Kleydson Rodrigues,1.601284644274735
Kris Moutinho,1.369677171137752
Kron Gracie,2.171628426993227
Krzysztof Jotko,4.487812946649855
Krzysztof Soszynski,4.070364443919133
Kurt Holobaugh,1.9551937583580608
Kurt Pellegrino,4.764604688402256
Kwan Ho Kwak,3.310171489610687
Kyle Bochniak,2.8455122322493565
Kyle Daukaus,2.735963945970384
Kyle Kingsbury,3.904360782120548
Kyle Nelson,2.499010825624394
Kyle Noke,3.77336036313682
Kyle Prepolec,0.6646638152658682
Kyler Phillips,2.906512710158504
Kyoji Horiguchi,3.7645346910959527
Kyung Ho Kang,2.9928340273727807
Lando Vannata,3.0286965319077748
Landon Quinones,1.506788474750238
Larissa Pacheco,1.1930137523054551
Lauren Mueller,2.85321081602538
Lauren Murphy,3.344175223570147
Leandro Issa,3.1559315097243856
Leandro Silva,2.579799060555258
Leon Edwards,5.226986243844466
Leonard Garcia,3.215065006562663
Leonardo Mafra,0.993727427305136
Leonardo Santos,3.985998516816103
Lerone Murphy,3.348764016144005
Leslie Smith,4.049423185929849
Li Jingliang,4.450766619339262
Liana Jojua,1.495184881006688
Liang Na,1.793196912841075
Lina Lansberg,2.323376703204559
Liu Pingyuan,1.6236731431337483
Liudvik Sholinian,2.0958404863973743
Livinha Souza,2.263227534249427
Liz Carmouche,3.206040280752088
Loik Radzhabov,2.6387653869855017
Loma Lookboonmee,1.8534897918537214
Lone'Er Kavanagh,2.048885011011437
Loopy Godinez,1.9930754172796796
Lorenz Larkin,4.097640256206848
Louis Cosce,2.2069474021711137
Louis Gaudinot,3.653979538953646
Louis Smolka,4.284739860080892
Luan Chagas,2.672757260516923
Luan Lacerda,2.5704221489005397
Luana Carolina,2.1719968236626865
Luana Pinheiro,3.388031217158127
Luana Santos,2.534522766795125
Lucas Martins,2.575881161536776
Lucie Pudilova,2.39951306069535
Ludovit Klein,2.622311040775458
Luigi Vendramini,0.9777581934764107
Luis Henrique,3.4145359615583417
Luis Pena,2.576811961333342
Luis Saldana,2.042080018625732
Luiz Cane,3.508829022854635
Luiz Garagorri,1.5429191649775185
Luke Barnatt,4.186257714095076
Luke Jumeau,2.536820235184629
Luke Rockhold,4.867473911793368
Luke Sanders,2.6108686638938607
Lyman Good,4.538190241726076
Lyoto Machida,6.396803592656384
Mac Danzig,4.487675423007471
Mackens Semerzier,3.1088069418031608
Mackenzie Dern,3.392161541589462
Macy Chiasson,2.7149988312691278
Mads Burnell,1.681975210361811
Magnus Cedenblad,3.3301888086020797
Magomed Ankalaev,3.817433772401987
Magomed Gadzhiyasulov,2.5628935893873845
Maheshate,2.202509558019234
Mairbek Taisumov,3.622438710914659
Makhmud Muradov,3.3556341040559903
Maki Pitolo,2.375950225436722
Makwan Amirkhani,3.7210227417368635
Malcolm Gordon,2.0173523728146705
Mallory Martin,1.3452103905984474
Mana Martinez,2.0313840957906026
Mandy Bohm,1.4149944004882036
Manel Kape,1.9021242880431173
Manny Bermudez,3.4718016453667055
Manon Fiorot,3.1642105665709312
Mansur Abdul-Malik,2.7061400850371986
Manuel Torres,3.760085225904376
Manvel Gamburyan,3.8200961592292506
Mara Romero Borella,1.467526901185939
Marc Diakiese,3.2090031338380127
Marc-Andre Barriault,2.5238632957571387
Marcelo Guimaraes,3.3492822457230664
Marcelo Rojo,1.3529029284068639
Marcin Held,1.8157338382611774
Marcin Prachnio,1.3441105065834633
Marcin Tybura,4.032845489192162
Marcio Alexandre Junior,2.4982444767708873
Marco Beltran,3.402910093317057
Marco Polo Reyes,2.9070055408127304
Marcos Rogerio De Lima,2.837979060052067
Marcus Brimage,3.7200404019095927
Marcus Davis,4.3002194266581055
Marcus Levesseur,1.804863063863003
Marcus Mcghee,2.315576810447994
Maria Oliveira,1.2362430322761782
Marina Rodriguez,3.637729605937605
Mario Bautista,2.250789789299541
Mario Miranda,3.57092510239832
Marion Reneau,3.443011878689803
Mariya Agapova,2.008707219154208
Mark Bocek,4.386409053863094
Mark De La Rosa,1.534935253183907
Mark Hominick,3.378538048643832
Mark Hunt,4.318707915223657
Mark Madsen,3.145433817682858
Mark Munoz,5.129709088733892
Markus Perez,2.0733081610103006
Marlon Moraes,4.258505960995729
Marlon Vera,4.445056766233479
Marnic Mann,0.8251390416026073
Martin Bravo,2.4368751847157055
Martin Buday,2.560412147432739
Martin Day,1.242163430967784
Marvin Vettori,3.982492176325973
Maryna Moroz,3.1685048342752156
Mason Jones,1.7635084073493033
Mateusz Gamrot,4.576660350583338
Mateusz Rebecki,3.4091998840814566
Matheus Nicolau,3.838746863565672
Matt Bessette,4.472017221767284
Matt Brown,4.898224518754931
Matt Frevola,3.384576035925048
Matt Hamill,4.720713139839711
Matt Hughes,7.09121277577451
Matt Mitrione,4.1248556456480685
Matt Schnell,3.134977946025933
Matt Serra,4.903415385358436
Matt Van Buren,1.9722632105364553
Matt Wiman,4.521158978675956
Matthew Lopez,4.096392816457898
Matthew Riddle,4.071448481468799
Matthew Semelsberger,2.5807244861304484
Maurice Greene,2.4496607295071353
Mauricio Rua,5.708149749416306
Mauricio Ruffy,2.3850794598584657
Max Griffin,2.946107993886976
Max Holloway,6.510306292129013
Maximo Blanco,2.920566364396188
Maycee Barber,3.5457209815457325
Mayra Bueno Silva,2.7469991186468525
Megan Anderson,1.3082725931352266
Melissa Martinez,0.6255570001761896
Melissa Mullins,1.0483796904785476
Melquizael Costa,2.7650037569166206
Melsik Baghdasaryan,1.861741804744778
Melvin Guillard,4.715214165555957
Merab Dvalishvili,4.736901681045768
Michael Bisping,6.642279255569101
Michael Chandler,5.906434152446888
Michael Chiesa,4.796614667203747
Michael Johnson,4.23726020540431
Michael Kuiper,3.9026998248438174
Michael Mcdonald,4.553927904741537
Michael Morales,3.260385356658464
Michael Trizano,2.6133337506976018
Michal Oleksiejczuk,4.796601229441015
Michel Pereira,2.6201255025441794
Michel Prazeres,4.578933523396919
Michelle Waterson,4.040343130572764
Michelle Waterson-Gomez,4.017374969116798
Michihiro Omigawa,2.602584442014839
Michinori Tanaka,3.3604503773651646
Mick Parkin,2.4673333182297297
Mickey Gall,2.9708225745365517
Miesha Tate,3.726449421642558
Miguel Baeza,2.7388542005995067
Miguel Torres,4.426338461840979
Mike Breeden,1.7807656221781285
Mike Brown,3.287020109481345
Mike Davis,1.5935571232991028
Mike Grundy,3.9711386480503963
Mike Guymon,2.874832878187305
Mike Jackson,0.9789873497195107
Mike Malott,3.201010369490327
Mike Massenzio,3.171605048389109
Mike Perry,3.658166592768973
Mike Pierce,4.1576533353848175
Mike Pyle,4.6534167747387265
Mike Ricci,2.94433712785317
Mike Rodriguez,2.6478724250455015
Mike Russow,3.6676856675617717
Mike Santiago,2.6258601574891776
Mike Stumpf,2.535373703859956
Mike Swick,5.016084208137551
Mike Wilkinson,2.9964736467486244
Miles Johns,2.0397801143543663
Minotauro Nogueira,4.193789335913873
Miranda Granger,0.6910173552215841
Miranda Maverick,2.829126981956169
Mirko Cro Cop,3.0566069029400973
Mirsad Bektic,3.910252637380062
Misha Cirkunov,3.9539699717414574
Mitch Clarke,2.7036524570015663
Mitch Gagnon,3.1275974318517012
Mitch Raposo,1.5291686724812956
Mizuki,1.5543208074357424
Mizuto Hirota,3.241898661056625
Modestas Bukauskas,1.7106774694624103
Mohammad Yahya,1.4023093563629634
Mohammed Usman,2.179790113217124
Molly Mccann,2.235299608992965
Montana De La Rosa,3.2384583378071485
Montel Jackson,3.1558076151149717
Montserrat Rendon,1.2249041702400545
Morgan Charriere,2.4638602511381165
Mounir Lazzez,1.5197971765865708
Movsar Evloev,4.014365543347083
Muhammad Mokaev,3.3629557917400255
Muhammad Naimov,2.500425441043519
Muslim Salikhov,2.2370650797651277
Myles Jury,4.636888611367095
Na Liang,1.6524246216533285
Nadia Kassem,1.631147050047318
Nam Phan,4.231066216124742
Naoyuki Kotani,2.26554578499405
Nasrat Haqparast,2.758825297762388
Nassourdine Imavov,4.083859740862678
Natalia Silva,1.9343621717132276
Natan Levy,2.6355043075194895
Nate Diaz,5.724445926795641
Nate Landwehr,2.6716592064908253
Nate Maness,3.159512815025275
Nate Marquardt,5.234826670277897
Nate Quarry,4.53907853092675
Nathaniel Wood,3.532420355482019
Nazim Sadykhov,2.6076737112250137
Neil Magny,5.407619418828918
Neil Seery,3.3997283252002255
Nick Catone,3.72441777781638
Nick Diaz,6.457873214388261
Nick Hein,3.4164034230151734
Nick Maximov,3.722725687153432
Nick Osipczak,3.541632133126189
Nick Ring,4.054396113693102
Nico Musoke,3.2457789575390112
Nicolae Negumereanu,2.0763663919237887
Nicolas Dalby,3.300458855669924
Nik Lentz,5.281844231483791
Nikita Krylov,4.8025492653346955
Niklas Backstrom,2.334275814132455
Niklas Stolze,1.0948260057498322
Niko Price,3.8641771179366664
Nikolas Motta,1.311168336765221
Nina Nunes,3.4808037428732765
Ning Guangyou,2.9585696998089945
Noad Lahat,2.8891154648570616
Nolan Ticman,1.2823808673987462
Nora Cornolle,1.861712874807465
Nordine Taleb,4.059611794542189
Norifumi Yamamoto,2.458934712943528
Norma Dumont,2.8823250808985477
Norman Parke,4.714447602132785
Nursulton Ruziboev,2.335156416918461
Nyamjargal Tumendemberel,2.8358618419562345
Oban Elliott,2.0644105043680714
Ode Osbourne,2.7593986588357984
Olivier Aubin-Mercier,3.933909086049735
Oluwale Bamgbose,2.668024517385142
Omar Morales,2.420085841192947
Omari Akhmedov,4.203792992820416
Orion Cosce,1.7544770973788884
Oskar Piechota,3.2135954098299493
Ottman Azaitar,2.5131315826351863
Oumar Sy,2.4200806217582516
Ovince Saint Preux,4.658140733110538
Paddy Holohan,3.1063301331101534
Paddy Pimblett,2.7749130915528406
Paige Vanzant,4.5828399665272395
Pannie Kianzad,2.9348661253008097
Papy Abedi,1.315547179027532
Parker Porter,1.9183692564008292
Pascal Krauss,4.5799219407449
Pat Barry,3.2804877015043585
Pat Healy,5.041870274310479
Pat Sabatini,2.6610561331725116
Patrick Cote,4.095068791609373
Patrick Cummins,4.3348885981627205
Paul Craig,4.376340157736486
Paul Felder,4.4683696180841945
Paul Kelly,3.332147602968748
Paul Sass,3.704834891280071
Paul Taylor,2.9251941569200888
Paulo Costa,4.220349386435912
Paulo Thiago,3.621178497874012
Pawel Pawlak,1.5999837792765892
Payton Talbott,2.3566701443293856
Pedro Falcao,3.0597246840296974
Pedro Munhoz,4.4141981680415805
Peter Sobotta,3.5716713741399184
Petr Yan,5.2830510546109135
Phil Baroni,3.045004091735814
Phil Davis,4.820139772509563
Phil Harris,2.6791205803544313
Phil Hawes,3.272761450568094
Phil Rowe,3.3249304722067956
Philip De Fries,2.5257336017895047
Philipe Lins,1.5934365705048006
Phillipe Nover,2.757867391721086
Piera Rodriguez,2.2808582637939345
Poliana Botelho,3.6169076319174627
Polo Reyes,2.5192173340198796
Polyana Viana,2.543250908906031
Preston Parsons,1.5931510230747474
Priscila Cachoeira,1.4382900195990527
Punahele Soriano,2.842109982179828
Rafa Garcia,2.170666725542735
Rafael Alves,2.496927336901907
Rafael Dos Anjos,6.469073710620148
Rafael Feijao,3.2922680237148123
Rafael Fiziev,4.462630559880726
Rafael Natal,3.937627646493904
Rafaello Oliveira,2.9896260777934973
Ramazan Emeev,3.0037421933153183
Ramiz Brahimaj,1.3373829725089381
Ramona Pascual,1.258488656814372
Rampage Jackson,5.6595007523627485
Ramsey Nijem,3.3504727831945256
Randa Markos,3.26390686579205
Randy Brown,4.14816200986005
Randy Costa,1.2488108213934335
Rani Yahya,4.443374155353674
Raoni Barcelos,3.289442348943061
Raphael Assuncao,4.599498557767344
Raphael Pessoa Nunes,0.634260977063435
Raquel Pennington,4.266988370088361
Rashad Coulter,1.5337374328091307
Rashad Evans,6.386794308158628
Raul Rosas Jr.,2.7267822110769355
Raulian Paiva,2.6014363691111595
Ray Borg,3.252102999611456
Rayanne Dos Santos,0.825939766422896
Rei Tsuruya,3.5633447926064314
Renan Barao,5.781684623898456
Renato Moicano,3.969555991930874
Reuben Duran,3.738030215493535
Reza Madadi,3.386913979425932
Ricardo Abreu,2.5897405386249988
Ricardo Almeida,4.625738869923904
Ricardo Funch,2.5736533414285847
Ricardo Lamas,5.409059088018859
Ricardo Ramos,3.3296759901066175
Rich Attonito,2.7914170450101334
Rich Franklin,5.963508304030096
Richard Walsh,2.80425436512101
Richardson Moreira,2.6118350291060866
Richie Vaculik,3.0009687874449966
Rick Glenn,3.580204472465531
Rick Story,5.8246740896023645
Ricky Glenn,3.178714750638524
Ricky Simon,4.327697253317433
Ricky Turcios,1.6228874410606944
Riki Fukuda,3.9713920718967186
Rinat Fakhretdinov,2.8315445184044044
Rinya Nakamura,2.8785330097732498
Roan Carneiro,3.8521991474308095
Rob Emerson,4.852480410977062
Rob Font,4.755039414497809
Rob Kimmons,2.575352657483392
Rob Whiteford,2.76644091797115
Robbie Lawler,6.302641202155801
Robelis Despaigne,2.129351242767117
Robert Bryczek,1.3049703956795844
Robert Peralta,2.5106724105104012
Robert Valentin,2.003891525645694
Robert Whittaker,5.378623427260679
Roberto Sanchez,2.1766935463363044
Rodney Wallace,3.361396110417723
Rodolfo Bellato,2.1826508499315844
Rodolfo Vieira,3.260954778978711
Rodrigo Damm,3.2730328185351363
Rodrigo Nascimento,2.5553270202680802
Rogerio Bontorin,2.8087398231216016
Rogerio Nogueira,4.411168049986335
Roland Delorme,3.206628203543919
Rolando Dy,2.013865439607349
Roldan Sangcha-An,1.409818874369853
Roman Dolidze,3.1415469931394187
Roman Kopylov,2.283848500125533
Ron Stallings,1.2642270094704553
Ronaldo Rodriguez,2.0697119237533164
Ronda Rousey,4.368256668731904
Rong Zhu,1.1120047847724142
Rongzhu,2.9416770392981073
Ronnie Lawrence,4.464702437755811
Ronny Markes,3.225709996123773
Rony Jason,3.955091940118387
Roosevelt Roberts,2.4110141100338525
Rory Macdonald,5.573280272754042
Rose Namajunas,5.256288744932622
Rosi Sexton,1.3803424926172299
Ross Pearson,4.980815875871634
Rousimar Palhares,4.684199790755797
Roxanne Modafferi,2.9339243783263482
Roy Nelson,4.139558559888993
Ruan Potts,0.7153409988283176
Russell Doane,2.6883304337035367
Rustam Khabilov,4.384642423471076
Ryan Bader,5.310002705850349
Ryan Benoit,1.8847179868117272
Ryan Couture,2.8621749422530227
Ryan Hall,3.5135005549973464
Ryan Jimmo,2.688355818655479
Ryan Laflare,5.573790824476851
Ryan Spann,4.156598653506169
Sabah Homasi,2.6283962686808087
Sabina Mazo,2.045906541804901
Sage Northcutt,3.0756967483655253
Sai Wang,2.283398469499647
Said Nurmagomedov,3.439060073860853
Saimon Oliveira,1.3913358148011103
Sam Alvey,3.8757121327118336
Sam Patterson,2.0704113495390906
Sam Sicilia,2.729917803933856
Sam Stout,4.566451623231549
Santiago Ponzinibbio,4.028669234537495
Sara Mcmann,3.526534979169597
Sarah Moras,2.5772246466792903
Sasha Palatnikov,1.5567017490069737
Scott Askham,2.459050176776133
Scott Holtzman,4.084198037023265
Scott Jorgensen,3.3255699853775074
Sean Brady,3.4963487086046614
Sean Mccorkle,2.3926517136098373
Sean O'Malley,4.496688922501262
Sean Pierson,3.343650592057442
Sean Sherk,5.541433220627457
Sean Soriano,1.7658513548288386
Sean Spencer,2.6477136681289446
Sean Strickland,4.446433880319176
Sean Woodson,2.102256395950965
Sedriques Dumas,1.7282408790884927
Seohee Ham,2.6618917284777455
Sergei Pavlovich,4.743636925805003
Sergey Morozov,1.9413316355330936
Serghei Spivac,3.0726499932970555
Sergio Moraes,4.60977055514714
Sergio Pettis,4.256433633339936
Serhiy Sidey,1.9022240407458462
Seth Baczynski,3.7684418667245527
Seth Petruzelli,1.462239378445089
Seungguk Choi,3.2805024857935257
Seungwoo Choi,1.5585326777412691
Shamil Abdurakhimov,3.334115697704206
Shamil Gamzatov,1.7316987634294445
Shamil Gaziev,2.8773149704335266
Shana Dobson,2.894376434220401
Shane Burgos,4.573715448631864
Shane Campbell,3.3672811783386427
Shane Carwin,5.560653229563368
Shane Roller,2.888384100838504
Shane Young,2.3843736088287595
Shannon Ross,1.4066024908372174
Shara Magomedov,2.4760636900559874
Shauna Bannon,1.0874322247229058
Shavkat Rakhmonov,4.645934481791435
Shawn Jordan,3.482000103192924
Shayilan Nuerdanbieke,2.390001141184948
Sheldon Westcott,1.7636535116606056
Shi Ming,2.0669873797016245
Shinsho Anzai,3.080229348566505
Sijara Eubanks,2.7509107474347854
Silvana Gomez Juarez,0.7485599771034069
Simeon Thoresen,2.6641003764618887
Siyar Bahadurzada,3.1365435031810254
Soa Palelei,2.6997020223760093
Sodiq Yusuff,3.8141455118539804
Song Kenan,2.6108129041527377
Song Yadong,3.6011909859566895
Spencer Fisher,4.246684007011614
Spike Carlyle,1.4149046037028012
Stefan Struve,4.699545937792126
Stephan Bonnar,4.710661078246673
Stephanie Egger,2.0374347755941504
Stephanie Luciano,0.9803570115623575
Stephen Thompson,5.5494610519504
Steve Bosse,2.587384692770756
Steve Cantwell,2.6663977763079254
Steve Erceg,1.8723878882516516
Steve Garcia,2.842483300176599
Steve Lopez,0.9773013032315662
Steven Peterson,1.6551198366377993
Steven Siler,3.497505211037006
Stevie Ray,4.244421228477444
Stewart Nicoll,2.9801460143515883
Stipe Miocic,6.395546789413025
Su Mudaerji,1.880375144704962
Sultan Aliev,2.898526405136168
Tabatha Ricci,3.3673599542507575
Tae Hyun Bang,2.5978431613407116
Tafon Nchukwi,1.9316574538210558
Tagir Ulanbekov,3.1151078606812836
Tai Tuivasa,3.8448714931646113
Tainara Lisboa,2.190314418774588
Takanori Gomi,3.779468905901785
Takashi Sato,1.535725188605877
Takeya Mizugaki,4.24696351554286
Talita Bernardo,3.7706263871975025
Tamdan Mccrory,4.199114604800967
Tamires Vidal,1.8285353435089595
Tanner Boser,3.189470970199578
Tarec Saffiedine,5.6699955073327555
Tateki Matsuda,1.8074814667455732
Tatiana Suarez,4.30815665074277
Tatsuro Taira,2.6058259862180915
Taylor Lapilus,2.794423780644139
Tecia Torres,3.6117964638844904
Tereza Bleda,1.186515321785444
Terrance Mckinney,2.7062577419581144
Terry Etim,3.728435011743886
Teruto Ishihara,3.4285902223115894
Thales Leites,5.55009483768803
Themba Gorimbo,3.1708618559378863
Thiago Alves,5.802581921569432
Thiago Moises,3.146103561800684
Thiago Perpetuo,2.9018140576700273
Thiago Santos,4.426811524321938
Thiago Silva,4.780524603625237
Thiago Tavares,4.235219444432396
Thibault Gouti,2.354460106557836
Thomas Almeida,3.9777052423371493
Thomas Petersen,2.6262460522432622
Tiago Trator,2.6917617919429677
Tiequan Zhang,1.7196291836808788
Tim Boetsch,5.394823913745038
Tim Elliott,3.588598675355928
Tim Johnson,3.138888294103574
Tim Kennedy,4.7399022599400755
Tim Means,4.268381792926984
Timmy Cuamba,1.3781456322887427
Timur Valiev,0.1494373474
Tito Ortiz,6.335162732701443
Tj Brown,2.573715899438852
Tj Dillashaw,5.652522230644852
Tj Grant,4.293605453645688
Tj Waldburger,3.564576300800506
Todd Duffee,3.710589268711195
Tom Aspinall,3.941680281610141
Tom Breese,2.7860320590711054
Tom Duquesnoy,4.156957373878742
Tom Lawlor,3.7165457418213537
Tom Nolan,1.8637749649141222
Tom Watson,3.14958489495613
Tomasz Drwal,2.837491062719448
Tony Ferguson,5.851303852942406
Tony Gravely,3.2548082368560927
Tonya Evinger,2.2533298140987577
Tor Troeng,2.046051817168657
Toshiomi Kazama,2.112154111560672
Tracy Cortez,2.5906570267534157
Travis Browne,4.63495891801271
Tresean Gore,2.0694172859147466
Trevin Giles,2.9425086608358795
Trevin Jones,2.741356659862924
Trevor Peek,2.7073273905927477
Trevor Smith,4.060827196259091
Trey Ogden,1.3220060035507653
Tucker Lutz,2.560026715949935
Tyron Woodley,5.82630693906701
Tyson Griffin,4.934352942756116
Tyson Nam,1.9991752353687449
Tyson Pedro,2.625713575178504
Ulka Sasaki,1.9907816407512822
Umar Nurmagomedov,2.8672901042772887
Uriah Hall,4.679525175377208
Urijah Faber,5.0129058749013
Uros Medic,3.250395263408891
Valentina Shevchenko,4.8718725868046215
Valerie Letourneau,4.583014724137517
Valmir Lazaro,5.0388330178528085
Valter Walker,1.8597052000277403
Vanessa Demopoulos,1.8788544715521474
Vaughan Lee,3.2088250551062054
Veronica Hardy,2.302322830228874
Veronica Macedo,1.9272010927797696
Viacheslav Borshchev,1.7966661493130496
Vicente Luque,4.845110691235631
Victor Altamirano,2.2303852377555744
Victor Henry,3.6035601256750733
Victor Martinez,1.7048015350862364
Victoria Leonardo,2.2063198918635645
Vik Grujic,1.8517974158488268
Viktor Pesta,2.6257820050046146
Viktoriia Dudakova,1.9361617896219958
Vinc Pichel,2.8409151483155086
Vince Cachero,2.8143805807161115
Vince Morales,2.0898724793318944
Vincente Luque,4.176339429554004
Vinicius Moreira,2.957629373934932
Vinicius Oliveira,2.5400926652869287
Vinny Magalhaes,3.214133281476177
Virna Jandiroba,3.6053375968253523
Viscardi Andrade,2.2319422256215247
Vitor Belfort,5.552719790235576
Vitor Miranda,3.2494203134851056
Vitor Petrino,3.2181524677560565
Viviane Araujo,3.5832546628501345
Viviane Pereira,3.769009218016971
Vladimir Matyushenko,4.210957974512653
Volkan Oezdemir,3.979002062982856
Wagner Silva,2.0822956616254316
Waldo Cortes-Acosta,2.101052201281151
Walel Watson,2.1270342084533693
Walt Harris,2.9365926416122345
Wanderlei Silva,4.285663722627311
Wang Cong,2.5413151223693866
Warlley Alves,4.150887471339706
Waylon Lowe,4.161087604051961
Weili Zhang,4.815306983895816
Wellington Turman,1.6112434687455686
Westin Wilson,2.1395838340122344
Will Brooks,4.965960365737933
Will Campuzano,2.0532130087718605
William Gomis,2.5852967949076415
William Knight,2.258936750877604
William Patolino,3.545697581450689
Wilson Reis,4.313869769947652
Wu Yanan,1.4550607724432187
Wuliji Buren,2.4276042543956224
Xiao Long,2.176333365907936
Yair Rodriguez,4.938937113830008
Yan Cabral,3.1713634684638587
Yan Xiaonan,4.6785109436373675
Yana Kunitskaya,1.6094530192641616
Yana Santos,2.3769589253204106
Yancy Medeiros,2.925683342418038
Yao Zhikui,2.3362565620771125
Yaotzin Meza,3.298934607027446
Yasuhiro Urushitani,2.3253589487567314
Yazmin Jauregui,1.6312260731422905
Yizha,3.300713036538066
Yoel Romero,5.767581512942213
Yohan Lainesse,2.768584993200596
Yorgan De Castro,1.3584198614235223
Yosdenis Cedeno,1.1742708093788852
Yoshihiro Akiyama,3.7014635550873334
Yoshiyuki Yoshida,1.3556369020641688
Youssef Zalal,2.357381214910977
Yui Chul Nam,2.817293575877434
Yuri Villefort,2.6952837878926457
Yusaku Kinoshita,1.8098561398428672
Yushin Okami,5.005494966155018
Yves Edwards,4.660884876978803
Yves Jabouin,3.472722700951507
Zabit Magomedsharipov,4.950109311997076
Zac Pauga,1.2160727006738257
Zach Makovsky,4.490898471397637
Zachary Reese,2.69579307188517
Zak Cummings,4.046233521135861
Zarah Fairn,0.43985560111556543
Zhalgas Zhumagulov,1.1766576702636953
Zhang Lipeng,2.910605438446656
Zhang Mingyang,2.4583534343860833
Zhang Weili,4.749805838149661
Zubaira Tukhugov,2.949862686764704
Zygimantas Ramaska,2.9170096962231464
