Fighter,RedOdds,BlueOdds,RedExpectedValue,BlueExpectedValue,NumberOfRounds,BlueCurrentLoseStreak,BlueCurrentWinStreak,BlueDraws,BlueAvgSigStrLanded,BlueAvgSigStrPct,BlueAvgSubAtt,BlueAvgTDLanded,BlueAvgTDPct,BlueLongestWinStreak,BlueLosses,BlueTotalRoundsFought,BlueTotalTitleBouts,BlueWinsByDecisionMajority,BlueWinsByDecisionSplit,BlueWinsByDecisionUnanimous,BlueWinsByKO,BlueWinsBySubmission,BlueWinsByTKODoctorStoppage,BlueWins,BlueHeightCms,BlueReachCms,BlueWeightLbs,RedCurrentLoseStreak,RedCurrentWinStreak,RedDraws,RedAvgSigStrLanded,RedAvgSigStrPct,RedAvgSubAtt,RedAvgTDLanded,RedAvgTDPct,RedLongestWinStreak,RedLosses,RedTotalRoundsFought,RedTotalTitleBouts,RedWinsByDecisionMajority,RedWinsByDecisionSplit,RedWinsByDecisionUnanimous,RedWinsByKO,RedWinsBySubmission,RedWinsByTKODoctorStoppage,RedWins,RedHeightCms,RedReachCms,RedWeightLbs,LoseStreakDif,WinStreakDif,LongestWinStreakDif,WinDif,LossDif,TotalRoundDif,TotalTitleBoutDif,KODif,SubDif,HeightDif,ReachDif,AgeDif,SigStrDif,AvgSubAttDif,AvgTDDif,EmptyArena,BMatchWCRank,RMatchWCRank,RWFlyweightRank,RWFeatherweightRank,RWStrawweightRank,RWBantamweightRank,RHeavyweightRank,RLightHeavyweightRank,RMiddleweightRank,RWelterweightRank,RLightweightRank,RFeatherweightRank,RBantamweightRank,RFlyweightRank,RPFPRank,BWFlyweightRank,BWFeatherweightRank,BWStrawweightRank,BWBantamweightRank,BHeavyweightRank,BLightHeavyweightRank,BMiddleweightRank,BWelterweightRank,BLightweightRank,BFeatherweightRank,BBantamweightRank,BFlyweightRank,BPFPRank,FinishRound,TotalFightTimeSecs,RedDecOdds,BlueDecOdds,RSubOdds,BSubOdds,RKOOdds,BKOOdds,Age,RedDate,Wins,Losses,Draws,FIGHTER,ILO,KD_RATE,SIGSTR_ACC,TD_ACC,FINISH_RATIO,Predicted_Label
Aalon Cruz,0.664347826,0.593478261,0.062149224,0.143511477,0.0,0.0,0.0,0.0,0.0,0.0,0.0,0.0,0.0,0.0,0.0,0.0,0.0,0.0,0.0,0.0,0.0,0.0,0.0,0.0,0.352941176,0.573643411,0.2,0.0,0.0,0.0,0.088195122,0.4,0.0,0.0,0.0,0.0,0.0,0.0,0.0,0.0,0.0,0.0,0.0,0.0,0.0,0.0,0.52173913,0.768175583,0.2,0.444444444,0.568,0.520710059,0.5,0.551020408,0.52722063,0.615384615,0.529411765,0.599236641,0.714285714,0.636363636,0.6,0.461530864,0.617647059,0.479386385,0.0,,,,,,,,,,,,,,,,,,,,,,,,,,,,,0.0,0.050972502,0.142201835,0.19760479,0.366445916,0.122341463,0.171794872,0.460431655,30.0,29/02/2020,8,4,0,,,1.0041560114975014,0.22048780499999998,0.0,0.0,Low-tier
Aaron Phillips,0.783478261,0.44673913,0.191808351,0.046021876,0.0,0.125,0.0,0.0,0.052307692,0.422360248,0.0,0.0,0.0,0.0,0.055555556,0.008333333,0.0,0.0,0.0,0.0,0.0,0.0,0.0,0.0,0.441176471,0.515503876,0.133333333,0.4,0.0,0.0,0.095170732,0.49,0.095238095,0.0344,0.25,0.0,0.142857143,0.074829932,0.0,0.0,0.0,0.0,0.0,0.0,0.0,0.0,0.391304348,0.480109739,0.133333333,0.277777778,0.568,0.520710059,0.5,0.459183673,0.484240688,0.615384615,0.529411765,0.599236641,0.813186813,0.772727273,0.383333333,0.484864198,0.558823529,0.458772771,0.0,,,,,,,,,,,,,,,,,,,,,,,,,,,,,0.5,0.597585513,0.288990826,0.149755035,0.367218543,0.178536585,0.201923077,0.251258993,30.0,15/04/2023,12,5,0,,,1.0932822832103692,0.19422598367346938,0.1376,0.0,Mid-tier
Aaron Riley,0.733913043,0.506521739,0.169088104,0.08931302,0.0,0.25,0.0,0.0,0.146634615,0.425465839,0.0,0.092081031,0.065,0.041666667,0.111111111,0.041666667,0.0,0.0,0.0,0.071428571,0.0,0.0,0.0,0.029411765,0.411764706,0.534883721,0.266666667,0.2,0.0,0.0,0.363414634,0.3755,0.017363095,0.073332,0.3005,0.073170732,0.321428571,0.204081633,0.0,0.0,0.0,0.277777778,0.0,0.0,0.0,0.130922693,0.347826087,0.422496571,0.266666667,0.444444444,0.568,0.49408284,0.433333333,0.765306122,0.419770774,0.615384615,0.529411765,0.599236641,0.824175824,0.818181818,0.533333333,0.397530864,0.606922794,0.483382071,0.0,,,,,,,,,,,,,,,,,,,,,,,,,,,,,0.5,0.597585513,0.25,0.12770822,0.323178808,0.108292683,0.384615385,0.20323741,30.5,27/07/2013,30,14,1,,,1.2611925312361074,0.9678152703062584,0.2440332778702163,0.0,Low-tier
Aaron Rosa,0.688695652,0.569565217,0.102009236,0.093129799,0.0,0.0,0.0,0.0,,,,,,0.0,0.0,0.0,0.0,0.0,0.0,0.0,0.0,0.0,0.0,0.0,0.705882353,0.644753708,0.6,0.2,0.0,0.0,0.712195122,0.4,0.0,0.0,0.0,0.0,0.071428571,0.040816327,0.0,0.0,0.0,0.0,0.0,0.0,0.0,0.0,0.695652174,0.768175583,0.6,0.555555556,0.568,0.520710059,0.5,0.612244898,0.501432665,0.615384615,0.529411765,0.599236641,0.758241758,0.678060129,0.133333333,0.145679012,0.617647059,0.479386385,0.0,,,,,,,,,,,,,,,,,,,,,,,,,,,,,0.5,0.597585513,,,,,,,38.0,12/11/2011,18,6,0,,,1.0557983194014693,1.780487805,0.0,0.0,Low-tier
Aaron Simpson,0.706086957,0.543043478,0.106848389,0.152743983,0.0,0.2,0.066666667,0.0,0.256788654,0.637515528,0.077653846,0.196440147,0.3762,0.15,0.222222222,0.176666667,0.0,0.0,0.16,0.114285714,0.1,0.085714286,0.0,0.152941176,0.623529412,0.658914729,0.426666667,0.08,0.118681319,0.0,0.376257756,0.5274,0.040164286,0.2331872,0.4694,0.219512195,0.157142857,0.255782313,0.0,0.0,0.291666667,0.266666667,0.207920792,0.0,0.0,0.282793017,0.52173913,0.576131687,0.366666667,0.4,0.5104,0.456804734,0.406666667,0.563265306,0.456733524,0.615384615,0.458823529,0.633587786,0.815384615,0.8,0.706666667,0.447602963,0.622530882,0.441922339,0.0,,,,,,,,,,,,,,,,,,,,,,,,,,,,,0.45,0.520992622,0.164220183,0.231246598,,,,,37.0,05/10/2012,12,5,0,,,1.0045759833473489,0.7134200910125142,0.49677716233489566,0.8128818195494228,Low-tier
Abdul Razak Alhassan,0.642086957,0.593043478,0.053866123,0.179403219,0.0,0.05,0.133333333,0.0,0.131188654,0.44621118,0.119961538,0.190861878,0.1878,0.083333333,0.133333333,0.09,0.0,0.0,0.0,0.057142857,0.125,0.057142857,0.0,0.105882353,0.623529412,0.705426357,0.406666667,0.12,0.118681319,0.0,0.094809756,0.48,0.0,0.03328,0.1946,0.175609756,0.1,0.095238095,0.0,0.0,0.0,0.0,0.332673267,0.0,0.0,0.167581047,0.434782609,0.576131687,0.366666667,0.4,0.5392,0.446153846,0.453333333,0.440816327,0.513467049,0.615384615,0.4,0.622137405,0.859340659,0.827272727,0.373333333,0.525558617,0.663514706,0.558809204,0.6,,,,,,,,,,,,,,,,,,,,,,,,,,,,,0.333333333,0.405991505,0.368807339,0.256396298,0.641501104,0.248780488,0.044358974,0.252158273,33.6,17/04/2021,12,6,0,,,0.7790178567037903,0.197520325,0.1710174717368962,3.4930693122326733,Top-tier
Abdul-Kareem Al-Selwady,0.683478261,0.571304348,0.089988018,0.096793921,0.0,0.25,0.0,0.0,0.027788462,0.546583851,0.0,0.428176796,0.57,0.083333333,0.111111111,0.083333333,0.0,0.0,0.0,0.142857143,0.0,0.0,0.0,0.058823529,0.588235294,0.496124031,0.266666667,0.0,0.098901099,0.0,0.040390244,0.34,0.0,0.1856,0.3,0.073170732,0.0,0.040816327,0.0,0.0,0.0,0.111111111,0.0,0.0,0.0,0.052369077,0.347826087,0.422496571,0.266666667,0.555555556,0.496,0.520710059,0.5,0.612244898,0.544412607,0.615384615,0.529411765,0.599236641,0.89010989,0.795454545,0.633333333,0.5,0.617647059,0.591083413,,,,,,,,,,,,,,,,,,,,,,,,,,,,,,0.5,0.429242119,0.158256881,0.171475231,0.443708609,0.258536585,0.153846154,0.226618705,33.0,02/03/2024,15,3,0,,,0.9724458217772314,0.11879483529411763,0.6186666666666667,0.0,Top-tier
Abel Trujillo,0.735652174,0.50326087,0.127299078,0.100004333,0.0,0.25,0.0,0.0,0.287927244,0.555693582,0.149570513,0.076734193,0.3,0.125,0.111111111,0.083333333,0.0,0.0,0.0,0.107142857,0.03125,0.071428571,0.0,0.088235294,0.602941176,0.593023256,0.25,0.1,0.148351648,0.0,0.287040244,0.40625,0.049425595,0.10246,0.6785,0.146341463,0.196428571,0.183673469,0.0,0.0,0.0,0.027777778,0.25990099,0.042372881,0.0,0.209476309,0.347826087,0.46090535,0.266666667,0.388888889,0.46,0.49408284,0.416666667,0.658163265,0.454154728,0.615384615,0.397058824,0.599236641,0.895604396,0.829545455,0.541666667,0.471786173,0.630011029,0.447950623,0.0,,,,,,,,,,,,,,,,,,,,,,,,,,,,,0.3125,0.353118712,0.283944954,0.184703321,0.367836645,0.12995122,0.11025641,0.319694245,32.0,04/02/2017,15,8,0,,,0.8742809433000112,0.7065606006153846,0.15100957995578482,1.6457133011409504,Mid-tier
Abu Azaitar,0.79826087,0.41826087,0.246986094,0.030855114,0.0,0.0,0.166666667,0.0,0.020673077,0.596273292,0.057692308,0.120626151,0.35,0.083333333,0.111111111,0.1,0.0,0.0,0.0,0.142857143,0.0,0.142857143,0.0,0.117647059,0.764705882,0.88372093,0.466666667,0.2,0.0,0.0,0.042731707,0.43,0.0,0.08,0.37,0.073170732,0.071428571,0.081632653,0.0,0.0,0.0,0.111111111,0.0,0.0,0.0,0.052369077,0.391304348,0.691358025,0.466666667,0.333333333,0.64,0.520710059,0.533333333,0.551020408,0.52722063,0.615384615,0.529411765,0.65648855,0.934065934,0.863636364,0.166666667,0.495160494,0.639705882,0.494247363,,,,,,,,,,,,,,,,,,,,,,,,,,,,,,0.5,0.597585513,0.380733945,0.161676647,0.752759382,0.092682927,0.179487179,0.163669065,37.0,21/10/2023,14,4,1,,,1.0041560114975014,0.09937606279069768,0.21621621621621623,0.0,Top-tier
Abubakar Nurmagomedov,0.669565217,0.586521739,0.077124204,0.128854988,0.0,0.25,0.055555556,0.0,0.029326923,0.505175983,0.275641026,0.092081031,0.24,0.222222222,0.222222222,0.227777778,0.0,0.0,0.133333333,0.19047619,0.125,0.095238095,0.0,0.196078431,0.647058824,0.651162791,0.366666667,0.0,0.098901099,0.0,0.027121951,0.5,0.0,0.207733333,0.48,0.073170732,0.047619048,0.049886621,0.0,0.0,0.0,0.111111111,0.0,0.0,0.0,0.052369077,0.47826087,0.537722908,0.366666667,0.407407407,0.52,0.609467456,0.577777778,0.551020408,0.613180516,0.615384615,0.588235294,0.63740458,0.846153846,0.818181818,0.477777778,0.507061728,0.723039216,0.402844359,0.0,,,,,,,,,,,,,,,,,,,,,,,,,,,,,0.333333333,0.434384082,0.103975535,0.191616766,0.307211185,0.17495935,0.271794872,0.319544365,32.66666667,03/06/2023,17,4,1,,,0.9593183061935385,0.054243902,0.4327777770833333,0.0,Mid-tier
Abus Magomedov,0.652173913,0.60326087,0.057703326,0.164122163,0.0,0.25,0.166666667,0.0,0.033044872,0.587991718,0.147435897,0.127992634,0.356666667,0.194444444,0.407407407,0.288888889,0.03030303,0.0,0.0,0.142857143,0.333333333,0.142857143,0.0,0.274509804,0.588235294,0.651162791,0.466666667,0.133333333,0.032967033,0.0,0.027349593,0.44,0.011904762,0.224533333,0.726666667,0.048780488,0.095238095,0.068027211,0.0,0.0,0.0,0.037037037,0.069306931,0.0,0.0,0.052369077,0.608695652,0.768175583,0.466666667,0.481481481,0.616,0.609467456,0.622222222,0.693877551,0.633237822,0.628205128,0.647058824,0.65648855,0.758241758,0.681818182,0.411111111,0.509300412,0.666666667,0.411473314,,,,,,,,,,,,,,,,,,,,,,,,,,,,,,0.333333333,0.376928236,0.151376147,0.259662493,0.575055188,0.180487805,0.137820513,0.395683453,33.0,26/10/2024,25,6,1,,,1.0218259262473428,0.06215816590909091,0.3089908250876189,1.0188118839680198,Top-tier
Adam Milstead,0.692173913,0.473913043,0.111844896,0.075641952,0.0,0.25,0.0,0.0,0.384615385,0.745341615,0.0,0.0,0.0,0.0,0.111111111,0.05,0.0,0.0,0.0,0.0,0.0,0.0,0.0,0.0,0.882352941,1.0,0.6,0.4,0.0,0.0,0.380487805,0.643,0.0,0.0,0.0,0.073170732,0.142857143,0.095238095,0.0,0.0,0.0,0.0,0.103960396,0.0,0.0,0.052369077,0.652173913,0.691358025,0.6,0.555555556,0.568,0.467455621,0.466666667,0.612244898,0.492836676,0.615384615,0.470588235,0.599236641,0.846153846,0.931818182,0.5,0.511111111,0.617647059,0.479386385,0.0,,,,,,,,,,,,,,,,,,,,,,,,,,,,,0.0,0.114017438,0.208715596,0.227000544,0.414348786,0.190243902,0.143589744,0.188848921,31.0,15/12/2018,8,4,0,,,0.954856360974239,0.5917384214618974,0.0,1.0915841607289605,Low-tier
Adam Wieczorek,0.671304348,0.586956522,0.070188166,0.129771019,0.0,0.25,0.0,0.0,0.123625962,0.69689441,0.082423077,0.0,0.0,0.166666667,0.333333333,0.133333333,0.0,0.0,0.0,0.0,0.375,0.142857143,0.0,0.235294118,0.705882353,0.728682171,0.92,0.0,0.197802198,0.0,0.268292683,0.46,0.05952381,0.0,0.0,0.146341463,0.0,0.068027211,0.0,0.0,0.0,0.111111111,0.0,0.084745763,0.0,0.104738155,0.739130435,0.88340192,0.9,0.333333333,0.424,0.520710059,0.566666667,0.367346939,0.553008596,0.615384615,0.705882353,0.599236641,0.736263736,0.659090909,0.233333333,0.433862222,0.612397059,0.479386385,0.0,,,,,,,,,,,,,,,,,,,,,,,,,,,,,0.5,0.597585513,0.277522936,,0.103752759,,0.269230769,,33.0,03/11/2018,10,2,0,,,1.2764401098025608,0.5832449630434782,0.0,1.2457627139822034,Low-tier
Adam Yandiev,0.813913043,0.4,0.305409587,0.025081831,0.0,0.0,0.5,0.0,0.448718269,0.592546584,0.128211538,0.245552486,0.437,0.25,0.0,0.15,0.0,0.0,0.4,0.285714286,0.0,0.0,0.0,0.176470588,0.764705882,0.88372093,0.6,0.0,0.0,0.0,,,,,,0.0,0.0,0.0,0.0,0.0,0.0,0.0,0.0,0.0,0.0,0.0,0.391304348,0.614540466,0.466666667,0.444444444,0.784,0.680473373,0.6,0.551020408,0.604584527,0.615384615,0.529411765,0.599236641,0.934065934,0.909090909,0.5,0.736625679,0.666669118,0.607224353,0.0,,,,,,,,,,,,,,,,,,,,,,,,,,,,,0.25,0.22334004,0.357798165,0.422972237,0.289492274,0.316097561,0.224358974,0.622302158,30.0,15/09/2018,9,1,0,,,0.8756621139925402,,,0.0,Top-tier
Adrian Yanez,0.619130435,0.630326087,0.038916505,0.221145062,0.0,0.1,0.166666667,0.0,0.042134615,0.439751553,0.073076923,0.026335175,0.122,0.1,0.111111111,0.08,0.0,0.0,0.0,0.028571429,0.1,0.028571429,0.0,0.070588235,0.352941176,0.496124031,0.133333333,0.08,0.217582418,0.0,0.067531707,0.468,0.0,0.0,0.0,0.248780488,0.028571429,0.08707483,0.0,0.0,0.116666667,0.0,0.311881188,0.0,0.0,0.178054863,0.304347826,0.46090535,0.133333333,0.444444444,0.4816,0.403550296,0.426666667,0.587755102,0.513467049,0.615384615,0.4,0.610687023,0.824175824,0.772727273,0.533333333,0.49362963,0.645588235,0.493096836,1.0,,,,,,,,,,,,,,,,,,,,,,,,,,,,,0.083333333,0.178850883,0.224197248,0.229041916,0.412803532,0.243902439,0.075961538,0.35926259,30.2,18/05/2024,16,5,0,,,0.7790178567037903,0.14429851923076922,0.0,3.581760515639249,Top-tier
Adriano Martins,0.709565217,0.536956522,0.10798557,0.152168484,0.0,0.0,0.111111111,0.0,0.350961538,0.658385093,0.096153846,0.184162063,0.4,0.083333333,0.037037037,0.072222222,0.0,0.0,0.133333333,0.047619048,0.041666667,0.047619048,0.0,0.078431373,0.470588235,0.586563307,0.244444444,0.066666667,0.065934066,0.0,0.131707317,0.52,0.044642857,0.06,0.469,0.073170732,0.047619048,0.045351474,0.0,0.0,0.097222222,0.0,0.034653465,0.056497175,0.0,0.069825436,0.434782609,0.537722908,0.266666667,0.481481481,0.568,0.520710059,0.5,0.571428571,0.535816619,0.615384615,0.529411765,0.580152672,0.802197802,0.78030303,0.655555556,0.581893004,0.62377451,0.519335251,0.0,,,,,,,,,,,,,,,,,,,,,,,,,,,,,0.125,0.186787391,0.193272171,0.172781709,0.443399558,0.197756098,0.198717949,0.226618705,31.0,03/10/2015,28,9,0,,,0.9880465559057249,0.2532833019230769,0.1279317697228145,2.0098716085832184,Top-tier
Aiemann Zahabi,0.766012422,0.45068323,0.227420067,0.075056085,0.0,0.15625,0.166666667,0.0,0.218521635,0.541149068,0.144230769,0.100943831,0.330625,0.145833333,0.208333333,0.191666667,0.011363636,0.0,0.05,0.178571429,0.0625,0.071428571,0.0,0.147058824,0.397058824,0.486434109,0.133333333,0.025,0.148351648,0.0,0.147972125,0.421428571,0.0,0.012457143,0.111428571,0.118902439,0.098214286,0.108843537,0.0,0.0,0.0,0.138888889,0.077970297,0.0,0.0,0.117830424,0.347826087,0.384087791,0.133333333,0.472222222,0.532,0.527366864,0.508333333,0.566326531,0.55730659,0.620192308,0.514705882,0.627862595,0.818681319,0.8125,0.379166667,0.552864198,0.672794118,0.525407478,0.25,,,,,,,,,,,,,,,,,,,,,,,,,,,,,0.428571429,0.500047906,0.243905636,0.117163076,0.464238411,0.18466899,0.263699634,0.34352518,33.75,02/11/2024,10,2,0,,,0.9235596550186137,0.351120296967241,0.11179487350690336,0.7163521064185924,Mid-tier
Ailin Perez,0.645217391,0.608695652,0.046809422,0.175572544,0.0,0.125,0.083333333,0.0,0.037355769,0.559006211,0.057692308,0.093462247,0.695,0.166666667,0.166666667,0.2,0.0,0.0,0.4,0.214285714,0.0,0.0,0.0,0.147058824,0.441176471,0.496124031,0.133333333,0.0,0.247252747,0.0,0.027707317,0.58,0.035714286,0.4288,0.51,0.182926829,0.071428571,0.129251701,0.0,0.0,0.0,0.277777778,0.0,0.0,0.0,0.130922693,0.217391304,0.307270233,0.133333333,0.5,0.424,0.49408284,0.5,0.581632653,0.548710602,0.615384615,0.529411765,0.599236641,0.901098901,0.863636364,0.433333333,0.511333333,0.617647059,0.271093001,,,1.0,,,,1.0,,,,,,,,,,,,,,,,,,,,,,,0.25,0.373574782,0.032110092,0.178007621,0.412803532,0.414634146,0.192307692,0.316546763,29.0,28/09/2024,9,2,0,,,0.9648287513861451,0.04777123620689655,0.8407843137254902,0.0,Mid-tier
Aisling Daly,0.709565217,0.539130435,0.088239403,0.122137416,0.0,0.125,0.0,0.0,0.125,0.434782609,0.0,0.0,0.0,0.0,0.055555556,0.025,0.0,0.0,0.0,0.0,0.0,0.0,0.0,0.0,0.205882353,0.360465116,0.0,0.1,0.0,0.0,0.209756098,0.51,0.119047619,0.12,0.45,0.036585366,0.035714286,0.027210884,0.0,0.0,0.0,0.0,0.0,0.042372881,0.0,0.026184539,0.086956522,0.230452675,0.0,0.444444444,0.568,0.49408284,0.483333333,0.551020408,0.522922636,0.615384615,0.529411765,0.570610687,0.879120879,0.829545455,0.316666667,0.485185185,0.580882353,0.443432407,0.0,,1.0,,,1.0,,,,,,,,,,,,,,,,,,,,,,,,0.25,0.394030852,0.149770642,0.165596081,0.335540839,0.082926829,0.420512821,0.600719424,31.5,24/10/2015,16,6,0,,,1.0124093480627219,0.4112864666666667,0.26666666666666666,1.557203396993644,Top-tier
Aj Dobson,0.732869565,0.465652174,0.133325851,0.064951189,0.0,0.25,0.083333333,0.0,0.045336538,0.670807453,0.038461538,0.339779006,0.495,0.125,0.222222222,0.158333333,0.0,0.0,0.0,0.214285714,0.0625,0.0,0.0,0.117647059,0.558823529,0.728682171,0.466666667,0.2,0.049450549,0.0,0.041853659,0.46,0.035714286,0.1336,0.75,0.073170732,0.071428571,0.054421769,0.0,0.0,0.0,0.0,0.0,0.084745763,0.0,0.052369077,0.565217391,0.691358025,0.466666667,0.444444444,0.568,0.547337278,0.533333333,0.612244898,0.574498567,0.615384615,0.558823529,0.541984733,0.769230769,0.772727273,0.35,0.508271605,0.610294118,0.576222435,,,,,,,,,,,,,,,,,,,,,,,,,,,,,,0.5,0.597585513,0.334862385,0.153511159,0.281456954,0.16097561,0.132051282,0.226618705,30.5,12/08/2023,7,2,0,,,0.9727152704977939,0.09098621521739131,0.17813333333333334,1.5572033867550317,Mid-tier
Aj Fletcher,0.640869565,0.615217391,0.051707193,0.189313002,0.0,0.25,0.0,0.0,0.039086538,0.701863354,0.019230769,0.296961326,0.48,0.0,0.111111111,0.05,0.0,0.0,0.0,0.0,0.0,0.0,0.0,0.0,0.617647059,0.748062016,0.366666667,0.3,0.0,0.0,0.032780488,0.49,0.107142857,0.1232,0.35,0.073170732,0.107142857,0.074829932,0.0,0.0,0.0,0.0,0.103960396,0.0,0.0,0.052369077,0.434782609,0.345679012,0.366666667,0.388888889,0.568,0.467455621,0.466666667,0.520408163,0.505730659,0.615384615,0.470588235,0.599236641,0.857142857,0.988636364,0.633333333,0.509654321,0.558823529,0.560162991,,,,,,,,,,,,,,,,,,,,,,,,,,,,,,0.375,0.428906774,0.183486239,0.214752314,0.21192053,0.190243902,0.149358974,0.415467626,30.5,18/02/2023,10,3,0,,,0.9305115808689779,0.06689895510204083,0.35200000000000004,1.3892889278584404,Top-tier
Akbarh Arreola,0.826086957,0.389130435,0.350850081,0.022400244,0.0,0.0,0.0,0.0,,,,,,0.0,0.0,0.0,0.0,0.0,0.0,0.0,0.0,0.0,0.0,0.0,0.470588235,0.534883721,0.2,0.0,0.0,0.0,,,,,,0.0,0.0,0.0,0.0,0.0,0.0,0.0,0.0,0.0,0.0,0.0,0.434782609,0.499314129,0.266666667,0.444444444,0.568,0.520710059,0.5,0.551020408,0.52722063,0.615384615,0.529411765,0.599236641,0.802197802,0.772727273,0.6,0.50617284,0.617647059,0.479386385,0.0,,,,,,,,,,,,,,,,,,,,,,,,,,,,,,,0.256880734,,0.253642384,,0.558974359,,31.0,26/07/2014,23,11,1,,,1.0041560114975014,,,0.0,Top-tier
Akira Corassani,0.812782609,0.400326087,0.368352169,0.040613724,0.0,0.0625,0.208333333,0.0,0.418269231,0.483540373,0.048456731,0.057002762,0.24425,0.125,0.25,0.2125,0.0,0.0,0.1,0.142857143,0.1875,0.035714286,0.0,0.176470588,0.455882353,0.515503876,0.216666667,0.15,0.074175824,0.0,0.35804878,0.48,0.0,0.038,0.0785,0.164634146,0.053571429,0.095238095,0.0,0.0,0.291666667,0.083333333,0.0,0.0,0.0,0.117830424,0.347826087,0.384087791,0.2,0.5,0.604,0.480769231,0.525,0.459183673,0.576647564,0.615384615,0.617647059,0.613549618,0.840659341,0.829545455,0.616666667,0.539753086,0.636174632,0.486291946,0.0,,,,,,,,,,,,,,,,,,,,,,,,,,,,,0.125,0.215627096,0.272247706,0.163146434,0.391169978,0.337560976,0.279487179,0.111690647,31.25,24/01/2015,12,6,0,,,1.0710997454243996,0.7459349583333333,0.4840764331210191,0.0,Low-tier
Al Iaquinta,0.660217391,0.591847826,0.082235383,0.191798387,0.125,0.09375,0.125,0.125,0.277399176,0.533096717,0.096703297,0.092738753,0.378857143,0.3125,0.472222222,0.49375,0.034090909,0.0,0.3,0.392857143,0.34375,0.232142857,0.0,0.463235294,0.529411765,0.646317829,0.291666667,0.1,0.135989011,0.0,0.387714146,0.444375,0.02728125,0.097256,0.31775,0.256097561,0.169642857,0.284013605,0.078125,0.0,0.145833333,0.333333333,0.194925743,0.0,0.0,0.281483791,0.434782609,0.46090535,0.266666667,0.458333333,0.523,0.534023669,0.583333333,0.49744898,0.60243553,0.581730769,0.580882353,0.692270992,0.824175824,0.860795455,0.429166667,0.434580864,0.633149816,0.463353308,0.0,0.692307692,0.533333333,,,,,,,,,0.494845361,,,,,,,,,,,,,0.666666667,,,,,0.40625,0.458920188,0.163016055,0.213731628,0.386572848,0.175121951,0.172051282,0.523156475,31.5,06/11/2021,14,7,1,,,0.964223263856964,0.8724931555555555,0.30607710464201415,0.6863253716314048,Top-tier
Alan Baudot,0.83826087,0.343478261,0.396290576,0.01470861,0.0,0.25,0.0,0.0,0.0525,0.708074534,0.326923077,0.157458564,0.4,0.166666667,0.111111111,0.066666667,0.0,0.0,0.0,0.0,0.0,0.285714286,0.0,0.117647059,0.764705882,0.92248062,0.873333333,0.2,0.0,0.0,0.076195122,0.61,0.0,0.0,0.0,0.0,0.071428571,0.013605442,0.0,0.0,0.0,0.0,0.0,0.0,0.0,0.0,0.652173913,0.806584362,0.853333333,0.444444444,0.568,0.627218935,0.566666667,0.551020408,0.553008596,0.615384615,0.529411765,0.713740458,0.802197802,0.818181818,0.3,0.494567901,0.742647059,0.561361457,1.0,,,,,,,,,,,,,,,,,,,,,,,,,,,,,0.25,0.254862508,0.541284404,0.227000544,0.629139073,0.0,0.205128205,0.244604317,33.0,17/07/2021,8,3,0,,,0.9573300828039932,0.12491003606557378,0.0,0.0,Low-tier
Alan Belcher,0.629565217,0.634782609,0.03858664,0.230534375,0.0,0.0,0.166666667,0.0,0.1017625,0.693167702,0.176288462,0.061390424,0.193,0.166666667,0.666666667,0.35,0.0,0.0,0.0,0.0,0.25,0.571428571,0.0,0.352941176,0.823529412,0.92248062,0.466666667,0.0,0.197802198,0.0,0.258980488,0.396,0.054107143,0.029088,0.24,0.146341463,0.285714286,0.31292517,0.0,0.0,0.291666667,0.0,0.207920792,0.254237288,0.5,0.366583541,0.608695652,0.576131687,0.466666667,0.444444444,0.496,0.520710059,0.466666667,0.428571429,0.510028653,0.615384615,0.470588235,0.65648855,0.846153846,0.954545455,0.166666667,0.427347654,0.651625,0.493911793,0.0,,,,,,,,,,,,,,,,,,,,,,,,,,,,,0.0,0.146881288,,,,,,,36.0,17/09/2011,18,8,0,,,0.9226701916294103,0.6539911313131314,0.1212,1.4768964733645429,Low-tier
Alan Jouban,0.697608696,0.548097826,0.109242697,0.130269122,0.0,0.0625,0.145833333,0.0,0.276442308,0.398935226,0.027472527,0.049329124,0.164285714,0.09375,0.069444444,0.05625,0.0,0.0,0.0,0.035714286,0.09375,0.017857143,0.0,0.066176471,0.654411765,0.699612403,0.366666667,0.075,0.086538462,0.0,0.368705976,0.533125,0.0,0.017556,0.167875,0.155487805,0.169642857,0.175170068,0.0,0.0,0.0,0.180555556,0.285891089,0.0,0.0,0.229114713,0.52173913,0.576131687,0.366666667,0.430555556,0.568,0.467455621,0.391666667,0.581632653,0.445558739,0.615384615,0.411764706,0.60639313,0.826923077,0.823863636,0.6375,0.443772284,0.626838235,0.491337488,0.125,,,,,,,,,,,,,,,,,,,,,,,,,,,,,0.285714286,0.378940309,0.239334862,0.226959717,0.39812362,0.268414634,0.130576923,0.229541367,34.75,21/11/2020,17,7,0,,,0.924153585056268,0.6915938588511138,0.10457781087118391,1.6320772850302254,Mid-tier
Alan Omer,0.73826087,0.50326087,0.169481554,0.078692379,0.0,0.0,0.0,0.0,,,,,,0.0,0.0,0.0,0.0,0.0,0.0,0.0,0.0,0.0,0.0,0.0,0.441176471,0.554263566,0.2,0.1,0.0,0.0,0.565853659,0.57,0.0,0.08,0.33,0.0,0.035714286,0.020408163,0.0,0.0,0.0,0.0,0.0,0.0,0.0,0.0,0.434782609,0.499314129,0.2,0.5,0.568,0.520710059,0.5,0.581632653,0.514326648,0.615384615,0.529411765,0.599236641,0.791208791,0.784090909,0.516666667,0.362962963,0.617647059,0.455417066,0.0,,,,,,,,,,,,,,,,,,,,,,,,,,,,,0.5,0.530851777,0.208027523,0.143385955,0.252715232,0.207609756,0.173076923,0.336330935,26.5,20/06/2015,20,5,0,,,1.0293298374849127,0.9927257175438596,0.24242424242424243,0.0,Low-tier
Alan Patrick,0.673913043,0.576086957,0.077952551,0.158535774,0.0,0.0,0.166666667,0.0,0.217147596,0.532919255,0.064105769,0.015345304,0.1665,0.083333333,0.027777778,0.041666667,0.0,0.0,0.0,0.035714286,0.09375,0.0,0.0,0.058823529,0.544117647,0.534883721,0.266666667,0.05,0.074175824,0.0,0.227100163,0.442666667,0.025793651,0.149333333,0.325666667,0.109756098,0.053571429,0.091836735,0.0,0.0,0.0,0.166666667,0.077970297,0.0,0.0,0.117830424,0.47826087,0.614540466,0.266666667,0.472222222,0.586,0.49408284,0.458333333,0.581632653,0.490687679,0.615384615,0.529411765,0.599236641,0.807692308,0.704545455,0.541666667,0.475720247,0.617954044,0.416266779,0.0,,,,,,,,,,,,,,,,,,,,,,,,,,,,,0.375,0.485915493,0.138761468,0.231464344,0.240507726,0.219642276,0.216410256,0.230815348,32.75,03/02/2018,15,4,0,,,1.0789179913359919,0.5130274762703106,0.45854656964324814,0.8490098978366336,Mid-tier
Alatengheili,,0.589130435,,0.134351171,0.0,0.375,0.0,0.0,0.034759615,0.565217391,0.105769231,0.049723757,0.135,0.041666667,0.222222222,0.125,0.0,0.0,0.0,0.071428571,0.0625,0.0,0.0,0.058823529,0.411764706,0.534883721,0.133333333,0.2,0.0,0.571428571,0.025756098,0.32,0.0,0.1592,0.45,0.146341463,0.107142857,0.210884354,0.0,0.0,0.291666667,0.166666667,0.051980198,0.0,0.0,0.157107232,0.217391304,0.307270233,0.133333333,0.5,0.568,0.440828402,0.433333333,0.581632653,0.458452722,0.615384615,0.529411765,0.599236641,0.89010989,0.886363636,0.466666667,0.510987654,0.658088235,0.40987536,,,,,,,,,,,,,,,,,,,,,,,,,,,,,,0.25,0.311535882,,0.161676647,,0.16097561,,0.424460432,33.0,18/05/2024,16,9,2,,,1.1547794125650321,0.08048780625,0.3537777777777778,0.24648674505269366,Mid-tier
Albert Cheng,0.773913043,0.463043478,0.156105106,0.060220578,0.0,0.0,0.0,0.0,,,,,,0.0,0.0,0.0,0.0,0.0,0.0,0.0,0.0,0.0,0.0,0.0,0.647058824,0.690532869,0.366666667,0.0,0.0,0.0,,,,,,0.0,0.0,0.0,0.0,0.0,0.0,0.0,0.0,0.0,0.0,0.0,0.47826087,0.480109739,0.366666667,0.444444444,0.568,0.520710059,0.5,0.551020408,0.52722063,0.615384615,0.529411765,0.599236641,0.846153846,0.87535791,0.7,0.50617284,0.617647059,0.479386385,0.0,,,,,,,,,,,,,,,,,,,,,,,,,,,,,,,0.220642202,0.184213391,,,,,29.0,01/03/2014,7,4,0,,,1.0041560114975014,,,0.0,Top-tier
Albert Duraev,0.686956522,0.551304348,0.095290015,0.154932133,0.0,0.125,0.25,0.0,0.042596154,0.645962733,0.105769231,0.139502762,0.515,0.125,0.166666667,0.183333333,0.0,0.5,0.2,0.142857143,0.0,0.142857143,0.0,0.176470588,0.588235294,0.689922481,0.466666667,0.0,0.098901099,0.0,0.029170732,0.4,0.071428571,0.1576,0.29,0.109756098,0.035714286,0.068027211,0.0,0.0,0.145833333,0.055555556,0.0,0.084745763,0.0,0.104738155,0.47826087,0.652949246,0.466666667,0.5,0.604,0.520710059,0.533333333,0.612244898,0.578796562,0.615384615,0.529411765,0.599236641,0.824175824,0.772727273,0.4,0.513283951,0.613970588,0.457574305,0.0,,,,,,,,,,,,,,,,,,,,,,,,,,,,,0.375,0.49195171,0.219036697,0.193522047,0.170198675,0.287804878,0.243589744,0.325539568,33.0,15/07/2023,16,5,0,,,0.914676761677102,0.07292683,0.543448275862069,1.2457627139822034,Top-tier
Albert Morales,0.743188406,0.497101449,0.135188067,0.073936792,0.0,0.0,0.0,0.0,,,,,,0.0,0.0,0.0,0.0,0.0,0.0,0.0,0.0,0.0,0.0,0.0,0.509803922,0.586563307,0.133333333,0.333333333,0.0,0.0,0.473333333,0.308666667,0.0,0.037333333,0.208,0.048780488,0.214285714,0.136054422,0.0,0.0,0.194444444,0.0,0.0,0.0,0.0,0.034912718,0.391304348,0.537722908,0.133333333,0.62962963,0.568,0.485207101,0.477777778,0.734693878,0.441260745,0.615384615,0.529411765,0.599236641,0.838827839,0.78030303,0.5,0.266584362,0.617647059,0.457015021,0.0,,,,,,,,,,,,,,,,,,,,,,,,,,,,,0.416666667,0.497652582,0.194342508,0.172237343,0.288771155,0.16097561,0.224358974,0.316666667,26.66666667,24/02/2018,7,4,1,,,1.1997708180454618,1.5334773190783182,0.1794871778846154,0.0,Mid-tier
Albert Tumenov,0.626956522,0.635869565,0.050451672,0.232824451,0.0,0.125,0.0,0.0,0.193681731,0.798757764,0.137365385,0.092081031,0.679,0.166666667,0.111111111,0.133333333,0.0,0.0,0.0,0.071428571,0.0,0.285714286,0.0,0.147058824,0.735294118,0.689922481,0.366666667,0.0,0.296703297,0.0,0.274796585,0.3775,0.0,0.026668,0.3335,0.219512195,0.071428571,0.108843537,0.0,0.0,0.145833333,0.055555556,0.207920792,0.0,0.0,0.157107232,0.47826087,0.576131687,0.366666667,0.388888889,0.352,0.467455621,0.483333333,0.551020408,0.52722063,0.615384615,0.411764706,0.713740458,0.879120879,0.818181818,0.383333333,0.41681358,0.643908088,0.48737536,0.0,,0.866666667,,,,,,,,0.866666667,,,,,,,,,,,,,,,,,,,0.125,0.181086519,0.17293578,0.215568862,0.666225166,0.088780488,0.137179487,0.631294964,25.5,08/05/2016,18,4,0,,,0.7810102309539746,0.7279379735099337,0.0799640179910045,1.910272283782913,Mid-tier
Alberto Mina,0.717391304,0.529347826,0.120041192,0.11320163,0.0,0.0,0.083333333,0.0,0.365384615,0.658385093,0.0,0.092081031,0.11,0.041666667,0.0,0.025,0.0,0.0,0.0,0.071428571,0.0,0.0,0.0,0.029411765,0.441176471,0.651162791,0.366666667,0.0,0.148351648,0.0,0.386992195,0.467,0.0,0.106664,0.377,0.109756098,0.0,0.040816327,0.0,0.0,0.145833333,0.0,0.103960396,0.0,0.0,0.078553616,0.52173913,0.729766804,0.366666667,0.444444444,0.496,0.467455621,0.466666667,0.551020408,0.514326648,0.615384615,0.470588235,0.599236641,0.747252747,0.704545455,0.633333333,0.502057531,0.617647059,0.471397411,0.0,,,,,,,,,,,,,,,,,,,,,,,,,,,,,0.25,0.381958417,0.309633028,0.129014698,0.258278146,0.134439024,0.182307692,0.226618705,34.0,12/05/2018,13,1,0,,,0.9149598544619838,0.8286770770877944,0.2829283819628647,2.547029672709159,Mid-tier
Alberto Uda,0.780869565,0.45,0.182071102,0.047883479,0.0,0.0,0.0,0.0,,,,,,0.0,0.0,0.0,0.0,0.0,0.0,0.0,0.0,0.0,0.0,0.0,0.647058824,0.689922481,0.466666667,0.2,0.0,0.0,0.146341463,0.55,0.0,0.08,0.5,0.0,0.071428571,0.027210884,0.0,0.0,0.0,0.0,0.0,0.0,0.0,0.0,0.652173913,0.729766804,0.466666667,0.555555556,0.568,0.520710059,0.5,0.612244898,0.510028653,0.615384615,0.529411765,0.599236641,0.758241758,0.727272727,0.8,0.432098765,0.617647059,0.431447747,0.0,,,,,,,,,,,,,,,,,,,,,,,,,,,,,0.0,0.175050302,0.379816514,0.186826347,0.225209713,0.087804878,0.182051282,0.20647482,32.0,20/08/2016,12,2,0,,,1.038003966808508,0.2660753872727273,0.16,0.0,Mid-tier
Alejandro Perez,0.743043478,0.491847826,0.167698826,0.081733543,0.0,0.21875,0.083333333,0.0,0.182633654,0.520674357,0.052612637,0.084109445,0.420142857,0.125,0.305555556,0.222916667,0.0,0.0,0.05,0.196428571,0.125,0.071428571,0.0,0.176470588,0.397058824,0.520348837,0.133333333,0.125,0.037087912,0.214285714,0.199238049,0.312714286,0.045352041,0.046514286,0.247285714,0.164634146,0.116071429,0.180272109,0.0390625,0.0,0.145833333,0.180555556,0.168935644,0.01059322,0.0,0.202930175,0.260869565,0.336076818,0.141666667,0.416666667,0.577,0.480769231,0.470833333,0.49744898,0.528295129,0.591346154,0.492647059,0.620706107,0.862637363,0.860795455,0.425,0.500002469,0.61073989,0.49331256,0.142857143,,0.933333333,,,,,,,,,,,0.933333333,,,,,,,,,,,,,,,,0.3125,0.401911469,0.229816514,0.151131503,0.340910596,0.186202091,0.231570513,0.27672148,32.5,26/02/2022,23,9,1,,,0.9325224329297195,0.637124870591937,0.1880993659019057,0.9958770937771633,Mid-tier
Aleksa Camur,0.664347826,0.588043478,0.074761622,0.132061095,0.0,0.375,0.0,0.0,0.02625,0.48447205,0.028846154,0.037753223,0.35,0.125,0.166666667,0.116666667,0.0,0.0,0.2,0.071428571,0.0,0.071428571,0.0,0.088235294,0.647058824,0.88372093,0.6,0.1,0.0,0.0,0.046634146,0.625,0.0,0.0236,0.125,0.073170732,0.035714286,0.054421769,0.0,0.0,0.0,0.055555556,0.051980198,0.0,0.0,0.052369077,0.565217391,0.614540466,0.6,0.333333333,0.568,0.547337278,0.516666667,0.489795918,0.553008596,0.615384615,0.5,0.627862595,0.802197802,0.909090909,0.533333333,0.501111111,0.628676471,0.484899329,0.5,,,,,,,,,,,,,,,,,,,,,,,,,,,,,0.5,0.597585513,0.212614679,0.173924878,0.605960265,0.170731707,0.129487179,0.316366906,25.0,19/06/2021,6,3,0,,,0.9041450777014686,0.07461463360000001,0.1888,0.9551361331161432,Low-tier
Aleksei Kunchenko,0.577391304,0.673913043,0.023324476,0.31297712,0.0,0.25,0.0,0.0,0.374581731,0.566459627,0.050173077,0.052044199,0.347,0.583333333,1.0,0.916666667,0.090909091,0.0,0.0,0.714285714,0.875,0.142857143,1.0,0.823529412,0.470588235,0.534883721,0.366666667,0.0,0.0,0.0,,,,,,0.0,0.0,0.0,0.0,0.0,0.0,0.0,0.0,0.0,0.0,0.0,0.347826087,0.46090535,0.366666667,0.333333333,0.568,0.893491124,0.966666667,0.0,1.0,0.653846154,1.0,0.65648855,0.846153846,0.795454545,0.466666667,0.698550617,0.636830882,0.506481304,0.0,,,,,,,,,,,,,,,,,,,,,,,,,,,,,0.5,0.597585513,0.178899083,0.422972237,0.343267108,0.375609756,0.05,0.329856115,34.0,15/09/2018,20,2,0,,,1.0,,,0.0,Low-tier
Aleksei Oleinik,0.758893281,0.473241107,0.178165734,0.063442208,0.0,0.159090909,0.136363636,0.0,0.171271368,0.626708075,0.046153846,0.109208103,0.2594,0.166666667,0.282828283,0.233333333,0.024793388,0.181818182,0.036363636,0.116883117,0.204545455,0.155844156,0.0,0.240641711,0.86631016,0.813248767,0.924242424,0.218181818,0.044955045,0.0,0.083833713,0.4938,0.216666667,0.16136,0.3664,0.133037694,0.220779221,0.148423006,0.0,0.0,0.053030303,0.0,0.085058506,0.277349769,0.0,0.261845387,0.608695652,0.844993141,0.833333333,0.393939394,0.594181818,0.530392684,0.46969697,0.428571429,0.553790049,0.625874126,0.577540107,0.474323387,0.862137862,0.731404959,0.53030303,0.543422402,0.512032086,0.443170923,0.3,0.871794872,0.744444444,,,,,0.744444444,,,,,,,,,,,,,0.858156028,,,,,,,,,0.2,0.284238766,0.455905963,0.218145527,0.160424945,0.313495935,0.282275641,0.143285372,41.0,09/04/2022,60,17,1,,,1.0428863935762054,0.1697726063183475,0.44039301310043666,2.441725745670453,Top-tier
Alen Amedovski,0.685217391,0.569565217,0.093686874,0.093129799,0.0,0.75,0.0,0.0,0.025384615,0.422360248,0.0,0.0,0.0,0.0,0.333333333,0.116666667,0.0,0.0,0.0,0.0,0.0,0.0,0.0,0.0,0.588235294,0.728682171,0.466666667,0.0,0.098901099,0.0,0.005073171,0.28,0.0,0.0,0.0,0.0,0.071428571,0.040816327,0.0,0.0,0.0,0.0,0.0,0.0,0.0,0.0,0.434782609,0.614540466,0.466666667,0.111111111,0.496,0.520710059,0.5,0.428571429,0.561604585,0.615384615,0.529411765,0.599236641,0.846153846,0.818181818,0.366666667,0.516641975,0.617647059,0.479386385,0.0,,,,,,,,,,,,,,,,,,,,,,,,,,,,,0.0,0.005365526,0.195412844,0.324986391,0.247461369,0.302439024,0.16025641,0.161870504,34.0,28/09/2019,8,4,0,,,0.9426770705584606,0.018118467857142852,0.0,0.0,Low-tier
Alessandro Costa,,,,,0.0,0.25,0.0,0.0,0.047307692,0.49689441,0.0,0.0,0.0,0.083333333,0.111111111,0.1,0.0,0.0,0.0,0.142857143,0.0,0.0,0.0,0.058823529,0.235294118,0.457364341,0.066666667,0.2,0.0,0.0,0.040390244,0.47,0.0,0.0216,0.12,0.073170732,0.142857143,0.149659864,0.0,0.0,0.291666667,0.0,0.103960396,0.0,0.0,0.104738155,0.173913043,0.345679012,0.066666667,0.444444444,0.568,0.520710059,0.466666667,0.489795918,0.484240688,0.615384615,0.470588235,0.599236641,0.846153846,0.818181818,0.4,0.510024691,0.617647059,0.466442953,,,,,,,,,,,,,,,,,,,,,,,,,,,,,,0.25,0.258886653,,,,,,,28.0,04/05/2024,13,4,0,,,0.9718064728175011,0.08593668936170212,0.18000000000000002,0.6946444639292202,Mid-tier
Alessio Di Chirico,0.719055901,0.500372671,0.1233125,0.087309432,0.0,0.285714286,0.023809524,0.0,0.103333333,0.564182195,0.137820513,0.053560467,0.24,0.083333333,0.222222222,0.14047619,0.0,0.0,0.0,0.06122449,0.107142857,0.102040816,0.0,0.117647059,0.655462185,0.739756368,0.452380952,0.142857143,0.028257457,0.0,0.144070407,0.413333333,0.0,0.127510667,0.444666667,0.104529617,0.224489796,0.182701652,0.0,0.0,0.416666667,0.0,0.103960396,0.0,0.0,0.127182045,0.52173913,0.614540466,0.466666667,0.492063492,0.557714286,0.497886729,0.485714286,0.551020408,0.484240688,0.615384615,0.521008403,0.640130862,0.827315542,0.824675325,0.5,0.489154638,0.662815126,0.437794138,0.333333333,,,,,,,,,,,,,,,,,,,,,,,,,,,,,0.392857143,0.446201016,0.194954128,0.178380901,0.308432671,0.291149826,0.195970696,0.260277492,31.14285714,03/09/2022,13,7,0,,,1.0759285948313373,0.3485574365714173,0.28675562272357147,0.5690172741295191,Top-tier
Alessio Sakara,0.71826087,0.526811594,0.136836692,0.086558287,0.0,0.083333333,0.0,0.0,0.050480769,0.689440994,0.024038462,0.0,0.0,0.055555556,0.148148148,0.055555556,0.0,0.0,0.0,0.0,0.125,0.0,0.0,0.078431373,0.725490196,0.76744186,0.477777778,0.2,0.164835165,0.0,0.197786992,0.459333333,0.0,0.069957333,0.131,0.195121951,0.428571429,0.235827664,0.0,0.0,0.291666667,0.111111111,0.381188119,0.0,0.0,0.296758105,0.52173913,0.537722908,0.466666667,0.518518519,0.448,0.414201183,0.355555556,0.836734694,0.406876791,0.615384615,0.37254902,0.599236641,0.853479853,0.886363636,0.522222222,0.414700412,0.620710784,0.437465644,0.0,,,,,,,,,,,,,,,,,,,,,,,,,,,,,0.25,0.356472166,0.224770642,0.235166032,0.216556291,0.148292683,0.120512821,0.244604317,30.66666667,26/10/2013,19,11,0,,,0.9156310417322377,0.4305957738973844,0.5340254427480916,1.6163842381104194,Mid-tier
Alex Caceres,0.728659039,0.505560641,0.151182855,0.09560851,0.0,0.065789474,0.140350877,0.052631579,0.192776992,0.608115942,0.194597527,0.111725204,0.274071429,0.078947368,0.122807018,0.107894737,0.004784689,0.0,0.147368421,0.052631579,0.059210526,0.045112782,0.0,0.089783282,0.486068111,0.573643411,0.185964912,0.136842105,0.078079815,0.0,0.236910569,0.483333333,0.098972884,0.031857333,0.415611111,0.196405648,0.541353383,0.55424275,0.0,0.0,0.598684211,0.34502924,0.054715998,0.169491525,0.052631579,0.40792755,0.434782609,0.576131687,0.2,0.467836257,0.571789474,0.428215509,0.29122807,0.55424275,0.232694918,0.617408907,0.520123839,0.502812374,0.807981492,0.75,0.424561404,0.465518726,0.614558824,0.504160065,0.25,,0.833333333,,,,,,,,,,1.0,0.666666667,,,,,,,,,,,,,,,,0.347222222,0.451412177,0.196636086,0.1585411,0.311147903,0.143902439,0.267509158,0.337204522,30.52631579,11/05/2024,21,14,0,,,2.2352178701212546,0.49015979826907574,0.07665178373924658,0.4045294647516815,Low-tier
Alex Chambers,0.796521739,0.423913043,0.240494595,0.033587816,0.0,0.125,0.0,0.0,0.269230769,0.708074534,0.0,0.460405157,1.0,0.0,0.055555556,0.025,0.0,0.0,0.0,0.0,0.0,0.0,0.0,0.0,0.205882353,0.360465116,0.033333333,0.2,0.0,0.0,0.198374146,0.705,0.05952381,0.08,0.7335,0.036585366,0.107142857,0.054421769,0.0,0.0,0.0,0.0,0.0,0.042372881,0.0,0.026184539,0.130434783,0.192043896,0.0,0.5,0.568,0.49408284,0.483333333,0.612244898,0.505730659,0.615384615,0.529411765,0.570610687,0.857142857,0.852272727,0.95,0.474897037,0.580882353,0.551294343,0.0,,,,,,,,,,,,,,,,,,,,,,,,,,,,,0.5,0.562374245,0.278669725,0.125585193,0.241280353,0.186341463,0.332051282,0.217625899,37.5,18/11/2017,5,5,0,,,1.0468255297134357,0.28138176737588655,0.10906612133605999,0.778601684190016,Low-tier
Alex Garcia,0.669565217,0.541304348,0.082137329,0.126086973,0.0,0.25,0.083333333,0.0,0.531342308,0.460869565,0.116490385,0.162025783,0.4225,0.208333333,0.388888889,0.383333333,0.045454545,0.0,0.4,0.357142857,0.0,0.214285714,0.0,0.294117647,0.647058824,0.748062016,0.366666667,0.1,0.049450549,0.0,0.221002927,0.335,0.006613095,0.284444,0.5005,0.146341463,0.178571429,0.217687075,0.0,0.0,0.291666667,0.111111111,0.155940594,0.042372881,0.0,0.209476309,0.391304348,0.537722908,0.366666667,0.388888889,0.568,0.547337278,0.533333333,0.489795918,0.58739255,0.634615385,0.441176471,0.65648855,0.89010989,0.875,0.5,0.667194321,0.658102941,0.393290988,0.0,,,,,,,,,,,,,,,,,,,,,,,,,,,,,0.5,0.585848424,0.150229358,0.138160044,0.313907285,0.252195122,0.194871795,0.403057554,30.5,27/10/2018,15,6,0,,,0.75107604105636,0.6597102298507462,0.5683196803196804,0.9110025250695292,Top-tier
Alex Gorgees,0.87826087,0.282608696,0.545595057,0.009021526,0.0,0.0,0.0,0.0,,0.534161491,,,,0.0,0.0,0.0,0.0,0.0,0.0,0.0,0.0,0.0,0.0,0.0,0.529411765,0.690532869,0.266666667,0.0,0.0,0.0,,,,,,0.0,0.0,0.0,0.0,0.0,0.0,0.0,0.0,0.0,0.0,0.0,0.608695652,0.614540466,0.266666667,0.444444444,0.568,0.520710059,0.5,0.551020408,0.52722063,0.615384615,0.529411765,0.599236641,0.736263736,0.795812455,0.333333333,0.50617284,0.617647059,0.479386385,0.0,,,,,,,,,,,,,,,,,,,,,,,,,,,,,0.5,0.597585513,0.383027523,0.143385955,0.550331126,0.112195122,0.430769231,0.144244604,27.0,01/12/2018,6,1,0,,,1.0041560114975014,,,0.0,Low-tier
Alex Morono,0.692322981,0.554037267,0.099095944,0.122544127,0.0,0.071428571,0.119047619,0.0,0.058751923,0.361845608,0.109497253,0.071446988,0.259,0.119047619,0.238095238,0.185714286,0.0,0.0,0.228571429,0.06122449,0.142857143,0.12244898,0.0,0.176470588,0.663865546,0.712070875,0.366666667,0.028571429,0.155416013,0.0,0.112298676,0.401857143,0.054908163,0.016685714,0.147142857,0.219512195,0.255102041,0.400388727,0.0,0.0,0.291666667,0.476190476,0.148514851,0.0968523,0.0,0.411471322,0.47826087,0.537722908,0.366666667,0.46031746,0.506285714,0.437024514,0.338095238,0.498542274,0.37003684,0.615384615,0.512605042,0.582878953,0.852433281,0.853896104,0.404761905,0.479504127,0.62559979,0.50658403,0.6,,,,,,,,,,,,,,,,,,,,,,,,,,,,,0.4,0.505566734,0.171690695,0.182207015,0.278366446,0.284320557,0.201831502,0.335560123,31.0,07/10/2023,23,9,0,,,1.3852811033625734,0.27944924696784595,0.11339805642077483,0.6128223260391644,Mid-tier
Alex Oliveira,0.681899666,0.557959866,0.095701816,0.148544064,0.0,0.192307692,0.051282051,0.0,0.225954567,0.522256729,0.073778846,0.098150706,0.333916667,0.141025641,0.35042735,0.26025641,0.0,0.076923077,0.123076923,0.087912088,0.173076923,0.197802198,0.0,0.221719457,0.619909502,0.698867024,0.351282051,0.138461538,0.083685545,0.0,0.146243302,0.463692308,0.071628205,0.174926154,0.306538462,0.225140713,0.307692308,0.367346939,0.0,0.0,0.08974359,0.213675214,0.295887281,0.195567145,0.0,0.386725494,0.47826087,0.691358025,0.366666667,0.452991453,0.529230769,0.446973145,0.379487179,0.499215071,0.429358607,0.615384615,0.443438914,0.546388726,0.836010144,0.755244755,0.435897436,0.539267654,0.599445701,0.421732429,0.230769231,0.923076923,0.933333333,,,,,,,,0.933333333,,,,,,,,,,,,,0.923076923,,,,,,0.45,0.516297787,0.236873677,0.195971693,0.222737307,0.198292683,0.183254438,0.275629496,31.23076923,02/10/2021,22,12,1,,,1.0327938156367271,0.31538867364605927,0.5706499369074279,1.337848158849093,Top-tier
Alex Pereira,0.646956522,0.605130435,0.058884986,0.168061094,0.666666667,0.041666667,0.388888889,0.0,0.043766026,0.610766046,0.012820513,0.043278085,0.21,0.347222222,0.185185185,0.344444444,0.227272727,0.0,0.133333333,0.261904762,0.458333333,0.023809524,0.0,0.352941176,0.764705882,0.825581395,0.516666667,0.0,0.230769231,0.0,0.051772358,0.63,0.035714286,0.0128,1.0,0.207317073,0.035714286,0.160997732,0.291666667,0.0,0.145833333,0.074074074,0.329207921,0.0,0.0,0.226932668,0.695652174,0.806584362,0.6,0.462962963,0.568,0.591715976,0.555555556,0.62244898,0.603151862,0.532051282,0.558823529,0.608778626,0.78021978,0.761363636,0.372222222,0.502444444,0.600490196,0.494247363,0.0,0.102564103,0.0,,,,,,0.0,0.0,,,,,,0.214285714,,,,,,0.3,0.0,,,,,,0.259259259,0.333333333,0.380505254,0.394495413,0.304572673,0.542604857,0.27804878,0.059230769,0.213579137,35.33333333,05/10/2024,9,2,0,,,0.9265055191025837,0.08217834603174602,0.0128,2.044798500639748,Mid-tier
Alex Perez,0.733043478,0.495434783,0.19691411,0.104775226,0.25,0.0,0.541666667,0.0,0.138461538,0.584782609,0.131408654,0.222990331,0.35,0.270833333,0.027777778,0.1375,0.0,0.0,0.1,0.107142857,0.0625,0.25,0.0,0.191176471,0.294117647,0.437984496,0.083333333,0.15,0.074175824,0.0,0.177146341,0.467,0.114583333,0.1916,0.4895,0.237804878,0.142857143,0.159863946,0.03125,0.0,0.0,0.166666667,0.155940594,0.169491525,0.0,0.261845387,0.260869565,0.268861454,0.1,0.416666667,0.748,0.520710059,0.441666667,0.443877551,0.49713467,0.596153846,0.470588235,0.584923664,0.824175824,0.852272727,0.358333333,0.487617284,0.597119485,0.480665149,0.0,0.653846154,0.4,,,,,,,,,,,,0.422222222,,,,,,,,,,,,,0.653846154,,0.3125,0.413983903,0.251949541,0.172945019,0.312516556,0.119121951,0.277564103,0.449190647,29.0,15/06/2024,24,7,0,,,0.9466011191695803,0.37932835331905784,0.39141981613891724,2.0356817602888397,Top-tier
Alex Reyes,,,,,0.0,0.25,0.0,0.0,0.053365385,0.670807453,0.0,0.271639042,0.4,0.0,0.111111111,0.016666667,0.0,0.0,0.0,0.0,0.0,0.0,0.0,0.0,0.647058824,0.612403101,0.266666667,0.2,0.0,0.0,0.043512195,0.46,0.0,0.12,0.28,0.0,0.071428571,0.013605442,0.0,0.0,0.0,0.0,0.0,0.0,0.0,0.0,0.47826087,0.576131687,0.266666667,0.444444444,0.568,0.520710059,0.5,0.551020408,0.52722063,0.615384615,0.529411765,0.599236641,0.846153846,0.772727273,0.2,0.511555556,0.617647059,0.548897411,,,,,,,,,,,,,,,,,,,,,,,,,,,,,,0.0,0.14017438,,,,,,,36.0,16/09/2023,13,4,0,,,1.0041560114975014,0.09459172826086955,0.4285714285714285,0.0,Low-tier
Alex Soto,0.805217391,0.419565217,0.272952091,0.031346472,0.0,0.25,0.0,0.0,0.211538462,0.708074534,0.576923077,0.0,0.0,0.0,0.111111111,0.05,0.0,0.0,0.0,0.0,0.0,0.0,0.0,0.0,0.411764706,0.457364341,0.133333333,0.2,0.0,0.0,0.058536585,0.75,0.0,0.0,0.0,0.0,0.071428571,0.013605442,0.0,0.0,0.0,0.0,0.0,0.0,0.0,0.0,0.347826087,0.499314129,0.133333333,0.444444444,0.568,0.520710059,0.5,0.551020408,0.544412607,0.615384615,0.529411765,0.599236641,0.824175824,0.727272727,0.4,0.585185185,0.838235294,0.479386385,0.0,,,,,,,,,,,,,,,,,,,,,,,,,,,,,0.5,0.597585513,,,,,,,30.0,15/05/2012,8,3,1,,,0.9724458217772314,0.07804878,0.0,0.0,Mid-tier
Alex White,0.747246377,0.492753623,0.147049075,0.067979143,0.0,0.25,0.0,0.0,0.301538462,0.48447205,0.0,0.058624923,0.366666667,0.0,0.111111111,0.033333333,0.0,0.0,0.0,0.0,0.0,0.0,0.0,0.0,0.549019608,0.625322997,0.244444444,0.2,0.032967033,0.0,0.24596748,0.433333333,0.024801587,0.0412,0.166333333,0.048780488,0.261904762,0.204081633,0.0,0.0,0.0,0.111111111,0.173267327,0.0,0.0,0.139650873,0.52173913,0.499314129,0.266666667,0.444444444,0.544,0.485207101,0.411111111,0.714285714,0.415472779,0.615384615,0.431372549,0.599236641,0.787545788,0.825757576,0.555555556,0.536534979,0.602328431,0.48521892,0.0,,,,,,,,,,,,,,,,,,,,,,,,,,,,,0.5,0.597585513,0.213608563,0.184540011,0.383443709,0.19902439,0.18017094,0.247601918,29.66666667,26/10/2019,13,6,0,,,1.0382691016202532,0.5676172619750902,0.24769539127794668,0.8490099008566832,Mid-tier
Alexa Grasso,0.666782609,0.566521739,0.147532925,0.190811958,0.4,0.1,0.133333333,0.2,0.250198654,0.69068323,0.137180769,0.168815838,0.5414,0.25,0.155555556,0.323333333,0.218181818,0.0,0.16,0.285714286,0.125,0.142857143,0.0,0.258823529,0.223529412,0.372093023,0.026666667,0.0,0.197802198,0.114285714,0.350065122,0.435,0.048610119,0.043666,0.37925,0.146341463,0.1,0.195918367,0.05,0.0,0.175,0.244444444,0.0,0.050847458,0.0,0.178054863,0.217391304,0.307270233,0.026666667,0.444444444,0.4816,0.573964497,0.533333333,0.526530612,0.570200573,0.676923077,0.588235294,0.622137405,0.81978022,0.790909091,0.373333333,0.49291516,0.646079412,0.546341323,0.0,0.346153846,0.433333333,0.160447761,,0.7,,,,,,,,,,0.0,0.0,,0.846153846,,,,,,,,,,0.111111111,0.625,0.675385647,0.15733945,0.162329886,0.34790287,0.2,0.258974359,0.482014388,33.2,14/09/2024,16,3,1,,,1.0316287318076756,0.8047474068965518,0.11513777191825975,0.2595339006679246,Low-tier
Alexander Gustafsson,0.626304348,0.620108696,0.082983609,0.252602385,0.5,0.09375,0.1875,0.0,0.316428245,0.626242236,0.099115385,0.159903315,0.38875,0.21875,0.222222222,0.229166667,0.022727273,0.0,0.0,0.125,0.359375,0.071428571,0.375,0.272058824,0.772058824,0.801356589,0.583333333,0.1,0.098901099,0.0,0.284419512,0.3405,0.059873512,0.071799,0.245375,0.329268293,0.169642857,0.25170068,0.0703125,0.0,0.0,0.166666667,0.324876238,0.137711864,0.0,0.327306733,0.739130435,0.806584362,0.6,0.458333333,0.577,0.420857988,0.445833333,0.573979592,0.486389685,0.581730769,0.536764706,0.534828244,0.760989011,0.747159091,0.345833333,0.524718765,0.618564338,0.519609899,0.0,0.230769231,0.093333333,,,,,,0.093333333,,,,,,,0.964285714,,,,,,0.333333333,,,,,,,,0.375,0.42991281,0.198623853,0.385410996,0.256732892,0.363902439,0.103589744,0.311510791,31.125,01/06/2019,18,8,0,,,1.103569262575953,0.8352995947136563,0.2926092715231788,1.8378500288517297,Mid-tier
Alexander Hernandez,0.66826087,0.56625,0.078244847,0.157241526,0.0,0.083333333,0.222222222,0.111111111,0.108285256,0.551828847,0.096660256,0.11635973,0.311666667,0.305555556,0.432098765,0.448148148,0.02020202,0.0,0.177777778,0.365079365,0.305555556,0.333333333,0.0,0.45751634,0.54248366,0.573643411,0.251851852,0.066666667,0.076923077,0.0,0.062861789,0.435,0.003968254,0.101244444,0.273333333,0.138211382,0.166666667,0.169312169,0.0,0.0,0.0,0.197530864,0.196369637,0.0,0.0,0.19201995,0.391304348,0.537722908,0.244444444,0.469135802,0.608,0.615384615,0.637037037,0.455782313,0.651384909,0.623931624,0.562091503,0.732824427,0.851037851,0.772727273,0.455555556,0.529967078,0.652154412,0.479295835,0.5,,0.866666667,,,,,,,,,0.855670103,,,,,,,,,,,,0.846153846,,,,,,0.34375,0.425804829,0.203841743,0.206015242,0.366252759,0.226658537,0.14599359,0.373606115,31.77777778,06/04/2024,14,7,0,,,0.8629176009971087,0.14450985977011493,0.3704065028907396,1.1598081706696464,Top-tier
Alexander Munoz,0.657391304,0.59826087,0.055641366,0.153587812,0.0,0.25,0.0,0.0,0.014711538,0.385093168,0.0,0.0,0.0,0.0,0.111111111,0.033333333,0.0,0.0,0.0,0.0,0.0,0.0,0.0,0.0,0.352941176,0.496124031,0.266666667,0.4,0.0,0.0,0.036097561,0.42,0.0,0.24,0.4,0.073170732,0.142857143,0.12244898,0.0,0.0,0.0,0.111111111,0.0,0.0,0.0,0.052369077,0.391304348,0.537722908,0.266666667,0.333333333,0.568,0.467455621,0.466666667,0.489795918,0.467048711,0.615384615,0.529411765,0.599236641,0.78021978,0.727272727,0.466666667,0.49545679,0.617647059,0.33557047,,,,,,,,,,,,,,,,,,,,,,,,,,,,,,0.5,0.597585513,0.133027523,0.164942842,0.273730684,0.16097561,0.230769231,0.496402878,33.0,15/07/2023,7,2,0,,,1.1335258026223307,0.08594657380952381,0.6,0.0,Top-tier
Alexander Volkanovski,0.611652174,0.636684783,0.047159216,0.234542008,0.555555556,0.027777778,0.296296296,0.0,0.150492788,0.545341615,0.108173077,0.160220994,0.504125,0.472222222,0.271604938,0.511111111,0.191919192,0.0,0.177777778,0.365079365,0.444444444,0.174603175,0.0,0.45751634,0.470588235,0.530577089,0.207407407,0.044444444,0.483516484,0.0,0.242865366,0.586111111,0.01984127,0.191555556,0.509444444,0.552845528,0.023809524,0.353741497,0.243055556,0.0,0.162037037,0.481481481,0.288778878,0.0,0.0,0.401496259,0.260869565,0.499314129,0.2,0.432098765,0.344,0.420118343,0.503703704,0.639455782,0.567335244,0.547008547,0.575163399,0.669211196,0.89010989,0.77020202,0.403703704,0.45194332,0.642156863,0.438745073,0.4,0.0,0.0,,,,,,,,,,0.0,,,0.178571429,,,,,,,,,,0.133333333,,,0.444444444,0.638888889,0.68052761,0.121272936,0.272960572,0.391633554,0.290592334,0.137179487,0.414182939,32.66666667,17/02/2024,26,3,0,,,1.0137981115800379,0.4143674491780791,0.37600872530077095,0.8163556734199041,Low-tier
Alexander Volkov,0.697341615,0.551180124,0.092183462,0.109823447,0.428571429,0.107142857,0.285714286,0.0,0.093208104,0.602661934,0.106228022,0.136103657,0.371857143,0.333333333,0.492063492,0.411904762,0.038961039,0.142857143,0.057142857,0.142857143,0.589285714,0.183673469,0.0,0.428571429,0.882352941,0.822812846,0.935238095,0.085714286,0.070643642,0.0,0.214174216,0.57,0.017006803,0.045942857,0.567142857,0.240418118,0.163265306,0.344023324,0.0,0.0,0.291666667,0.222222222,0.282178218,0.0,0.0,0.29925187,0.826086957,0.844993141,0.9,0.444444444,0.64,0.558748943,0.552380952,0.419825073,0.522308637,0.631868132,0.647058824,0.672846238,0.758241758,0.737012987,0.40952381,0.44563351,0.647759454,0.522713327,0.25,0.615384615,0.495238095,,,,,0.495238095,,,,,,,,,,,,,0.574468085,,,,,,,,,0.25,0.340822714,0.203473132,0.237965627,0.452538631,0.288362369,0.144322344,0.222250771,34.57142857,11/03/2023,37,10,0,,,1.2388438141029632,0.37574423859649125,0.08100755644357872,0.8202299039468613,Top-tier
Alexander Yakovlev,0.723478261,0.52173913,0.1085008,0.087140379,0.0,0.125,0.0,0.0,,0.571428571,0.096153846,0.169429098,0.63,0.083333333,0.055555556,0.058333333,0.0,0.0,0.0,0.071428571,0.0,0.071428571,0.0,0.058823529,0.588235294,0.651162791,0.266666667,0.2,0.049450549,0.0,0.224390244,0.4965,0.011904762,0.1024,0.365,0.146341463,0.285714286,0.217687075,0.0,0.0,0.0,0.111111111,0.103960396,0.042372881,0.0,0.130922693,0.652173913,0.614540466,0.266666667,0.5,0.532,0.467455621,0.45,0.765306122,0.419770774,0.615384615,0.470588235,0.599236641,0.736263736,0.772727273,0.816666667,0.449382716,0.628676471,0.462128476,0.0,,,,,,,,,,,,,,,,,,,,,,,,,,,,,0.375,0.460093897,0.165137615,0.201524224,0.298454746,0.204878049,0.332051282,0.286690647,34.5,09/11/2019,24,10,1,,,1.1210600264419552,0.45194409667673713,0.2805479452054795,0.6722184906935792,Mid-tier
Alexandr Romanov,0.483478261,0.710434783,0.028780088,0.389923683,0.0,0.178571429,0.095238095,0.0,0.033131868,0.532386868,0.104395604,0.153512234,0.45,0.142857143,0.317460317,0.219047619,0.0,0.0,0.114285714,0.142857143,0.125,0.102040816,0.0,0.176470588,0.739495798,0.789590255,0.918095238,0.085714286,0.141287284,0.0,0.035219512,0.411428571,0.142857143,0.323542857,0.54,0.209059233,0.051020408,0.095238095,0.0,0.0,0.166666667,0.015873016,0.044554455,0.157384988,0.0,0.157107232,0.608695652,0.652949246,0.98,0.476190476,0.506285714,0.459847844,0.5,0.682215743,0.58002456,0.615384615,0.56302521,0.533805889,0.814756672,0.831168831,0.576190476,0.505361552,0.569327731,0.365429393,1.0,1.0,0.9,,,,,0.9,,,,,,,,,,,,,1.0,,,,,,,,,0.3125,0.415492958,0.383486239,0.449510071,0.129094923,0.454878049,0.103230769,0.425809353,34.28571429,02/11/2024,17,2,0,,,0.9706920169035601,0.08560298064472532,0.5991534388888888,2.1203641568009104,Top-tier
Alexandre Pantoja,0.666529644,0.587114625,0.066968418,0.147036803,0.25,0.083333333,0.166666667,0.083333333,0.07919875,0.440767928,0.184295455,0.098512473,0.363818182,0.166666667,0.138888889,0.1375,0.007575758,0.0,0.1,0.095238095,0.072916667,0.178571429,0.0,0.161764706,0.352941176,0.450904393,0.066666667,0.033333333,0.197802198,0.0,0.132429268,0.465545455,0.136363636,0.128654545,0.413272727,0.219512195,0.142857143,0.278911565,0.052083333,0.0,0.340277778,0.166666667,0.138613861,0.183615819,0.0,0.322942643,0.217391304,0.347279378,0.066666667,0.444444444,0.496,0.467455621,0.386111111,0.443877551,0.421919771,0.586538462,0.485294118,0.546755725,0.868131868,0.81344697,0.375,0.484208519,0.605034926,0.455729866,0.375,0.417582418,0.28,,,,,,,,,,,,0.28,0.666666667,,,,,,,,,,,,0.417582418,,0.45,0.505700872,0.174645538,0.187717128,0.192956051,0.25631929,0.203240093,0.378973185,31.33333333,07/12/2024,26,5,0,,,1.150204734065425,0.2844604465099976,0.3113066423083854,1.1553112901575093,Low-tier
Alexis Davis,0.71810628,0.523671498,0.131742509,0.117826307,0.0,0.125,0.15,0.0,0.426754808,0.514440994,0.059694712,0.084139042,0.34225,0.075,0.122222222,0.105,0.009090909,0.0,0.12,0.071428571,0.025,0.014285714,0.0,0.064705882,0.282352941,0.403100775,0.093333333,0.18,0.049450549,0.0,0.26143664,0.451,0.112543651,0.056976,0.367111111,0.190243902,0.2,0.27755102,0.05,0.0,0.379166667,0.311111111,0.031188119,0.059322034,0.0,0.267082294,0.260869565,0.384087791,0.08,0.466666667,0.5968,0.430177515,0.366666667,0.544897959,0.406017192,0.588461538,0.523529412,0.564885496,0.81978022,0.763636364,0.413333333,0.562412198,0.573345588,0.483701822,0.111111111,0.282051282,0.361904762,0.445895522,,,0.426666667,,,,,,,,,,0.428571429,,,0.571428571,,,,,,,,,,0.472222222,0.566808257,0.176809378,0.120450009,0.288668138,0.263089431,0.397863248,0.424860112,33.3,05/02/2022,21,11,0,,,1.2894267097931162,0.5796821286031042,0.1552009685699761,0.32610275761191587,Low-tier
Alexis Dufresne,0.653913043,0.608695652,0.052831196,0.175572544,0.0,0.0,0.0,0.0,,,,,,0.0,0.0,0.0,0.0,0.0,0.0,0.0,0.0,0.0,0.0,0.0,0.294117647,0.457364341,0.133333333,0.2,0.0,0.0,0.117073171,0.42,0.0,0.24,1.0,0.0,0.071428571,0.040816327,0.0,0.0,0.0,0.0,0.0,0.0,0.0,0.0,0.391304348,0.384087791,0.133333333,0.555555556,0.568,0.520710059,0.5,0.612244898,0.501432665,0.615384615,0.529411765,0.599236641,0.758241758,0.795454545,0.033333333,0.44691358,0.617647059,0.33557047,0.0,,,,,,,,,,,,,,,,,,,,,,,,,,,,,0.5,0.597585513,0.155963303,0.145998911,0.245916115,0.251707317,0.179487179,0.532374101,37.0,03/01/2015,6,3,0,,,1.0557983194014693,0.27874564523809525,0.24,0.0,Top-tier
Ali Alqaisi,0.796521739,0.415217391,0.240494595,0.029755419,0.0,0.25,0.0,0.0,0.073076923,0.621118012,0.0,0.0,0.0,0.0,0.111111111,0.05,0.0,0.0,0.0,0.0,0.0,0.0,0.0,0.0,0.470588235,0.534883721,0.133333333,0.2,0.0,0.0,0.028585366,0.41,0.119047619,0.16,0.22,0.0,0.071428571,0.040816327,0.0,0.0,0.0,0.0,0.0,0.0,0.0,0.0,0.260869565,0.384087791,0.133333333,0.444444444,0.568,0.520710059,0.5,0.551020408,0.52722063,0.615384615,0.529411765,0.599236641,0.89010989,0.840909091,0.566666667,0.529234568,0.544117647,0.383509108,1.0,,,,,,,,,,,,,,,,,,,,,,,,,,,,,,,,0.112683723,,0.112195122,,0.244604317,33.0,10/10/2020,8,5,0,,,1.0041560114975014,0.06972040487804879,0.7272727272727273,0.0,Top-tier
Ali Bagautinov,0.64,0.617391304,0.043752185,0.193893154,0.0,0.0,0.166666667,0.0,0.225961538,0.534161491,0.0,0.046040516,0.5,0.083333333,0.111111111,0.083333333,0.0,0.0,0.0,0.0,0.125,0.0,0.0,0.058823529,0.235294118,0.379844961,0.066666667,0.4,0.0,0.0,0.384390244,0.38,0.047619048,0.192,0.302,0.219512195,0.142857143,0.231292517,0.0625,0.0,0.0,0.222222222,0.103960396,0.0,0.0,0.157107232,0.173913043,0.268861454,0.066666667,0.666666667,0.64,0.414201183,0.433333333,0.612244898,0.424068768,0.576923077,0.529411765,0.599236641,0.846153846,0.818181818,0.633333333,0.427654321,0.588235294,0.388302972,0.0,,0.666666667,,,,,,,,,,,,0.666666667,,,,,,,,,,,,,,,0.5,0.597585513,0.030733945,0.195971693,0.417439294,0.229268293,0.176923077,0.532374101,31.0,18/06/2016,15,6,0,,,1.2484101753043977,1.0115532736842106,0.6357615894039735,0.4494758297779257,Mid-tier
Aliaskhab Khizriev,0.382608696,0.804347826,0.006800624,0.587786272,0.0,0.0,0.0,0.0,0.034711538,0.50931677,0.0,0.08839779,0.42,0.0,0.0,0.0,0.0,0.0,0.0,0.0,0.0,0.0,0.0,0.0,0.705882353,0.80620155,0.466666667,0.0,0.098901099,0.0,0.058634146,0.64,0.452380952,0.4512,0.6,0.073170732,0.0,0.013605442,0.0,0.0,0.0,0.0,0.0,0.084745763,0.0,0.052369077,0.391304348,0.614540466,0.466666667,0.444444444,0.496,0.467455621,0.466666667,0.551020408,0.518624642,0.615384615,0.529411765,0.541984733,0.912087912,0.863636364,0.533333333,0.494320988,0.338235294,0.255033557,,,,,,,,,,,,,,,,,,,,,,,,,,,,,,0.25,0.274312542,0.334862385,0.91290147,0.031125828,0.668292683,0.123076923,0.352517986,33.0,26/03/2022,14,0,0,,,1.0207994802530034,0.091615853125,0.752,6.228813661474577,Top-tier
Alistair Overeem,0.705987578,0.540621118,0.114559158,0.124123056,0.428571429,0.071428571,0.25,0.0,0.168058974,0.62866016,0.059476331,0.078265807,0.296166667,0.261904762,0.26984127,0.251190476,0.038961039,0.071428571,0.114285714,0.091836735,0.339285714,0.132653061,0.142857143,0.306722689,0.890756303,0.892026578,0.937619048,0.085714286,0.098901099,0.0,0.258198274,0.710785714,0.036347789,0.046296,0.292846154,0.334494774,0.433673469,0.415937804,0.058035714,0.5,0.0,0.19047619,0.579207921,0.0968523,0.0,0.587281796,0.695652174,0.844993141,1.0,0.476190476,0.604,0.444632291,0.3,0.459183673,0.393982808,0.596153846,0.369747899,0.586968375,0.827315542,0.777597403,0.502380952,0.458796578,0.61631355,0.48656999,0.214285714,0.482517483,0.358974359,,,,,0.358974359,,,,,,,,,,,,,0.427466151,,,,,,,,,0.25,0.314833445,0.335026212,0.354428805,0.34794702,0.368989547,0.101098901,0.173124358,37.5,06/02/2021,47,19,0,,,0.9384873946073301,0.3632575457193277,0.15808983443231422,1.6253877731200406,Top-tier
Aljamain Sterling,0.671072464,0.559963768,0.098305684,0.152426705,0.333333333,0.0,0.430555556,0.0,0.266365946,0.554244306,0.076503205,0.166356661,0.338416667,0.340277778,0.175925926,0.344444444,0.174242424,0.0,0.266666667,0.30952381,0.302083333,0.154761905,0.0,0.37254902,0.357843137,0.450904393,0.133333333,0.05,0.379120879,0.0,0.280857886,0.508833333,0.104938492,0.181471333,0.42325,0.37195122,0.166666667,0.407029478,0.083333333,0.0,0.097222222,0.435185185,0.121287129,0.233050847,0.0,0.445137157,0.304347826,0.499314129,0.155555556,0.472222222,0.478,0.467455621,0.427777778,0.525510204,0.447707736,0.637820513,0.602941176,0.503816794,0.826007326,0.723484848,0.380555556,0.500810494,0.582083333,0.45725032,0.125,0.316239316,0.23030303,,,,,,,,,,,0.255555556,,0.380952381,,,,,,,,,,0.866666667,0.38697318,,0.555555556,0.458333333,0.527330651,0.156842508,0.183097441,0.261342899,0.267707317,0.273482906,0.365857314,32.41666667,19/08/2023,23,4,0,,,1.346729411885793,0.5519644012787189,0.4287568411104548,0.870546226138442,Mid-tier
Allan Nascimento,0.617391304,0.639130435,0.033765273,0.23969468,0.0,0.0,0.333333333,0.0,0.039519231,0.571428571,0.038461538,0.099447514,0.17,0.166666667,0.0,0.1,0.0,0.0,0.8,0.0,0.0,0.0,0.0,0.117647059,0.411764706,0.418604651,0.066666667,0.0,0.098901099,0.0,0.031317073,0.61,0.107142857,0.124,0.26,0.073170732,0.142857143,0.12244898,0.0,0.0,0.0,0.111111111,0.0,0.0,0.0,0.052369077,0.347826087,0.422496571,0.066666667,0.444444444,0.64,0.573964497,0.533333333,0.428571429,0.501432665,0.615384615,0.529411765,0.599236641,0.824175824,0.75,0.4,0.510617284,0.566176471,0.456855225,,,,,,,,,,,,,,,,,,,,,,,,,,,,,,0.0,0.125419182,0.133027523,0.194338596,0.142384106,0.453658537,0.307692308,0.460431655,31.0,14/01/2023,20,6,0,,,1.0557983194014693,0.05133946393442623,0.4769230769230769,0.0,Top-tier
Allen Crowder,0.796521739,0.42173913,0.240494595,0.032193892,0.0,0.0,0.166666667,0.0,0.035769231,0.571428571,0.0,0.0,0.0,0.083333333,0.0,0.033333333,0.0,0.0,0.0,0.0,0.125,0.0,0.0,0.058823529,0.882352941,0.84496124,0.846666667,0.0,0.098901099,0.0,0.028780488,0.51,0.142857143,0.148,0.33,0.073170732,0.071428571,0.040816327,0.0,0.0,0.0,0.0,0.0,0.0,0.0,0.052369077,0.652173913,0.691358025,0.866666667,0.444444444,0.568,0.520710059,0.5,0.612244898,0.518624642,0.615384615,0.588235294,0.599236641,0.846153846,0.840909091,0.4,0.509975309,0.529411765,0.390699904,0.0,,,,,,,,,,,,,,,,,,,,,,,,,,,,,0.0,0.0,0.266055046,0.291671203,0.3200883,0.463414634,0.241794872,0.051079137,31.0,22/06/2019,10,4,0,,,1.134221643868592,0.0564323294117647,0.44848484848484843,0.0,Mid-tier
Alonzo Menifield,0.637267081,0.618322981,0.044550009,0.195856077,0.0,0.027777778,0.222222222,0.111111111,0.030877404,0.581090407,0.081730769,0.11337477,0.31375,0.166666667,0.308641975,0.268518519,0.0,0.0,0.044444444,0.222222222,0.208333333,0.142857143,0.0,0.254901961,0.758169935,0.735142119,0.585185185,0.066666667,0.142857143,0.126984127,0.039829268,0.5175,0.022321429,0.0347,0.21375,0.219512195,0.119047619,0.15117158,0.0,0.0,0.0,0.061728395,0.358085809,0.065913371,0.0,0.250207814,0.52173913,0.691358025,0.6,0.419753086,0.56,0.467455621,0.485185185,0.578231293,0.570200573,0.615384615,0.424836601,0.611959288,0.865689866,0.776515152,0.422222222,0.502348422,0.633169935,0.513369554,0.5,1.0,0.833333333,,,,,,0.833333333,,,,,,,,,,,,,1.0,,,,,,,,0.25,0.356723675,0.335845347,0.312154911,0.445916115,0.268850174,0.051465201,0.329393628,34.11111111,11/05/2024,14,3,1,,,0.7450651948047059,0.07696476908212561,0.16233918128654973,2.8047545709319173,Top-tier
Alptekin Ozkilic,0.643478261,0.616956522,0.046084126,0.192977124,0.0,0.0,0.0,0.0,,,,,,0.0,0.0,0.0,0.0,0.0,0.0,0.0,0.0,0.0,0.0,0.0,0.352941176,0.399224806,0.1,0.2,0.049450549,0.0,0.41626,0.2685,0.0,0.293332,0.815,0.073170732,0.071428571,0.081632653,0.0,0.0,0.291666667,0.0,0.0,0.0,0.0,0.052369077,0.217391304,0.268861454,0.066666667,0.555555556,0.532,0.467455621,0.466666667,0.612244898,0.475644699,0.615384615,0.529411765,0.599236641,0.868131868,0.829545455,0.6,0.295473333,0.617647059,0.303612176,0.0,,,,,,,,,,,,,,,,,,,,,,,,,,,,,0.25,0.396042924,0.085779817,0.221774633,0.297682119,0.281463415,0.173717949,0.31205036,28.0,09/05/2015,9,5,0,,,1.113040397828548,1.550316573556797,0.3599165644171779,0.0,Low-tier
Amanda Cooper,0.665217391,0.575,0.103554862,0.209384833,0.0,0.25,0.0,0.0,0.216346154,0.360248447,0.096153846,0.046040516,0.5,0.0,0.111111111,0.05,0.0,0.0,0.0,0.0,0.0,0.0,0.0,0.0,0.088235294,0.321705426,0.0,0.1,0.049450549,0.0,0.295935122,0.3125,0.148809524,0.066668,0.275,0.073170732,0.107142857,0.06122449,0.0625,0.0,0.0,0.111111111,0.0,0.0,0.0,0.052369077,0.130434783,0.230452675,0.0,0.388888889,0.532,0.467455621,0.466666667,0.581632653,0.514326648,0.576923077,0.529411765,0.599236641,0.813186813,0.806818182,0.266666667,0.411934074,0.544117647,0.451421381,0.0,,,,,,,,,,,,,,,,,,,,,,,,,,,,,0.125,0.253185781,0.15,0.184540011,0.286865342,0.175219512,0.311538462,0.586330935,31.5,02/12/2017,3,5,0,,,1.0293298374849127,0.9469923903999999,0.2424290909090909,0.0,Low-tier
Amanda Lemos,0.680463768,0.544130435,0.102828723,0.145019751,0.333333333,0.083333333,0.166666667,0.0,0.039919872,0.534161491,0.166666667,0.156384285,0.363333333,0.222222222,0.444444444,0.433333333,0.060606061,0.0,0.266666667,0.404761905,0.166666667,0.19047619,0.0,0.362745098,0.078431373,0.27002584,0.022222222,0.033333333,0.230769231,0.0,0.041479675,0.571666667,0.099206349,0.108533333,0.753333333,0.280487805,0.119047619,0.172335601,0.041666667,0.0,0.145833333,0.111111111,0.190594059,0.11299435,0.0,0.244389027,0.173913043,0.268861454,0.022222222,0.462962963,0.472,0.458579882,0.55,0.693877551,0.641833811,0.615384615,0.5,0.599236641,0.787545788,0.753787879,0.344444444,0.505679012,0.620098039,0.49576542,1.0,0.461538462,0.546666667,,,0.546666667,,,,,,,,,,0.785714286,,,0.538461538,,,,,,,,,,,0.25,0.344869215,0.215214067,0.183179096,0.381898455,0.218373984,0.152991453,0.505395683,35.0,20/07/2024,13,3,1,,,0.7790178570072245,0.07255919820842029,0.14407079608144724,1.7616116881154462,Top-tier
Amanda Nunes,0.598662207,0.629264214,0.063561105,0.279757175,0.692307692,0.057692308,0.256410256,0.0,0.176427965,0.618346871,0.081794379,0.101805497,0.317153846,0.205128205,0.170940171,0.211538462,0.097902098,0.0,0.184615385,0.142857143,0.153846154,0.10989011,0.0,0.208144796,0.371040724,0.457364341,0.133333333,0.015384615,0.524936602,0.0,0.128098891,0.54025,0.059482143,0.139862,0.425833333,0.461538462,0.093406593,0.266875981,0.259615385,0.0,0.157051282,0.145299145,0.503808073,0.136897001,0.0,0.435066181,0.347826087,0.422496571,0.179487179,0.427350427,0.296615385,0.315885298,0.341025641,0.53689168,0.46770994,0.49704142,0.316742081,0.550792719,0.80896027,0.772727273,0.4,0.534947996,0.615008484,0.455024338,0.25,0.196581197,0.143589744,,0.0,,0.143589744,,,,,,,,,0.349206349,,,,0.253968254,,,,,,,,,,0.479166667,0.527162978,0.288143966,0.322448809,0.209067753,0.309493433,0.099013807,0.397011621,31.23076923,10/06/2023,23,5,0,,,0.677219049481822,0.23711039518741323,0.32844305309467164,2.400759602266343,Top-tier
Amanda Ribas,0.64,0.600869565,0.080174974,0.207426882,0.2,0.1,0.233333333,0.2,0.032557692,0.561490683,0.134615385,0.146777164,0.38,0.216666667,0.4,0.453333333,0.127272727,0.0,0.48,0.228571429,0.225,0.228571429,0.0,0.364705882,0.188235294,0.317829457,0.026666667,0.04,0.138461538,0.0,0.044917073,0.404,0.121428571,0.17504,0.52,0.248780488,0.085714286,0.187755102,0.0,0.0,0.0,0.288888889,0.020792079,0.13559322,0.0,0.23042394,0.130434783,0.307270233,0.04,0.466666667,0.568,0.478106509,0.56,0.551020408,0.642406877,0.669230769,0.623529412,0.599236641,0.850549451,0.759090909,0.426666667,0.500158025,0.594117647,0.450910834,0.666666667,0.730769231,0.6,0.563432836,,0.7,,,,,,,,,,,0.714285714,,0.846153846,,,,,,,,,,0.481481481,0.45,0.52555332,0.139449541,0.175557975,0.226754967,0.27804878,0.261538462,0.369604317,30.6,23/03/2024,12,4,0,,,0.9706144724225921,0.11118087376237623,0.3366153846153846,0.832921701376722,Top-tier
Amir Albazi,0.610898551,0.611884058,0.053482726,0.244197214,0.0,0.083333333,0.111111111,0.0,0.033910256,0.67494824,0.025641026,0.146715777,0.35,0.055555556,0.074074074,0.072222222,0.0,0.0,0.133333333,0.047619048,0.0,0.047619048,0.0,0.058823529,0.215686275,0.418604651,0.066666667,0.0,0.197802198,0.0,0.026504065,0.4,0.182539683,0.176266667,0.553333333,0.146341463,0.0,0.045351474,0.0,0.0,0.0,0.074074074,0.0,0.11299435,0.0,0.104738155,0.217391304,0.384087791,0.066666667,0.481481481,0.472,0.449704142,0.466666667,0.591836735,0.535816619,0.615384615,0.529411765,0.541984733,0.816849817,0.772727273,0.533333333,0.51017284,0.514705882,0.450143816,0.0,,0.755555556,,,,,,,,,,,,0.755555556,,,,,,,,,,,,,,,0.25,0.331656606,0.162844037,0.233532934,0.162987491,0.291056911,0.192307692,0.457434053,31.0,17/12/2022,17,1,0,,,0.9880465559057249,0.0662601625,0.31855421766177966,2.4915254132644065,Low-tier
Amir Sadollah,0.672608696,0.563043478,0.077652222,0.171255109,0.0,0.1875,0.083333333,0.0,0.290745192,0.639751553,0.096153846,0.172651934,0.45125,0.083333333,0.166666667,0.125,0.0,0.0,0.2,0.071428571,0.0625,0.0,0.0,0.088235294,0.617647059,0.661310505,0.366666667,0.1,0.098901099,0.0,0.533623659,0.41975,0.042729167,0.039428,0.2465,0.146341463,0.142857143,0.183673469,0.0625,0.0,0.0,0.277777778,0.051980198,0.084745763,0.0,0.209476309,0.434782609,0.614540466,0.366666667,0.416666667,0.532,0.467455621,0.416666667,0.581632653,0.475644699,0.576923077,0.529411765,0.541984733,0.857142857,0.778677523,0.575,0.385388025,0.628020221,0.545644775,0.0,,,,,,,,,,,,,,,,,,,,,,,,,,,,,0.5,0.597585513,0.155963303,0.136853566,0.210375276,0.418536585,0.35,0.271582734,30.75,15/05/2012,6,5,0,,,1.113040397828548,1.2712892412150087,0.15995131845841784,0.7443969003492824,Mid-tier
Anderson Silva,0.590144928,0.668115942,0.040902028,0.321458881,0.777777778,0.027777778,0.37037037,0.0,0.270738889,0.569634231,0.105183761,0.168408021,0.402444444,0.324074074,0.358024691,0.431481481,0.060606061,0.0,0.133333333,0.46031746,0.347222222,0.19047619,0.222222222,0.464052288,0.732026144,0.737295435,0.488888889,0.177777778,1.0,0.0,0.306885854,0.713333333,0.044170635,0.015690667,0.196222222,1.0,0.063492063,0.452003023,0.611111111,0.0,0.0,0.209876543,0.935643564,0.235404896,0.0,0.715710723,0.608695652,0.729766804,0.466666667,0.530864198,0.0,0.0,0.307407407,0.408163265,0.464183381,0.264957265,0.176470588,0.51653944,0.811965812,0.755050505,0.603703704,0.489881756,0.630581699,0.557660594,0.0,0.256410256,0.266666667,,,,,,,0.266666667,,,,,,0.0,,,,,,,0.30952381,,,,,,,0.472222222,0.515016022,0.280091743,0.262340773,0.347470199,0.352585366,0.062769231,0.383093525,37.0,11/02/2017,34,11,0,,,0.38017429150484816,0.4302138142197261,0.07996376169871319,2.5907978495975676,Top-tier
Andre Ewell,0.695565217,0.553369565,0.091282066,0.10630218,0.0,0.0625,0.25,0.25,0.030480769,0.537267081,0.033653846,0.072513812,0.355,0.125,0.111111111,0.129166667,0.0,0.0,0.2,0.071428571,0.0625,0.0,0.0,0.088235294,0.352941176,0.476744186,0.15,0.1,0.074175824,0.0,0.037317073,0.4,0.0,0.017,0.5,0.091463415,0.125,0.173469388,0.0,0.0,0.510416667,0.083333333,0.0,0.0,0.0,0.130922693,0.347826087,0.652949246,0.133333333,0.472222222,0.622,0.534023669,0.466666667,0.535714286,0.484240688,0.615384615,0.558823529,0.599236641,0.802197802,0.647727273,0.466666667,0.502938272,0.630514706,0.506951103,0.5,,,,,,,,,,,,,,,,,,,,,,,,,,,,,0.5,0.597585513,0.138761468,0.150244965,0.395419426,0.146585366,0.207371795,0.330035971,32.5,13/02/2021,17,9,0,,,1.1540201863417145,0.09329268249999999,0.034,0.0,Low-tier
Andre Fialho,0.705565217,0.508695652,0.126987713,0.121261783,0.0,0.25,0.0,0.0,0.039086538,0.546583851,0.028846154,0.100598527,0.295,0.229166667,0.305555556,0.308333333,0.0,0.0,0.3,0.214285714,0.21875,0.142857143,0.0,0.294117647,0.617647059,0.660852713,0.341666667,0.15,0.074175824,0.0,0.032195122,0.41,0.0,0.02,1.0,0.12804878,0.125,0.088435374,0.0,0.0,0.0,0.0,0.181930693,0.0,0.0,0.091645885,0.52173913,0.614540466,0.366666667,0.472222222,0.514,0.573964497,0.608333333,0.612244898,0.630372493,0.615384615,0.529411765,0.65648855,0.813186813,0.778409091,0.55,0.509950617,0.628676471,0.519774688,,,,,,,,,,,,,,,,,,,,,,,,,,,,,,0.25,0.298625084,0.320527523,0.152966794,0.598233996,0.297560976,0.107692308,0.263189448,31.0,20/05/2023,16,8,0,,,0.8398395724414961,0.07852468780487805,0.02,2.0572163012506737,Top-tier
Andre Fili,0.695900621,0.554968944,0.092605817,0.118090426,0.0,0.125,0.125,0.0,0.07185609,0.560070985,0.024225275,0.073592476,0.244428571,0.166666667,0.166666667,0.145833333,0.0,0.0,0.1,0.142857143,0.125,0.017857143,0.0,0.139705882,0.514705882,0.597868217,0.2,0.15,0.049450549,0.0,0.128137561,0.366,0.022688988,0.176752,0.46325,0.137195122,0.428571429,0.423469388,0.0,0.0,0.401041667,0.402777778,0.25990099,0.0,0.0,0.399314214,0.47826087,0.614540466,0.2,0.388888889,0.586,0.527366864,0.325,0.474489796,0.334885387,0.615384615,0.441176471,0.60639313,0.796703297,0.741477273,0.429166667,0.477098457,0.611738051,0.406994847,0.2,,,,,,,,,,,,,,,,,,,,,,,,,,,,,0.3125,0.408115359,0.168152031,0.175114706,0.34816777,0.304111498,0.200512821,0.313720452,30.375,16/12/2023,22,10,0,,,1.317395407880249,0.35010262568306016,0.3815477603885591,0.6137420965125346,Top-tier
Andre Muniz,0.698782609,0.547826087,0.093691721,0.11621563,0.333333333,0.083333333,0.222222222,0.0,0.030801282,0.703933747,0.096153846,0.328422345,0.476666667,0.25,0.296296296,0.35,0.0,0.0,0.133333333,0.380952381,0.166666667,0.238095238,0.0,0.352941176,0.705882353,0.728682171,0.433333333,0.0,0.428571429,0.0,0.020195122,0.53,0.150793651,0.301066667,0.45,0.317073171,0.0,0.113378685,0.0,0.0,0.0,0.222222222,0.0,0.197740113,0.0,0.226932668,0.565217391,0.768175583,0.466666667,0.481481481,0.352,0.449704142,0.555555556,0.714285714,0.636103152,0.615384615,0.607843137,0.561068702,0.824175824,0.727272727,0.477777778,0.511769547,0.56127451,0.469958453,1.0,,0.733333333,,,,,,,0.733333333,,,,,,,,,,,,,,,,,,,,0.25,0.348759222,0.285932722,0.160043549,0.126416483,0.365853659,0.239316239,0.29616307,33.66666667,25/02/2023,23,6,0,,,0.955573219671768,0.0381040037735849,0.6690370377777778,1.7440677936950846,Top-tier
Andre Petroski,0.611826087,0.636231884,0.04093799,0.23358781,0.0,0.125,0.194444444,0.0,0.030128205,0.637681159,0.128205128,0.212707182,0.318333333,0.180555556,0.314814815,0.25,0.0,0.0,0.133333333,0.19047619,0.041666667,0.261904762,0.0,0.225490196,0.62745098,0.677002584,0.45,0.033333333,0.214285714,0.0,0.029674797,0.511666667,0.214285714,0.329866667,0.54,0.268292683,0.035714286,0.142857143,0.0,0.0,0.145833333,0.092592593,0.086633663,0.141242938,0.0,0.20074813,0.52173913,0.576131687,0.466666667,0.481481481,0.496,0.440828402,0.5,0.693877551,0.565902579,0.615384615,0.5,0.608778626,0.816849817,0.810606061,0.394444444,0.506625514,0.534313725,0.392457654,1.0,,,,,,,,,,,,,,,,,,,,,,,,,,,,,0.375,0.429577465,0.22324159,0.308655416,0.139808683,0.26504065,0.163675214,0.352517986,32.83333333,07/09/2024,10,3,0,,,0.8835443034798398,0.05799634589055613,0.6108641981481481,1.595136205404864,Top-tier
Andre Soukhamthath,0.68173913,0.573913043,0.086553366,0.102290104,0.0,0.0,0.0,0.0,,,,,,0.0,0.0,0.0,0.0,0.0,0.0,0.0,0.0,0.0,0.0,0.0,0.411764706,0.534883721,0.133333333,0.2,0.0,0.0,0.326829268,0.4,0.0,0.08,0.143,0.073170732,0.214285714,0.149659864,0.0,0.0,0.0,0.0,0.103960396,0.0,0.0,0.052369077,0.391304348,0.46090535,0.133333333,0.555555556,0.568,0.467455621,0.466666667,0.734693878,0.432664756,0.615384615,0.470588235,0.599236641,0.802197802,0.795454545,0.4,0.340740741,0.617647059,0.431447747,0.0,,,,,,,,,,,,,,,,,,,,,,,,,,,,,0.5,0.597585513,0.151376147,0.13391399,0.381898455,0.141463415,0.153846154,0.40647482,32.0,27/10/2018,13,8,0,,,1.0876509548653879,0.81707317,0.5594405594405595,0.6946444639292202,Mid-tier
Andre Winner,0.677391304,0.580434783,0.08443123,0.116030561,0.0,0.0,0.166666667,0.0,0.415063942,0.492546584,0.384615385,0.414364641,0.585,0.083333333,0.111111111,0.125,0.0,0.0,0.0,0.214285714,0.0,0.0,0.0,0.088235294,0.411764706,0.515503876,0.266666667,0.0,0.148351648,0.0,0.343089268,0.479,0.0,0.0,0.0,0.109756098,0.071428571,0.074829932,0.0625,0.0,0.0,0.055555556,0.103960396,0.0,0.0,0.078553616,0.47826087,0.576131687,0.266666667,0.444444444,0.532,0.49408284,0.5,0.551020408,0.544412607,0.576923077,0.470588235,0.599236641,0.758241758,0.715909091,0.5,0.545679012,0.764705882,0.695110259,0.0,,,,,,,,,,,,,,,,,,,,,,,,,,,,,0.5,0.597585513,,,,,,,28.0,28/08/2010,21,11,2,,,0.864396285003738,0.7162615198329855,0.0,1.3892889278584404,Low-tier
Andrea Lee,0.746086957,0.488405797,0.155695752,0.077975692,0.0,0.125,0.305555556,0.166666667,0.035080128,0.554865424,0.118589744,0.138275015,0.403333333,0.236111111,0.222222222,0.277777778,0.0,0.0,0.066666667,0.166666667,0.208333333,0.214285714,0.0,0.264705882,0.274509804,0.392764858,0.066666667,0.433333333,0.032967033,0.0,0.048325203,0.47,0.077380952,0.135333333,0.516666667,0.207317073,0.297619048,0.321995465,0.0,0.0,0.0,0.314814815,0.069306931,0.056497175,0.0,0.218204489,0.260869565,0.422496571,0.066666667,0.259259259,0.676,0.520710059,0.511111111,0.418367347,0.467048711,0.615384615,0.588235294,0.646946565,0.816849817,0.734848485,0.338888889,0.499728395,0.615196078,0.470278044,0.0,0.769230769,0.8,0.798507463,,,,,,,,,,,,,0.785714286,,,,,,,,,,,,,0.5,0.597585513,0.145259939,0.108328797,0.381898455,0.180487805,0.333333333,0.442446043,34.0,08/06/2024,13,8,0,,,1.25947311307321,0.10281958085106382,0.26193548305681585,0.39070148394791837,Top-tier
Andreas Michailidis,0.664347826,0.593478261,0.062149224,0.143511477,0.0,0.25,0.0,0.0,0.041442308,0.608695652,0.0,0.0,0.0,0.0,0.111111111,0.016666667,0.0,0.0,0.0,0.0,0.0,0.0,0.0,0.0,0.882352941,0.84496124,0.466666667,0.2,0.0,0.0,0.046829268,0.52,0.0,0.06,0.5,0.0,0.071428571,0.013605442,0.0,0.0,0.0,0.0,0.0,0.0,0.0,0.0,0.52173913,0.691358025,0.466666667,0.444444444,0.568,0.520710059,0.5,0.551020408,0.52722063,0.615384615,0.529411765,0.599236641,0.912087912,0.840909091,0.366666667,0.503753086,0.617647059,0.443432407,1.0,,,,,,,,,,,,,,,,,,,,,,,,,,,,,,,0.254587156,0.218835057,0.412803532,0.180487805,0.048717949,0.334532374,32.0,01/05/2021,13,6,0,,,1.0041560114975014,0.09005628461538462,0.12,0.0,Mid-tier
Andreas Stahl,0.777391304,0.458695652,0.169088104,0.055540945,0.0,0.0,0.0,0.0,,,,,,0.0,0.0,0.0,0.0,0.0,0.0,0.0,0.0,0.0,0.0,0.0,0.529411765,0.573643411,0.266666667,0.0,0.0,0.0,,,,,,0.0,0.0,0.0,0.0,0.0,0.0,0.0,0.0,0.0,0.0,0.0,0.47826087,0.576131687,0.366666667,0.444444444,0.568,0.520710059,0.5,0.551020408,0.52722063,0.615384615,0.529411765,0.599236641,0.802197802,0.75,0.4,0.50617284,0.617647059,0.479386385,0.0,,,,,,,,,,,,,,,,,,,,,,,,,,,,,0.5,0.597585513,0.21559633,0.212629287,0.465342163,0.056585366,0.18974359,0.377338129,28.0,26/07/2014,10,4,0,,,1.0041560114975014,,,0.0,Mid-tier
Andrei Arlovski,0.775843478,0.436826087,0.204492137,0.048238817,0.047619048,0.083333333,0.214285714,0.0,0.168349375,0.603016859,0.050884615,0.056661405,0.288380952,0.218253968,0.26984127,0.228571429,0.03030303,0.0,0.114285714,0.142857143,0.279761905,0.108843537,0.047619048,0.266106443,0.837535014,0.835732743,0.918412698,0.228571429,0.113029827,0.0,0.112516439,0.449380952,0.027990363,0.026896762,0.264952381,0.459930314,1.0,0.91350826,0.3125,0.0,0.388888889,0.582010582,1.0,0.157384988,0.0,1.0,0.652173913,0.729766804,0.833333333,0.492063492,0.578285714,0.325443787,0.014285714,0.239067055,0.067949243,0.435897436,0.098039216,0.53653217,0.829408687,0.812770563,0.353968254,0.534275814,0.619814776,0.492767886,0.333333333,0.747252747,0.580952381,,,,,0.580952381,,,,,,,,,,,,,0.720364742,,,,,,,,,0.402777778,0.485840972,0.260260744,0.187218291,0.586603927,0.28804878,0.235384615,0.140971223,40.57142857,29/06/2024,34,22,0,,,1.442830143081947,0.25038097075374033,0.10151545684731929,1.2669671842923458,Low-tier
Andrew Craig,0.810434783,0.404347826,0.292426589,0.026293465,0.0,0.0,0.0,0.0,,,,,,0.0,0.0,0.0,0.0,0.0,0.0,0.0,0.0,0.0,0.0,0.0,0.647058824,0.689922481,0.366666667,0.4,0.0,0.0,0.300812683,0.447,0.0,0.04,0.193,0.146341463,0.214285714,0.217687075,0.0,0.0,0.291666667,0.111111111,0.103960396,0.0,0.0,0.157107232,0.565217391,0.691358025,0.366666667,0.666666667,0.568,0.414201183,0.4,0.734693878,0.389684814,0.615384615,0.470588235,0.599236641,0.802197802,0.75,0.433333333,0.35390963,0.617647059,0.455417066,0.0,,,,,,,,,,,,,,,,,,,,,,,,,,,,,0.25,0.340710932,0.243119266,0.116603157,0.601324503,0.106341463,0.346153846,0.244604317,30.0,15/07/2015,9,4,0,,,1.20761245522901,0.6729590223713647,0.20725388601036268,0.4775680687518999,Low-tier
Andrew Sanchez,0.694658385,0.547826087,0.101501452,0.133196266,0.071428571,0.071428571,0.166666667,0.0,0.200466987,0.626501035,0.123625,0.116006753,0.361166667,0.095238095,0.111111111,0.097619048,0.0,0.0,0.057142857,0.12244898,0.035714286,0.020408163,0.0,0.084033613,0.731092437,0.706533776,0.485714286,0.142857143,0.028257457,0.0,0.270504065,0.521666667,0.0,0.260577333,0.356666667,0.114982578,0.132653061,0.178814383,0.044642857,0.0,0.0,0.26984127,0.02970297,0.0,0.0,0.142144638,0.565217391,0.614540466,0.466666667,0.428571429,0.619428571,0.497886729,0.457142857,0.44606414,0.464592714,0.587912088,0.529411765,0.607415485,0.833594976,0.805194805,0.357142857,0.477059189,0.658162815,0.397313382,0.285714286,,,,,,,,,,,,,,,,,,,,,,,,,,,,,0.5,0.545674044,0.156815203,0.190473598,0.313995585,0.214308943,0.229487179,0.352218225,32.28571429,16/10/2021,13,7,0,,,1.139518010176974,0.5185381434386338,0.7305906525882331,0.1661106310447074,Mid-tier
Andy Ogle,0.744695652,0.497391304,0.164325681,0.076450807,0.0,0.3,0.0,0.0,0.229739103,0.490269151,0.154916667,0.118388582,0.338333333,0.05,0.266666667,0.153333333,0.0,0.0,0.0,0.057142857,0.025,0.171428571,0.0,0.105882353,0.529411765,0.604651163,0.2,0.24,0.01978022,0.0,0.365487805,0.47,0.0,0.108,0.38475,0.043902439,0.128571429,0.097959184,0.0,0.0,0.0,0.066666667,0.0,0.0,0.0,0.031421446,0.347826087,0.422496571,0.2,0.444444444,0.5536,0.520710059,0.54,0.514285714,0.544412607,0.615384615,0.541176471,0.667938931,0.868131868,0.859090909,0.346666667,0.428966519,0.653186765,0.46459348,0.0,,,,,,,,,,,,,,,,,,,,,,,,,,,,,0.4,0.477934272,0.187308869,0.196189439,0.448241354,0.072195122,0.217777778,0.387769784,27.8,24/01/2015,9,6,0,,,0.9940557291319302,0.7776336276595746,0.2807017543859649,0.0,Mid-tier
Ange Loosa,0.68,0.571304348,0.083355523,0.096793921,0.0,0.5,0.0,0.0,0.046153846,0.559006211,0.0,0.0,0.0,0.0,0.222222222,0.066666667,0.0,0.0,0.0,0.0,0.0,0.0,0.0,0.0,0.764705882,0.84496124,0.366666667,0.0,0.098901099,0.0,0.054634146,0.44,0.023809524,0.1928,0.38,0.073170732,0.142857143,0.12244898,0.0,0.0,0.0,0.111111111,0.0,0.0,0.0,0.052369077,0.434782609,0.614540466,0.366666667,0.666666667,0.496,0.467455621,0.466666667,0.551020408,0.484240688,0.615384615,0.529411765,0.599236641,0.912087912,0.886363636,0.366666667,0.502222222,0.602941176,0.363854267,,,,,,,,,,,,,,,,,,,,,,,,,,,,,,0.5,0.597585513,0.174311927,0.178007621,0.350993377,0.2,0.147435897,0.226618705,30.0,02/09/2023,10,3,0,,,1.0932822832103692,0.12416851363636364,0.5073684210526316,0.0,Mid-tier
Angel Pacheco,,,,,0.0,0.25,0.0,0.0,0.054230769,0.534161491,0.0,0.184162063,0.26,0.0,0.111111111,0.05,0.0,0.0,0.0,0.0,0.0,0.0,0.0,0.0,0.294117647,0.457364341,0.133333333,0.2,0.0,0.0,0.092682927,0.39,0.0,0.0,0.0,0.0,0.071428571,0.040816327,0.0,0.0,0.0,0.0,0.0,0.0,0.0,0.0,0.347826087,0.46090535,0.133333333,0.444444444,0.568,0.520710059,0.5,0.551020408,0.52722063,0.615384615,0.529411765,0.599236641,0.78021978,0.75,0.3,0.487111111,0.617647059,0.575263663,,,,,,,,,,,,,,,,,,,,,,,,,,,,,,0.5,0.597585513,,,,,,,32.0,30/03/2024,7,2,0,,,1.0041560114975014,0.23764853076923076,0.0,0.0,Top-tier
Angela Hill,0.685465839,0.552981366,0.119925514,0.164358944,0.0,0.09375,0.166666667,0.0,0.234138582,0.547360248,0.096954327,0.115293508,0.3325,0.125,0.208333333,0.179166667,0.0,0.0,0.1,0.160714286,0.03125,0.053571429,0.0,0.117647059,0.139705882,0.312015504,0.0,0.275,0.049450549,0.0,0.258787317,0.49275,0.007440476,0.040233,0.26475,0.164634146,0.633928571,0.593537415,0.0,0.0,0.0,0.569444444,0.129950495,0.01059322,0.0,0.340399002,0.130434783,0.230452675,0.0,0.388888889,0.604,0.480769231,0.35,0.229591837,0.244627507,0.615384615,0.470588235,0.613549618,0.832417582,0.801136364,0.3,0.495430679,0.650122243,0.515300815,0.25,0.769230769,0.75,,,0.773333333,,,,,,,,,,,,,0.846153846,,,,,,,,,,,0.5,0.597585513,0.093315858,0.16401742,0.730684327,0.168130081,0.26956044,0.589328537,35.625,24/08/2024,16,13,0,,,1.9236930497762872,0.5251898873668189,0.15196600566572238,0.2367899839978917,Mid-tier
Angela Magana,0.956521739,0.086956522,0.83771252,0.001526748,0.0,0.0,0.0,0.0,,,,,,0.0,0.0,0.0,0.0,0.0,0.0,0.0,0.0,0.0,0.0,0.0,0.117647059,0.224806202,0.0,0.2,0.0,0.0,0.36097561,0.25,0.0,0.0,0.0,0.0,0.071428571,0.040816327,0.0,0.0,0.0,0.0,0.0,0.0,0.0,0.0,0.043478261,0.268861454,0.0,0.555555556,0.568,0.520710059,0.5,0.612244898,0.501432665,0.615384615,0.529411765,0.599236641,0.868131868,0.727272727,0.533333333,0.32345679,0.617647059,0.479386385,0.0,,,,,,,,,,,,,,,,,,,,,,,,,,,,,0.5,0.502347418,0.552752294,0.099945563,0.537969095,0.055609756,0.441025641,0.347841727,31.0,12/07/2015,11,9,0,,,1.0557983194014693,1.44390244,0.0,0.0,Mid-tier
