FIGHTER,FPI,AGE
aalon cruz,1.557473346150965,
aaron phillips,0.7953100856620292,33.0
aaron riley,2.157221541339136,
aaron simpson,3.1469892911005233,
abdul razak alhassan,1.9470768628038866,38.0
abdul-kareem al-selwady,1.3971906665211655,28.0
abel trujillo,2.7087794481164864,
abner lloveras,0.8526169307151417,
abu azaitar,1.080077508580361,37.0
abubakar nurmagomedov,1.0732148630989071,33.0
abus magomedov,2.071677926506171,34.0
adam fugitt,1.846623569314401,
adam milstead,1.1270276233787606,31.0
adam wieczorek,2.1221135063818877,26.0
adrian yanez,2.1171387847170773,30.0
adriano martins,2.2484004421076405,33.0
aiemann zahabi,1.483462812895617,36.0
ailin perez,1.9140021170327182,29.0
aisling daly,1.5165785300882897,
aj cunningham,1.1450767305407221,
aj dobson,1.7323031578855013,32.0
aj fletcher,1.6950396203283171,26.0
akbarh arreola,2.0319787447533693,
akira corassani,2.3201392993598215,32.0
al iaquinta,2.688796959039486,34.0
alan baudot,0.9944942156375808,34.0
alan jouban,2.2337006931245535,37.0
alan omer,1.2966399241972577,26.0
alan patrick,2.351496140360182,
alatengheili,1.6145476593467523,32.0
albert duraev,2.1189264316633065,34.0
albert tumenov,2.7078615037190006,24.0
alberto uda,0.9264998203068981,32.0
alejandro perez,2.251717569140588,32.0
aleksa camur,1.0043518509612555,27.0
aleksandar rakic,2.325303788119808,
aleksei kunchenko,1.4787690170395118,
aleksei oleinik,2.638155012105724,45.0
alen amedovski,1.3743804703579485,
alessandro costa,1.2720196977231846,28.0
alessio di chirico,1.6699647935999788,32.0
alessio sakara,1.7057791569838858,29.0
alex caceres,2.0371126021000476,35.0
alex chambers,1.2988121178324574,
alex da silva,1.3930774279285654,
alex garcia,2.796479674091122,31.0
alex gorgees,0.9115306438714895,23.0
alex morono,1.948580879003929,34.0
alex munoz,1.5702799828086844,
alex nicholson,1.448592131822117,
alex oliveira,2.630354499252493,34.0
alex pereira,2.557386175514371,37.0
alex perez,2.837483522932648,32.0
alex reyes,1.1338086712202293,37.0
alex white,1.6942393028734624,31.0
alexa grasso,2.024449200381546,31.0
alexander gustafsson,3.5410407469726604,35.0
alexander hernandez,1.9988827956144954,32.0
alexander munoz,1.3220685506274215,33.0
alexander volkanovski,3.4966266108211514,35.0
alexander volkov,2.527373265057899,36.0
alexander yakovlev,1.8641387113039638,36.0
alexandr romanov,2.8862933976050025,33.0
alexandra albu,2.001991733469963,29.0
alexandre pantoja,2.6528820121268586,34.0
alexis davis,2.011156940109858,37.0
alexis dufresne,0.7295358153348628,24.0
ali alqaisi,0.8891852552867744,30.0
ali bagautinov,3.0024474057605905,
aliaskhab khizriev,2.549244941816503,31.0
alice ardelean,0.33889737604769143,
alistair overeem,3.104877910966976,40.0
aljamain sterling,3.2994174400697602,35.0
allan nascimento,1.6250104248211317,31.0
allen crowder,1.6583640784250746,29.0
alonzo menifield,2.137801357592606,36.0
alptekin ozkilic,1.3524800985879821,27.0
alvaro herrera,1.611867248619647,
amanda cooper,1.4739798141658769,27.0
amanda lemos,2.16852272382476,37.0
amanda nunes,3.158802954250384,35.0
amanda ribas,2.331042565913104,30.0
amir albazi,2.055843183693977,31.0
an ying wang,0.5459547596488034,23.0
anderson dos santos,1.3946931977513415,
anderson silva,4.886703281754,45.0
andre ewell,1.2726954451062489,33.0
andre fialho,1.476932892389281,29.0
andre fili,2.3271149392644563,34.0
andre lima,1.1026027702202001,
andre muniz,2.977963066141051,33.0
andre petroski,2.694113291109339,33.0
andre soukhamthath,1.6844046836139406,30.0
andrea lee,1.860712664923673,35.0
andreas michailidis,0.39679617586644905,33.0
andreas stahl,1.2375503421280438,27.0
andrei arlovski,3.3739472391064695,45.0
andrew holbrook,1.4428673332955344,
andrew sanchez,2.219945603814936,33.0
andy enz,2.048769457478206,
andy ogle,1.406672611063065,25.0
ange loosa,1.1940146952114201,31.0
angel pacheco,0.2722120052748847,32.0
angela hill,1.7936818250648439,39.0
angela magana,0.7864971604116142,
anshul jubli,1.469593678005236,
anthony birchak,1.5276965515715997,
anthony hamilton,1.659566496377392,36.0
anthony hernandez,2.751348392519908,31.0
anthony ivy,0.5090903890843923,30.0
anthony johnson,3.2769480257061687,32.0
anthony njokuani,2.2826405725909322,34.0
anthony perosh,2.2277739351847985,43.0
anthony pettis,3.050502850088011,33.0
anthony rocco martin,2.2919420918557916,
anthony smith,2.5548146309006228,36.0
anton kuivanen,1.9486210030651934,
anton turkalj,2.2415032250132727,
anton zafir,1.2118036888730555,
antonina shevchenko,1.5989739297263137,37.0
antonio arroyo,1.1927680839735788,32.0
antonio braga neto,1.4168796018952954,30.0
antonio carlos junior,2.803763205844077,30.0
antonio carvalho,2.208902483442186,33.0
antonio silva,2.2877418443231763,34.0
antonio trocoli,1.3130664693460083,
aori qileng,1.448333200874746,27.0
aoriqileng,1.0839404165607056,31.0
ariane carnelossi,1.0688102503852408,31.0
ariane da silva,1.7365103279262226,30.0
ariane lipski,1.1486261166027965,28.0
arman tsarukyan,2.484529025084972,27.0
armen petrosyan,1.7429547882240628,33.0
arnold allen,2.5935089765944044,35.0
artem lobov,2.1652831970321222,32.0
ashkan mokhtarian,1.018745859160957,
ashlee evans-smith,1.628954108514742,36.0
ashley yoder,1.370835422919557,35.0
askar askarov,2.1544325211484,29.0
askar mozharov,1.0501690752208532,
aspen ladd,2.147031681014929,27.0
asu almabayev,2.685183023906201,30.0
augusto mendes,2.1095737656345848,
augusto montano,1.093609914207967,31.0
augusto sakai,2.2070148734491672,31.0
austen lane,1.7349998010524195,36.0
austin arnett,1.070116180739324,27.0
austin hubbard,1.1965827880760103,32.0
austin lingo,0.8248582401627986,29.0
austin springer,1.9018756930702372,
azamat murzakanov,2.4428889988899254,35.0
azat maksum,1.423553435624868,29.0
baergeng jieleyisi,1.9298040590937526,28.0
barb honchak,1.5524511235981984,38.0
bartosz fabinski,2.3916185528196774,34.0
bassil hafez,2.081494924997222,32.0
batgerel danaa,1.814421796100723,33.0
bea malecki,1.4331386209689752,29.0
bec rawlings,2.1158530800267457,29.0
bekzat almakhan,1.2882827210106977,
belal muhammad,2.81401864543469,36.0
ben askren,2.199525815594227,
ben nguyen,2.1043780782184536,28.0
ben rothwell,2.481663729631852,40.0
ben saunders,2.0577346874973648,36.0
ben sosoli,0.8329678684198952,30.0
benardo sopaj,1.3489781270663805,
beneil dariush,2.7440500983236586,34.0
benito lopez,1.108323474970627,28.0
benny alloway,1.0073634809472551,
benoit saint denis,3.0662598690486806,28.0
benson henderson,3.559759958559871,31.0
bernardo magalhaes,0.8212797691072664,
bethe correia,2.106088245259114,38.0
bevon lewis,1.5672416927211446,
bharat kandare,0.838999211272976,
bill algeo,1.4703898978028764,35.0
billy quarantillo,2.3751953654094917,35.0
billy ray goff,2.55144108710154,25.0
bj penn,3.915386846111999,40.0
blagoy ivanov,1.8954311235478314,36.0
blake bilder,1.7071146370436405,
blood diamond,0.49534648505211176,35.0
bo nickal,3.7999838034484803,28.0
bobby green,2.7425183752714486,36.0
bobby moffett,2.109841717175446,
bobby nash,1.7372081437272824,27.0
bobby voelker,3.0841602956940726,
bogdan guskov,1.036711194506603,
bojan mihajlovic,1.8712752116375733,
bojan velickovic,1.8824508468106216,
bolaji oki,1.9597811219111636,28.0
boston salmon,0.518855963920133,28.0
brad katona,1.2510108132213822,32.0
brad pickett,2.205359040769695,38.0
brad riddell,1.673543991084951,31.0
brad tavares,2.5815541328666916,36.0
bradley scott,1.6769918482245587,28.0
brady hiestand,1.68020078850766,25.0
brandon davis,1.1262621358343488,32.0
brandon jenkins,0.8356863560839406,
brandon moreno,2.6877409925534024,30.0
brandon royval,2.157260357862974,32.0
brandon thatch,1.885281241445889,31.0
brandon vera,2.49664231938695,35.0
braxton smith,0.8671256599595625,33.0
brendan allen,2.8327976055379516,28.0
brendan schaub,2.6525475507413816,31.0
brendon marotte,0.7943513920690307,
brendson ribeiro,1.7816697778802333,
brett johns,2.6910686647685167,28.0
brian camozzi,1.3549118957240347,
brian ebersole,2.6177098371037006,34.0
brian foster,1.9178868032082694,
brian houston,1.650408836648967,
brian kelleher,2.038879126932031,37.0
brian melancon,2.30076076350178,
brian ortega,3.010768269134393,33.0
brianna van buren,1.4274144453176487,
brogan walker,0.09978423614367044,34.0
brok weaver,1.0228842243834155,28.0
bruna brasil,1.6839190842128269,30.0
brunno ferreira,2.0167618282162456,31.0
bruno korea,0.8427857710248939,24.0
bruno santos,0.870923588908405,26.0
bruno silva,1.7214828751023776,35.0
bruno souza,1.2518151265184092,
bryan barberena,2.289150434836139,34.0
bryan battle,2.103829769209662,30.0
bryan caraway,3.1625569725563603,34.0
bryce mitchell,2.479134965615076,30.0
bubba mcdaniel,2.261760874870002,30.0
cain velasquez,4.583670388353745,
caio borralho,2.242312335828692,31.0
caio machado,0.9507088106115431,30.0
caio magalhaes,2.617826833866651,
callan potter,1.1199699629647981,35.0
caludia gadelha,2.08810469276986,30.0
calvin kattar,2.3657696972262214,36.0
cameron else,0.5171315320397266,
cameron saaiman,1.884649727017346,23.0
cameron smotherman,0.9693431630149314,
cameron vancamp,0.7236135577668144,
caolan loughran,1.4500169575866968,
carl deaton,0.9504017276458456,
carla esparza,2.7293499084705144,36.0
carli judice,0.5547626604145182,25.0
carlo pedersoli,2.52818455737735,
carlos candelario,1.0823850657225638,31.0
carlos condit,3.4145286579576535,37.0
carlos felipe,1.0464056512236801,26.0
carlos hernandez,1.2940223701958724,31.0
carlos huachin,2.049797836723002,
carlos leal,1.7539774534208348,
carlos mota,0.8003385893304619,
carlos prates,2.3263576805272277,
carlos ulberg,2.198240358143239,34.0
carlos vera,1.2953531769843702,
carls john de tomas,1.0527872969376413,21.0
carlston harris,2.169728306188982,36.0
carlton minus,0.47766229000920607,27.0
casey kenney,1.6377306221243733,30.0
casey o'neill,2.4192074161636334,26.0
cat zingano,1.7438704513843093,36.0
cesar almeida,1.2708892628970423,36.0
cezar ferreira,2.0349102184292045,34.0
chad anheliger,1.4675198357147057,37.0
chad laprise,2.9962122425437943,31.0
chad mendes,3.1128921636573192,33.0
chael sonnen,3.103644718867539,
chan sung jung,2.7303632949591456,36.0
chance rencountre,1.7747689971016367,
changho lee,2.79139389863515,
chanmi jeon,0.8114356345707611,
charalampos grigoriou,1.7235923407301588,32.0
charles byrd,1.5808078956379843,36.0
charles johnson,1.4584180552352086,33.0
charles jourdain,1.657079774175438,28.0
charles oliveira,3.1812005436988064,36.0
charles radtke,1.692389328581923,34.0
charles rosa,2.026868026492252,35.0
charlie brenneman,1.2711241851304995,32.0
charlie campbell,1.711625019777558,
charlie ontiveros,1.009467204616729,
chas skelly,2.1565156377851338,36.0
chase hooper,2.2940834966146078,25.0
chase sherman,1.5689822912567992,33.0
chelsea chandler,1.56662117148331,
chepe mariscal,2.1735105002755706,
cheyanne buys,0.667839634270741,26.0
cheyanne vlismas,1.4534598744642881,27.0
chico camus,0.9151856351391892,28.0
chidi njokuani,1.750676260011206,35.0
chris barnett,1.309520816742566,38.0
chris camozzi,1.7208342245332124,28.0
chris cariaso,2.602319749006088,32.0
chris clements,1.8775882084947189,37.0
chris cope,2.025039457561454,
chris curtis,2.1723417278565256,36.0
chris daukaus,1.6765278529888237,33.0
chris dempsey,1.357598245089401,
chris duncan,2.481532231918483,31.0
chris fishgold,2.1003283876266248,
chris gruetzemacher,1.6648016973543478,35.0
chris gutierrez,1.5849027297954756,33.0
chris holdsworth,0.8871664108936388,26.0
chris leben,2.1589647602344284,33.0
chris lytle,2.635355450439203,35.0
chris padilla,2.050733455532991,
chris wade,2.218749041623655,28.0
chris weidman,3.4910245718823703,40.0
christian aguilera,1.2035067239545256,29.0
christian leroy duncan,1.8929108700244093,29.0
christian rodriguez,1.7077370062644723,26.0
christina marks,0.862227936734492,32.0
christos giagos,1.774480185366019,34.0
cindy dandois,1.6905715383170008,
ciryl gane,2.789182315366593,36.0
cj keith,0.6884382685685531,
cj vergara,1.3165017535475605,33.0
claudia gadelha,2.9101612861073,31.0
claudio puelles,2.4511030958612743,27.0
claudio ribeiro,1.736879219990599,31.0
claudio silva,2.5587381844013075,39.0
clay collard,2.0966124668137023,
clay guida,3.2078087803461344,42.0
clayton carpenter,1.689121806542142,28.0
clifford starks,0.8796062662360604,
clint hester,2.5974904142506166,
cm punk,1.264661270443779,39.0
cody brundage,1.7584187652005991,29.0
cody donovan,1.6104703020614441,33.0
cody durden,2.0823449650756407,33.0
cody east,0.7589698060113278,28.0
cody garbrandt,2.910716307705637,32.0
cody gibson,1.2594343027751949,37.0
cody haddon,2.1920297639671737,
cody stamann,2.3833026331282445,35.0
colby covington,3.1382660272127634,35.0
cole escovedo,0.5950734819262389,
cole miller,2.9356653722706154,32.0
cole smith,0.7474580493475962,30.0
cole williams,0.7326584643246423,36.0
collin anglin,1.5263826520755273,28.0
colton smith,2.417814534130616,26.0
connor matthews,1.2415855731692198,
conor mcgregor,3.0955652788960037,32.0
corey anderson,3.1811395727875236,30.0
cortavious romious,1.1702885742762834,
cortney casey,1.9255366792740367,35.0
cory mckenna,1.186340552408545,25.0
cory sandhagen,2.7296400078299037,32.0
costas philippou,2.471106831719236,
court mcgee,2.903953829885414,39.0
craig white,1.922247631749927,
cris cyborg,3.0707957779469335,34.0
cristian quinonez,1.7557614139410633,27.0
cristina stanciu,1.1856774515274908,
cub swanson,2.9359348096540945,40.0
curtis blaydes,3.1689417782710265,33.0
curtis millender,2.7941874336764383,31.0
cynthia calvillo,2.309204036333885,35.0
cyril asker,1.2861214503440033,32.0
cyrille diabate,1.4437797587602932,40.0
da un jung,1.9999744076374117,31.0
da woon jung,2.2865832623804803,30.0
da'mon blackshear,2.083659658243223,30.0
da-un jung,2.9116932884174744,27.0
daichi abe,2.5122411073739235,
dakota bush,1.2892656995703162,27.0
dalcha lungiambula,1.6436471966199195,35.0
damacio page,1.0883166536216864,29.0
damarques johnson,1.360268935080426,30.0
damian grabowski,1.1326344633609047,37.0
damian stasiak,1.967907698953188,27.0
damien brown,1.6895217867773478,32.0
damir hadzovic,1.8239947676372306,35.0
damir ismagulov,1.7220811983315312,32.0
damon jackson,2.1920843645000003,36.0
dan argueta,1.8624279965157535,31.0
dan hardy,2.3184506095242994,28.0
dan henderson,2.6330780265091254,
dan hooker,2.546867810166052,34.0
dan ige,2.428909646892779,33.0
dan moret,1.562504363429545,
dan stittgen,0.8953569375289989,31.0
danaa batgerel,0.4503486362941295,31.0
daniel barez,1.6577373433318692,35.0
daniel cormier,3.771174200700815,39.0
daniel jolly,0.5567071853930914,32.0
daniel kelly,2.8387945884015267,39.0
daniel lacerda,1.2625376516562246,27.0
daniel marcos,1.5300676061996625,
daniel omielanczuk,2.20497426049187,34.0
daniel pineda,1.8972989546424324,39.0
daniel rodriguez,2.0480284995825473,37.0
daniel santos,1.5161432639086876,28.0
daniel spitz,1.2463604714308558,29.0
daniel teymur,1.4387501240055907,
daniel zellhuber,1.0781905305930892,25.0
danielle taylor,1.7351046968778077,28.0
danilo belluardo,0.8168038817786129,
danilo marques,2.2199644462034747,
danny barlow,1.4711151698678355,29.0
danny castillo,2.874206675478605,35.0
danny chavez,1.0877518042455225,
danny downes,1.6536211552195892,25.0
danny henry,2.388163862453898,31.0
danny roberts,2.004655796380132,36.0
danny silva,1.7411698367928223,
danyelle wolf,1.092632072732813,
daria zhelezniakova,1.1565450256811904,
darian weeks,1.313029861282649,28.0
darko stosic,1.7775310484200346,27.0
daron cruickshank,2.5983819731150346,29.0
darrell horcher,0.8762374293950663,
darren elkins,2.958986700240799,40.0
darren stewart,1.3819829549839784,30.0
darren till,2.2970287964619374,29.0
darrick minner,1.7964049604409875,32.0
darrius flowers,1.8018256571162277,
dashon johnson,0.8314520414616553,
davey grant,1.7357493228478607,37.0
davi ramos,2.1115422512536863,33.0
david branch,2.1414312495408256,37.0
david dvorak,0.9782641194946717,31.0
david michaud,0.8822443436253862,25.0
david onama,1.3408725208642407,30.0
david teymur,2.8314420710191,29.0
david zawada,1.9832380351762386,
dean barry,0.2818851645157951,29.0
deiveson figueiredo,2.978368998945971,36.0
delson heleno,0.8911182754011414,34.0
demetrious johnson,4.708194223368217,30.0
demian maia,3.4892612995495838,43.0
denis tiuliulin,1.2191668054633822,36.0
denise gomes,1.5406557505118412,24.0
dennis bermudez,3.6631151169269,31.0
dennis buzukja,1.2836502015921663,26.0
dennis hallman,2.3360701614044332,
dennis siver,2.9566473216844384,35.0
denys bondar,1.3124474616505477,
dequan townsend,0.3916961399451949,34.0
derek brunson,3.1241173492342207,39.0
deron winn,1.8649637769529988,
derrick,1.6036184091824826,
derrick krantz,1.9999917652708104,
derrick lewis,2.7966412482207756,39.0
desmond green,1.6803298340938473,29.0
devin clark,1.8959504548973394,33.0
devin powell,0.899061406791916,28.0
devonte smith,1.626639705546607,28.0
dhiego lima,2.3462274762743425,32.0
diana belbita,0.9699408833636904,27.0
diego brandao,2.59789612818049,28.0
diego ferreira,2.442334977815846,39.0
diego lopes,2.089575270021682,29.0
diego rivas,1.5359075309390227,26.0
diego sanchez,3.6243970444143194,38.0
dione barbosa,2.4364997413456573,32.0
domingo pilarte,1.246339942727812,31.0
dominic waters,1.5252384699360477,
dominick cruz,4.259395470706873,37.0
dominick reyes,2.503953137108091,34.0
dominique steele,2.0520771352548013,
don madge,1.7996172429664148,28.0
don shainis,1.6124968737472547,
don'tale mayes,1.5373969196787645,32.0
donald cerrone,3.6383969207949503,39.0
dong hyun kim,2.9585994715108024,35.0
dong hyun ma,2.361802385056536,
donghun choi,1.5808069425028959,
dongi yang,2.3595823393953257,30.0
dooho choi,2.074968005371344,33.0
douglas silva de andrade,1.8896850475130056,38.0
drakkar klose,1.9153324664714724,36.0
drako rodriguez,1.5274538736381074,
drew dober,2.411722220022763,35.0
dricus du plessis,3.2406354869451435,30.0
duane ludwig,0.8163234743796033,31.0
duda santana,0.8751265591646259,
dusko todorovic,1.4161529364328596,30.0
dustin jacoby,1.7411393838953408,36.0
dustin ortiz,3.1168816348777666,29.0
dustin poirier,3.40153339999174,35.0
dustin stoltzfus,1.953062192449266,32.0
dwight grant,1.51415310495357,37.0
dylan andrews,1.5257533649045367,34.0
dylan budka,1.8104019081932041,24.0
ed herman,2.8292921042505563,42.0
eddie alvarez,2.922840546535074,34.0
eddie wineland,2.253144340929497,37.0
edgar chairez,1.349546888171012,28.0
edmen shahbazyan,2.896823401707965,26.0
edson barboza,2.799074271391576,38.0
eduarda moura,2.8837951372778994,30.0
eduardo garagorri,1.4122798528512792,
edward faaloloto,0.8444955197225247,
edwin figueroa,1.6198186549858788,
efrain escudero,2.2264061857316637,30.0
elias garcia,0.46543307889554675,26.0
elias theodorou,3.1723860738947147,30.0
elise reed,0.8457142346265116,31.0
elizabeth phillips,2.289709640155248,
elizeu dos santos,2.7055295336896696,
elizeu zaleski dos santos,2.4433061258121596,37.0
elves brener,1.8679033513865355,26.0
elvis mutapcic,1.4797006502057237,30.0
emil meek,2.2041347108551834,
emily ducote,1.0560506073655065,30.0
emily peters kagan,0.8335158776696847,33.0
emily whitmire,0.9781553090269843,30.0
enrique barzola,3.0575248330865668,30.0
eric shelton,1.6646061650684907,27.0
eric spicely,1.367600587187588,31.0
eric wisely,1.3416525557739043,
erick gonzalez,2.0516896436510716,31.0
erick montano,1.7037597066868277,30.0
erick silva,2.2933459230588946,32.0
erik koch,1.9823741302152018,29.0
erik perez,2.9394178094510357,26.0
erik silva,2.1169436284251164,36.0
erin blanchfield,2.3403657992880564,25.0
ernest chavez,1.9489087232840157,
ernesta kareckaite,1.2846641770938603,
eryk anders,2.157781353215403,37.0
esteban ribovics,1.4990346307802902,28.0
estevan payan,1.5155843562005122,
evan dunham,3.5619301876131906,
evan elder,0.8641563171331743,27.0
fabio cherant,0.9321014233406987,
fabio maldonado,2.7603868226676225,34.0
fabricio camoes,2.3142494631692663,
fabricio werdum,3.691512674486311,41.0
fares ziam,1.1338905782148845,27.0
farid basharat,1.8682320032204327,27.0
fatima kline,1.1948421101322082,
felice herrig,2.247816184094553,37.0
felicia spencer,1.992045037780048,30.0
felipe arantes,2.1570885521806593,30.0
felipe bunes,1.945720313193828,
felipe colares,1.5790000378334565,
felipe dos santos,1.2204209337290868,23.0
felipe lima,1.4408522037089477,
felipe silva,0.8030864930021759,
feng xiaocan,1.9551299408034142,
fernando padilla,1.3929584854356436,27.0
fernie garcia,1.2411962054106604,31.0
forrest griffin,3.2666806888657294,
francimar barroso,2.04325319496026,37.0
francis carmont,3.071079014817565,
francis marshall,1.6020646426719471,25.0
francis ngannou,2.6320884483183944,35.0
francisco figueiredo,1.1019172075693393,32.0
francisco prado,1.1484308696349348,
francisco rivera,2.253908879490066,33.0
francisco trinaldo,2.559198309740757,44.0
frank camacho,2.441983022769648,32.0
frank mir,3.604292301246346,
frankie edgar,4.3244310806316815,41.0
frankie perez,1.9173458854223027,27.0
frankie saenz,2.490272236994011,39.0
fredy serrano,2.0242189746770167,
gabe green,1.304649278576189,30.0
gabriel benitez,2.055996066793067,35.0
gabriel bonfim,2.781761015902806,26.0
gabriel gonzaga,2.7370358890776556,36.0
gabriel miranda,2.0263236228657484,
gabriel santos,2.0461085209479193,
gabriel silva,0.49749730204147224,25.0
gabriella fernandes,1.0002278993456932,
gadzhi omargadzhiev,2.146650859420662,
gadzhimurad antigulov,2.5658964627147114,33.0
gaetano pirrello,0.8851009416776634,
garett whiteley,0.2925096042905886,
garreth mclellan,1.6525187232499179,34.0
garrett armfield,1.194970107910241,
gasan umalatov,1.2317835973818083,
gaston bolanos,0.7666639368467218,32.0
gavin tucker,2.0690858228057665,37.0
gegard mousasi,2.570340289506463,31.0
genaro valdez,1.7072990745525216,
geoff neal,2.448504295830449,34.0
george roop,1.492766716925407,32.0
george sotiropoulos,3.132914419537317,33.0
george sullivan,2.605010896846406,37.0
georges st-pierre,5.232220342073075,31.0
gerald meerschaert,2.581872695406364,36.0
geraldo de freitas,1.3562154944589404,29.0
germaine de randamie,2.313468138606792,39.0
gian villante,2.1905065162337287,36.0
giga chikadze,1.7817631045145763,35.0
gilbert burns,2.8350818097482575,38.0
gilbert melendez,3.0587893537323563,37.0
gilbert urbina,1.8055953243558545,27.0
gilbert yvel,0.2437676967668314,
gillian robertson,2.1885779551343107,29.0
gina mazany,1.4004674264352328,33.0
gleison tibau,3.185746738646344,34.0
gloria de paula,0.5455681785411872,27.0
glover teixeira,3.366975571028987,43.0
godofredo pepey,2.170591495506554,30.0
gokhan saki,2.1775382934300764,34.0
grant dawson,3.1498880249070136,30.0
gray maynard,3.361436286444876,37.0
greg hardy,1.8306367059555366,
gregor gillespie,3.70824674894624,34.0
gregory rodrigues,2.1995606095132727,32.0
grigorii popov,1.1305585006871597,35.0
guido cannetti,1.5803552535903074,43.0
gunnar nelson,2.600315177363374,34.0
guram kutateladze,0.9510086462019078,32.0
gustavo lopez,1.1611613170284882,
guto inocente,1.6509830778302632,
hacran dias,2.359857106014092,33.0
hailey cowan,0.6128760364372234,31.0
hakeem dawodu,1.5861217991236085,32.0
hannah cifers,1.1465687432288967,27.0
hannah goldy,0.9947172381426825,
hans stringer,1.8108953418166611,
harry hunsucker,0.966202699952341,
hatsu hioki,2.293802102782074,31.0
hayder hassan,0.5360274989392679,33.0
heather jo clark,2.005116946564328,
hector aldana,1.0238720319042438,
hector lombard,2.4963596311232683,39.0
hector sandoval,1.3678327375947863,30.0
hector urbina,1.8040823599683404,
heili alateng,1.6757550017737608,28.0
henrique da silva,2.138258096029613,27.0
henry briones,2.130599767139237,36.0
henry cejudo,3.291939562108469,37.0
herbert burns,2.4987688940389403,36.0
hernani perpetuo,1.352006377038306,29.0
holly holm,2.3737949797739377,42.0
hu yaozong,1.0213434079814159,26.0
hugo viana,1.89756074245977,32.0
humberto bandenay,1.9589263817284703,
humberto brown,0.8482691046281852,
hunter azure,1.809459179569437,29.0
hyder amil,1.6812120413560776,
hyun gyu lim,3.1608941770987844,30.0
hyunsung park,2.5129327659542695,28.0
ian entwistle,1.2619724488431046,29.0
ian garry,1.322950089020446,24.0
ian heinisch,1.933036791808279,32.0
ian machado garry,2.28332991746787,27.0
iasmin lucindo,1.1069957214129873,22.0
ibo aslan,1.4372471618997216,28.0
ignacio bahamondes,1.8768984095839223,27.0
igor araujo,1.9259701603505386,34.0
igor pokrajac,1.897018294822673,37.0
igor severino,3.434889790831966,20.0
ihor potieria,1.7505882377652047,
ike villanueva,0.5205949353268464,38.0
ikram aliskerov,2.900108884340325,31.0
ilia topuria,2.7662646531480197,27.0
ilir latifi,2.1061875750161194,40.0
impa kasanganay,1.0193872074968628,27.0
ion cutelaba,2.3080063107800672,30.0
irene aldana,2.0988743631640263,36.0
irina alekseeva,1.3903880814299439,33.0
irwin rivera,0.9928480468299905,
isaac dulgarian,2.3964172183826338,28.0
isabela de pauda,1.9273046428653475,
islam makhachev,3.055043353858591,32.0
ismael bonfim,1.7496673119032937,28.0
ismail naurdiev,1.4132671737715348,32.0
israel adesanya,3.0079133883000817,35.0
issei tamura,1.8945434914888997,
istela nunes,0.6197449587296542,30.0
iuri alcantara,2.343558169988896,38.0
ivan erslan,0.9177904676582966,
ivana petrovic,1.610325534671726,30.0
jacare souza,3.1318787608156695,41.0
jack della maddalena,2.2730093325957945,27.0
jack hermansson,2.640546047154679,35.0
jack jenkins,1.6638250526086082,30.0
jack marshman,2.062188680605839,30.0
jack may,0.9219360447430334,
jack shore,2.738371233155154,29.0
jacob kilburn,0.26225274359833034,25.0
jacob malkoun,2.302168169896977,28.0
jacob volkmann,1.7954971432605593,32.0
jacqueline cavalcanti,1.016948769987713,27.0
jafel filho,2.48035728728781,30.0
jai herbert,1.1664220886750774,36.0
jailton almeida,3.968217724179392,32.0
jairzinho rozenstruik,2.3634883012312917,36.0
jake collier,1.5232078102739623,34.0
jake ellenberger,2.9572650872285116,33.0
jake hadley,1.7056085684263345,28.0
jake matthews,2.609151297819424,29.0
jake shields,3.2488068031737853,
jalin turner,2.126795542184766,28.0
jamahal hill,2.2079330680468017,
jamal pogues,1.7803072324029898,
jamall emmers,1.3445995060241485,34.0
james bochnovic,0.9120919102065281,
james krause,3.2177779501442623,34.0
james llontop,0.7114710128690022,25.0
james moontasri,1.8572238533677357,28.0
james te huna,3.022248836689796,
james vick,2.8733302080907457,32.0
jamey simmons,0.6820542277142901,
jamey-lyn horth,0.9352357342058055,34.0
jamie moyle,2.081784896447822,29.0
jamie mullarkey,1.8869352881558732,29.0
jamie pickett,1.4084745829306273,35.0
jamie varner,2.36517859866251,30.0
jan blachowicz,2.450624828497964,40.0
jaqueline amorim,2.260901875392453,29.0
jared cannonier,2.0789088760025125,40.0
jared gooden,0.7929405380861412,30.0
jared gordon,2.396352142048309,35.0
jared papazian,0.8109461717243434,24.0
jared rosholt,1.561896744978481,28.0
jared vanderaa,1.2098015549821755,30.0
jarno errens,0.847383305085389,29.0
jarred brooks,1.7283337792758373,
jasmine jasudavicius,1.540037794539472,35.0
jason gonzalez,1.5388255899889918,
jason high,2.077190311952139,
jason knight,2.8624744339139583,25.0
jason saggo,2.514256406796705,31.0
jason witt,2.169104842345835,35.0
jason young,1.609801781685883,
javid basharat,2.0175140954293838,28.0
jay cucciniello,0.8588703375664636,31.0
jay perrin,1.2258201191042597,
jean matsumoto,1.575701078352362,
jean silva,1.7670509463694468,
jeff hughes,1.628067851439087,
jeff molina,0.6232128277511995,24.0
jeka saragih,1.8929574270726448,29.0
jennifer maia,1.5665491667645062,35.0
jeongyeong lee,2.2386254522019087,28.0
jeremiah wells,2.418798181428701,37.0
jeremy kennedy,3.4989837415908793,
jeremy kimball,1.2197503191313777,26.0
jeremy larsen,1.1475929421737487,29.0
jeremy stephens,2.680446790172886,35.0
jerome rivera,0.3839013624228673,
jessamyn duke,3.4283854080509,27.0
jesse bongfeldt,2.1782774786947914,30.0
jesse butler,0.9817799733108725,
jesse ronson,1.1170759315148941,36.0
jesse strader,1.2951781457328848,
jessica aguilar,1.7918370744697223,36.0
jessica andrade,2.925722138430248,32.0
jessica eye,2.1073782765456177,35.0
jessica penne,2.0911264691672047,41.0
jessica rakoczy,0.8239048716503345,
jessica-rose clark,1.8259039802060093,35.0
jessin ayari,2.1278287067340624,
jesus aguilar,1.900193340475335,28.0
jesus pinedo,2.9385100950202014,
jhonata diniz,2.1666711956114764,33.0
ji yeon kim,1.2962695816772123,33.0
jim alers,2.139934533586038,
jim miller,3.478075861745646,41.0
jimi manuwa,2.3947771076675792,39.0
jimmie rivera,2.3941525300939595,31.0
jimmy crute,2.8216868344416035,27.0
jimmy flick,2.3186365622533156,33.0
jimy hettes,0.8784707587197258,24.0
jin soo son,1.2534739298183242,
jinh yu frey,0.9145884412229737,38.0
jiri prochazka,2.437733344511975,31.0
jj aldrich,1.4952495304588567,31.0
joanderson brito,1.7009489140572347,29.0
joanna jedrzejczyk,4.117333975299616,34.0
joanne calderwood,2.345491151716398,35.0
joanne wood,1.9694611529856265,38.0
joaquim silva,1.8150315116545217,35.0
joaquin buckley,2.056968564314814,30.0
jocelyn jones-lybarger,1.4825903335371602,
jodie esquibel,1.7844819794946547,
joe duffy,2.0092438443910647,32.0
joe ellenberger,1.5898399280197464,29.0
joe giannetti,0.8682855115190794,
joe gigliotti,0.6188228868482831,23.0
joe lauzon,3.003228115810499,35.0
joe merritt,1.3700674821689742,
joe proctor,2.106074712390212,31.0
joe pyfer,2.2547512436291925,27.0
joe solecki,2.3650647301851997,30.0
joe soto,2.669396568427245,
joel alvarez,1.8807887413586013,31.0
joey gomez,1.6066024379615182,
john allan,1.4731338362143869,
john castaneda,1.750661627837061,32.0
john dodson,2.5037553548791096,35.0
john howard,2.2575339445933817,
john lineker,3.621662685877596,28.0
john makdessi,2.1769810317201608,38.0
john moraga,2.7746897723177266,34.0
john phillips,0.4529067611190327,35.0
johnny bedford,2.2409309847038164,
johnny case,3.3130844964004424,
johnny eduardo,1.416039721262869,43.0
johnny munoz,1.574669951643042,30.0
johnny walker,2.2820596356283875,32.0
johny hendricks,3.790409502370897,34.0
jon fitch,4.051736298913893,34.0
jon jones,3.685779185340687,37.0
jon manley,0.9109564026901935,26.0
jon tuck,2.2904726959233273,33.0
jonathan brookins,1.8946923333590888,27.0
jonathan martinez,1.7750013686018338,32.0
jonathan meunier,1.7951025746856093,
jonathan pearce,2.9227089766260743,32.0
jonathan wilson,1.308114994514948,29.0
jonny parsons,1.0450151466523407,
jordan espinosa,1.538741062722675,31.0
jordan griffin,1.3168048802702934,31.0
jordan leavitt,2.38965265372423,28.0
jordan mein,2.3365386263732404,28.0
jordan rinaldi,2.4027529492364246,
jordan vucenic,0.5244967293676526,
jordan williams,0.8883060878735108,31.0
jordan wright,1.4753514978133746,31.0
jorge de oliveira,0.5980269445219728,35.0
jorge masvidal,3.0369180011393455,38.0
jorge santiago,1.752735599218779,
jose aldo,4.227657938653129,38.0
jose daniel medina,1.0354781818699788,
jose johnson,1.2913923699619658,
jose ochoa,1.0191979574867442,
jose quinonez,2.0923952481291783,
jose torres,2.693101246335928,
josefine knutsson,0.9743433655712934,28.0
joselyne edwards,1.0893663309936654,29.0
joseph benavidez,3.524749108377459,36.0
joseph holmes,1.9084916715699634,27.0
joseph morales,2.06681938767105,
josh barnett,2.936837581362505,38.0
josh clopton,2.291664401221527,
josh culibao,1.330703818714928,30.0
josh emmett,2.596930196364519,38.0
josh fremd,1.3621192336285972,30.0
josh grispi,1.2219193936207855,23.0
josh koscheck,3.1333725164302706,35.0
josh neer,2.437664945805065,
josh parisian,1.6829254457809104,34.0
josh quinlan,1.1071479007847929,31.0
josh stansbury,1.2475371456945923,32.0
josh thomson,2.3635288418492033,36.0
joshua burkman,2.172292388561612,37.0
joshua culibao,0.4679279464041564,
joshua sampo,0.8303165339453207,29.0
joshua van,1.3677725672561873,23.0
joshua weems,1.7038682445359221,
josiane nunes,1.212188213131566,30.0
journey newson,0.8625580741842782,34.0
jp buys,1.6436654115322287,27.0
juan adams,0.826671288445409,28.0
juan espino,3.8983884276587997,
juan puig,0.4401851282307461,25.0
juancamilo ronderos,1.2661143379289104,
julia avila,1.2929762958209365,35.0
julia polastri,1.8169529215040394,26.0
julian erosa,1.8028540233130497,34.0
julian marquez,1.9444607773050766,34.0
juliana lima,1.4906126052889002,35.0
juliana miller,1.1575459139942648,27.0
julianna pena,2.5145061633685675,35.0
julie kedzie,1.286769769610773,32.0
julija stoliarenko,1.1086532504051347,30.0
julio arce,1.8528400509206282,34.0
jun yong park,0.6132516632416752,28.0
junior albini,1.9705825558074253,28.0
junior dos santos,3.5525690754205206,36.0
junior tafa,0.9970855126121045,28.0
junyong park,1.8626737305517809,33.0
jussier formiga,2.5353335242080317,35.0
justin gaethje,2.6643799013087266,35.0
justin jaynes,1.340430038592312,
justin lawrence,2.7848190718827692,22.0
justin ledet,2.055513529495286,32.0
justin salas,3.041775529221387,
justin scoggins,2.008003824891854,26.0
justin tafa,1.1496825081798479,30.0
justin willis,2.5002009374172944,31.0
justine kish,1.9267624663414586,33.0
kaan ofli,0.0964933479595581,31.0
kai asakura,1.2137920426579163,
kai kamaka,1.3208823425633454,26.0
kai kara france,1.2319338225006955,26.0
kai kara-france,1.762284089679713,31.0
kailin curran,1.854707080742973,26.0
kajan johnson,2.939227777416357,34.0
kalindra faria,0.23439933715730157,31.0
kalinn williams,1.1161152128338343,
kamal shalorus,1.7459000905857094,
kamaru usman,3.8785683911430677,36.0
kamuela kirk,1.4337311975271358,29.0
kanako murata,1.1894557996686823,30.0
karine silva,2.753798549251911,30.0
karl roberson,1.7461696793827162,31.0
karl williams,2.16828851137035,34.0
karol rosa,1.4571324167629247,29.0
karolina kowalkiewicz,2.4226872902450416,39.0
katlyn cerminara,2.3811859461017697,35.0
katlyn chookagian,1.9413776572605737,33.0
katsunori kikuno,2.0855965723329106,
kaue fernandes,0.6062632537738892,29.0
kay hansen,1.755059685281155,22.0
kayla harrison,2.4837952709707207,
kaynan kruschewsky,2.082671052468815,
kazula vargas,0.48079661894322817,36.0
kb bhullar,0.6651812398591146,
keita nakamura,2.1773309480597125,33.0
kelly faszholz,1.1039021898028245,31.0
kelvin gastelum,2.8280276270589697,32.0
kendall grove,2.800391526433369,28.0
kennedy nzechukwu,1.9037780910011644,32.0
kenny florian,3.4158696763506953,
ketlen souza,1.0546061355629648,
ketlen vieira,2.1084671337501435,33.0
kevin aguilar,1.5572188300148602,32.0
kevin borjas,0.9771857472941387,
kevin casey,1.7457248088512265,
kevin croom,1.6492867467902126,
kevin holland,2.3054580934394338,31.0
kevin jousset,2.0837444286373725,31.0
kevin lee,3.310243671180798,30.0
kevin natividad,0.9109269047627578,
kevin souza,2.696876489746988,31.0
khabib nurmagomedov,4.20906771319145,32.0
khadis ibragimov,0.632823361144814,25.0
khalid taha,1.169512070855389,30.0
khalil rountree jr.,1.4713808224759595,34.0
khama worthy,1.218824553732749,35.0
khamzat chimaev,3.3944902440379874,30.0
khaos williams,1.797586959369747,30.0
khusein askhabov,0.4317925411811588,
kiefer crosbie,0.4588794508273594,
kiichi kunimoto,2.387739106719505,
king green,3.0545669565998375,37.0
kiru sahota,1.703063585730699,29.0
kj noons,1.4960207805075036,32.0
klaudia sygula,0.6212714744007375,
kleydson rodrigues,1.237563843500204,28.0
klidson abreu,1.2553826336371166,
kris mccray,0.8758326813304002,
kris moutinho,0.9366871145309144,29.0
kron gracie,1.6917138005259664,36.0
krzystof jotko,1.263472089286653,
krzysztof jotko,2.1489291056015025,33.0
kurt holobaugh,1.5475478917942804,37.0
kyle bochniak,1.2016239967884443,32.0
kyle daukaus,1.9448208292761144,29.0
kyle kingsbury,2.34303611192679,30.0
kyle nelson,1.5340357394389783,33.0
kyle noke,2.091240471851054,36.0
kyle prepolec,0.15899735068824722,30.0
kyle watson,2.2077248287155133,
kyler phillips,2.1764484411352405,29.0
kyung ho kang,2.20508022057461,36.0
lando vannata,1.8374199100927553,31.0
landon quinones,1.1349511253973483,28.0
lara procopio,0.8703119113629447,
larissa pacheco,1.5860117898893282,
laureano staropoli,1.2418645224324545,
lauren mueller,1.6033665795418441,27.0
lauren murphy,1.7979972620325602,39.0
leah letson,0.8615400973852039,
leandro issa,2.5988309665183578,
leandro silva,1.6766123205696268,
leo kuntz,0.8595898593451662,
leon edwards,2.6031171912054427,32.0
leonard garcia,1.709912088630089,33.0
leonardo augusto leleco,0.864511926613419,
leonardo morales,0.828252697737291,
leonardo santos,2.383093361864311,42.0
lerone murphy,2.1154653655495066,33.0
leslie smith,1.5643446485844377,34.0
li jingliang,2.4199200400085523,36.0
liana jojua,1.1882593653792517,26.0
liang na,1.130064095204968,27.0
liliya shakirova,0.802139732020782,
lina lansberg,1.4029750048183884,40.0
lisa ellis,0.7882198839555028,
liu pingyuan,1.5395530171373935,26.0
liudvik sholinian,0.9004545730070533,32.0
livinha souza,1.7798646306736559,30.0
liz carmouche,1.8008316710710788,35.0
loik radzhabov,1.9562552802470183,33.0
loma lookboonmee,1.3226780322123042,28.0
lone'er kavanagh,1.0388082116733361,25.0
loopy godinez,1.9153551095413914,30.0
lorenz larkin,2.0936979910695803,29.0
louis cosce,1.5529116343342544,27.0
louis gaudinot,2.0794401756598053,29.0
louis smolka,2.7086320577206697,30.0
luan lacerda,1.0229201432307147,30.0
luana carolina,1.1079168932961485,31.0
luana pinheiro,2.4134905638603796,31.0
luana santos,1.9453350936040192,24.0
lucas alexander,0.8413725149249206,
lucas almeida,1.2862135553312068,
lucas martins,2.2352228635845823,
lucas rocha,2.0027672186618757,
lucie pudilova,1.504019555796893,30.0
ludovit klein,1.7335283826765702,29.0
luigi vendramini,1.7120834701407106,
luis henrique,1.7502779419643595,25.0
luis pajuelo,1.6083790632404007,
luis pena,1.8396969099637315,27.0
luis ramos,0.9705632127453614,
luis saldana,1.3826850552468952,31.0
lukasz brzeski,1.6912068629050094,
lukasz sajewski,1.052808333731674,25.0
luke barnatt,3.2995837983370935,26.0
luke rockhold,3.3281664774138764,
luke sanders,1.9400123433439003,35.0
lyman good,2.568802953944543,35.0
lyoto machida,3.590012697976255,39.0
mackens semerzier,1.5749794741165113,31.0
mackenzie dern,2.1494559781528912,31.0
macy chiasson,2.1444881689722575,32.0
mads burnell,2.173211053092334,
magnus cedenblad,1.6760087387000722,32.0
magomed ankalaev,2.1582130611811614,32.0
magomed gadzhiyasulov,1.6052838754334773,30.0
magomed mustafaev,1.4602455840937225,31.0
maheshate,1.3014804436412586,24.0
maia stevenson,0.8227693641339998,35.0
mairbek taisumov,2.656247839485723,31.0
mairon santos,0.17123890187583846,
makhmud muradov,1.7735761793438982,33.0
maki pitolo,1.0774316393604417,31.0
makwan amirkhani,2.5372977205054346,34.0
malcolm gordon,1.1933138711301434,33.0
mallory martin,1.634845143489111,27.0
mana martinez,1.2074633794872975,26.0
mandy bohm,0.8095231955705562,33.0
manel kape,1.3630470261617595,30.0
manny bermudez,2.4323496812002823,
manolo zecchini,0.14334468141853826,
manon fiorot,2.079433542781403,34.0
mansur abdul-malik,1.844553581991024,27.0
manuel torres,2.588690863906115,29.0
mara romero borella,1.3499627185492913,34.0
marc diakiese,2.1021963042305334,30.0
marc-andre barriault,1.435659466577039,34.0
marcel fortuna,1.737611693458721,
marcelo golm,1.3716746997589355,
marcelo rojo,1.0028949826312505,34.0
marcin held,1.249496569642536,25.0
marcin prachnio,0.942599770265776,36.0
marcin tybura,2.395567167510393,39.0
marcin wrzosek,0.8404448263053054,
marcio alexandre junior,1.3317633110495561,26.0
marco beltran,1.0355253567303604,31.0
marco polo reyes,1.4078603640518739,34.0
marcos mariano,1.2325132392177665,
marcos rogerio de lima,1.9618309024688119,38.0
marcus brimage,1.7284138665987212,29.0
marcus davis,2.917590987182224,
marcus mcghee,2.1054019470186565,34.0
maria oliveira,0.8507992843598396,26.0
marina rodriguez,1.7839224843921426,37.0
mario bautista,1.8649476389413133,31.0
mario miranda,2.439696189726141,
marion reneau,2.107906453238532,44.0
mariya agapova,1.4981217046549087,27.0
mark bocek,2.9175743116756445,31.0
mark de la rosa,1.28684423257035,25.0
mark eddiva,2.2688644278399392,
mark godbeer,1.6209563169554473,
mark hominick,2.0100357189216553,29.0
mark hunt,2.516127440080723,44.0
mark madsen,3.263063160883209,39.0
mark munoz,3.041195648822171,34.0
mark striegl,0.9781675417902157,
markus perez,1.4857687553178187,32.0
marlon moraes,2.3478540394560334,33.0
marlon vera,2.426916287881272,31.0
marnic mann,1.0713021032524375,31.0
marquel mederos,1.085104012076173,
martin bravo,1.5501956474811684,26.0
martin buday,1.7872956770190724,32.0
martin day,0.8150615190116517,32.0
martin kampmann,3.064132219587066,
martin sano,0.9597343170865571,
marvin vettori,2.280944948175165,29.0
maryna moroz,1.7917766608166361,32.0
masanori kanehara,1.8141171090782497,
masio fullen,1.5361628801888432,
mason jones,0.8668120865608977,27.0
mateus mendonca,2.376968362809866,
mateusz gamrot,2.9502844059020585,33.0
mateusz rebecki,2.664102947061502,31.0
matheus nicolau,2.2225610928166697,31.0
mats nilsson,1.0948209241029887,
matt bessette,1.1321860273783428,33.0
matt brown,3.1127090861490005,42.0
matt dwyer,0.9661852237747278,26.0
matt frevola,2.199449665908448,34.0
matt hobar,0.7150256808173469,
matt mitrione,2.7396681926312514,36.0
matt sayles,1.8832266876990926,
matt schnell,1.8898267331047418,34.0
matt wiman,2.411199429296362,37.0
matthew lopez,2.2831990666615916,31.0
matthew semelsberger,1.6727969123677435,31.0
maurice greene,1.7563964933723897,34.0
mauricio rua,3.4503915942259296,41.0
mauricio ruffy,1.7418107003228993,28.0
max griffin,1.90604871240958,39.0
max holloway,3.592501531210145,32.0
max rohskopf,0.49606576428766747,
maxim grishin,1.1753175465825736,
maximo blanco,2.211936829892712,32.0
maycee barber,2.410467869066535,25.0
mayra bueno silva,2.115013195578174,32.0
megan anderson,1.3962134157143478,31.0
mehdi baghdad,0.9103614817440736,
melinda fabian,1.5248995663203408,
melissa gatto,2.1027396755915673,
melissa martinez,0.5152236669379752,27.0
melissa mullins,1.054864149829882,33.0
melquizael costa,1.7215953538675441,27.0
melsik baghdasaryan,1.1173986676974708,31.0
melvin guillard,2.6818452866480937,30.0
merab dvalishvili,3.2661127804855203,33.0
michael bisping,4.3971770629247935,38.0
michael chandler,2.792746645882123,38.0
michael chiesa,2.8048354571636738,37.0
michael graves,1.7116296416416996,25.0
michael johnson,2.5030030097460756,37.0
michael morales,2.06389249385507,25.0
michael page,1.3595433691881473,
michael trizano,1.4719657670792858,30.0
michal figlak,0.9830724251286058,
michal oleksiejczuk,2.2487026755810255,29.0
micheal gillmore,0.2720749763430283,
michel batista,0.7050601130464027,
michel pereira,1.9778446784056296,31.0
michel prazeres,2.915855096484553,39.0
michel quinones,0.8558162744395058,
michelle waterson,2.4444196395355027,35.0
michelle waterson-gomez,2.3655985105202983,38.0
michihiro omigawa,1.3438076589485874,
michinori tanaka,1.7422494895841443,26.0
mick parkin,2.23416913626695,28.0
mickey gall,2.1588170616779916,32.0
miesha tate,2.5859282979186204,37.0
miguel baeza,2.1368256144528712,31.0
mike breeden,1.2119541906752902,34.0
mike brown,1.7972253386084873,36.0
mike davis,1.5409729183563043,31.0
mike easton,2.722112965349172,
mike grundy,2.301043528416036,35.0
mike jackson,0.5723229863344277,37.0
mike lullo,0.8706464803968459,31.0
mike malott,2.7623765084754286,32.0
mike perry,2.343128683454457,29.0
mike pyle,2.9594591248315028,39.0
mike rhodes,2.1461085227336723,
mike rio,2.9732455388081918,
mike rodriguez,1.464744094376611,32.0
mike santiago,1.2924430013558263,28.0
mike swick,2.8400441590757857,33.0
mike wilkinson,2.021103494183507,28.0
milana dudieva,1.423295520527953,
miles johns,1.4512447845202359,30.0
miranda granger,0.6007814392059854,30.0
miranda maverick,1.7596664280825915,27.0
mirsad bektic,2.495083922079473,29.0
misha cirkunov,2.9794369194154897,35.0
mitch clarke,2.3188605510334357,
mitch ramirez,1.0869015898671641,
mitch raposo,1.4455402976349614,25.0
mizuki,0.8952848510648337,29.0
mizuki inoue,0.7395181559616161,
mizuto hirota,2.1172984691488788,37.0
modestas bukauskas,1.3757213030530313,30.0
mohammad yahya,0.8648725940189136,30.0
mohammed usman,1.5060942003129798,35.0
molly mccann,1.5367090987850212,34.0
montana de la rosa,2.3972815501161557,29.0
montel jackson,2.0766042825468114,32.0
montserrat conejo,1.853888326627081,
montserrat conejo ruiz,0.9328329286601973,
montserrat rendon,1.1413777276602235,35.0
morgan charriere,1.9208369541092114,28.0
motonobu tezuka,1.321913257394569,
mounir lazzez,1.1013493896901023,35.0
movsar evloev,2.4622974451963966,30.0
muhammad mokaev,2.889242904190392,23.0
muhammad naimov,1.5777411793377496,29.0
muin gafurov,1.576322635298741,
muslim salikhov,2.21311821024903,
myktybek orolbai,3.224962357194616,
myles jury,2.83529274050072,
na liang,1.4687618501634083,24.0
nad narimani,1.8857543496614362,33.0
nadia kassem,2.0537611901739137,23.0
nah-shon burrell,2.8642249937729143,
naoki inoue,2.2429159517315482,
nasrat haqparast,1.5348158182019573,28.0
nassourdine imavov,2.06820685839737,29.0
natalia silva,1.5963889206986805,27.0
natan levy,2.039876802499758,32.0
nate diaz,3.5461341368024577,37.0
nate landwehr,1.4860072986737511,36.0
nate maness,1.5947144177163926,32.0
nate marquardt,3.1281785952455303,37.0
nathan coy,1.4396362233458282,
nathan fletcher,2.001434256679525,
nathaniel wood,2.206824842723699,31.0
nazareno malegarie,0.8357998675486118,
nazim sadykhov,1.8059388859639838,29.0
neil magny,3.190280975152878,37.0
neil seery,2.5006968025613707,37.0
nicco montano,1.3253678852167938,30.0
nick aguirre,0.9069084584195551,
nick diaz,3.5392503362278243,38.0
nick fiore,1.4157248486187788,
nick hein,1.2222547083046773,35.0
nick maximov,1.9215094830984767,24.0
nick ring,2.799465303080506,
nick roehrick,1.4874214152653193,
nico musoke,2.7157274356566523,
nicolae negumereanu,1.5896586858401964,28.0
nicolas dalby,1.8378669856459688,39.0
nik lentz,3.6357049801879704,36.0
nikita krylov,2.5319825871220267,31.0
niklas stolze,0.6621272175313736,29.0
niko price,2.362747201220479,35.0
nikolas motta,1.0569524329956788,31.0
nikolay veretennikov,1.1870495956448104,
nina ansaroff,2.5315217391381455,
nina nunes,1.7882842032988746,36.0
ning guangyou,1.9287124157047757,
nohelin hernandez,0.9060395651424606,
nora cornolle,1.1720897020209031,34.0
nordine taleb,2.7094461925666184,37.0
norma dumont,1.7023897898490854,33.0
norman parke,3.018719860755185,
nursulton ruziboev,2.087104892001122,30.0
nurullo aliev,2.295746783568739,
nyamjargal tumendemberel,2.33473693775342,26.0
oban elliott,1.3621858276730396,26.0
ode obsourne,1.9319436704412296,
ode osbourne,1.6447403838525991,32.0
oliver enkamp,1.9903089634884026,
olivier aubin-mercier,2.987947483977611,30.0
oluwale bamgbose,1.488624012851687,
omar morales,1.4811467263662654,37.0
omari akhmedov,2.3331993098500385,33.0
orion cosce,1.511122981194513,28.0
oskar piechota,1.628216524448357,
ottman azaitar,1.6032520723870527,33.0
oumar sy,2.1039810687001332,28.0
ovince saint preux,2.70489045218637,41.0
ozzy diaz,1.2022124798179612,
pablo garza,2.48154915836638,
paddy holohan,2.504799812177237,27.0
paddy pimblett,2.505842145683454,29.0
paige vanzant,2.9874755533077693,26.0
pannie kianzad,1.4392261135412028,35.0
parker porter,1.2972869378431524,38.0
pat audinwood,0.17518827931761996,24.0
pat healy,2.4056165502659765,
pat sabatini,2.269582326052719,33.0
pat schilling,0.3186935885269746,
patrick cote,2.9208085648329734,36.0
patrick cummins,3.0981546934770336,37.0
patrick williams,1.482643414184297,
paul craig,2.500485030265075,36.0
paul felder,2.3642074264234845,36.0
paul kelly,1.7862970362404358,
paul sass,2.044002675220944,
paulo costa,2.3853425606275156,33.0
pawel pawlak,1.600225992133916,
payton talbott,1.2670170503442717,25.0
pearl gonzalez,1.452058412852503,31.0
pedro falcao,2.4565085322853975,31.0
pedro munhoz,2.493552915269646,38.0
pete rodriguez,1.0775237893047773,
peter barrett,2.0734566543390582,
peter sobotta,2.0057132764714156,33.0
petr yan,2.848804805952827,31.0
phil baroni,2.060030972605407,34.0
phil davis,3.4049300473095996,
phil hawes,2.2347892261389624,35.0
phil rowe,2.19395790718384,33.0
philip rowe,1.1918173941067445,
philipe lins,1.1974312011848571,38.0
phillip hawes,1.5054573656661479,
phillipe nover,2.436013300620412,
piera rodriguez,1.745641719960824,31.0
piotr hallmann,2.3110002039197477,
poliana botelho,1.7342662422654045,33.0
polo reyes,1.9643117839028803,
polyana viana,1.7073214797331122,31.0
preston parsons,1.6177544091022926,29.0
priscila cachoeira,1.0966055599748195,35.0
puja tomar,0.13657244611335445,
punahele soriano,1.934439135498677,31.0
quang le,1.7356185075965982,
rachael ostovich,1.7700946761905225,
rafa garcia,1.835542877690907,30.0
rafael alves,1.9607886019699672,32.0
rafael cerqueira,1.208209377012283,
rafael dos anjos,3.436273400349948,40.0
rafael estevam,2.8410148169323532,
rafael feijao,1.770374486782235,
rafael fiziev,1.970714939624176,31.0
rafael natal,2.788775221938331,34.0
rafaello oliveira,2.6598557986985845,
ramazan emeev,1.6594599289810517,35.0
ramazan temirov,0.9541867500662333,
ramiz brahimaj,1.2812656265832256,31.0
ramon taveras,1.4429946129419384,
ramona pascual,1.17376721255104,34.0
rampage jackson,3.021959884709526,34.0
ramsey nijem,1.9914029373471172,26.0
randa markos,1.6945321092307646,36.0
randy brown,2.207244702227118,34.0
randy costa,1.1423554527988162,28.0
rani yahya,2.292423303935782,39.0
raoni barcelos,2.2908023882810506,36.0
raphael assuncao,2.502766026788443,40.0
raphael pessoa,1.0814918418131176,
raphael pessoa nunes,0.20497669029796628,
raquel pennington,2.386360694007938,36.0
rashad coulter,0.7975464633010809,36.0
rashad evans,3.70930853821101,38.0
rashid magomedov,3.0790139627038675,
raul rosas jr.,2.318880630296291,19.0
raulian paiva,1.5347857573758386,26.0
ravena oliveira,1.158092632142288,
ray borg,2.5869129372797275,
ray rodriguez,1.368276035963002,
rayanne dos santos,0.279263560019865,29.0
reginaldo vieira,1.4293959839349974,
rei tsuruya,3.153320298694178,22.0
reinier de ridder,2.6173580301433064,
renan barao,3.798104957060879,32.0
renato moicano,2.508892323537172,35.0
renee forte,2.077450478403001,
reza madadi,2.6343955061269457,38.0
rhys mckee,0.9122646376485468,
ricardo abreu,1.8936849305661694,31.0
ricardo almeida,2.725642477315577,33.0
ricardo lamas,2.8516642328538886,38.0
ricardo ramos,2.0348759776474536,29.0
richardson moreira,0.8694339938816716,
richie vaculik,2.0713710044418034,31.0
rick glenn,2.149951368849559,29.0
rick story,3.735323027281308,31.0
ricky glenn,1.7285005793159207,35.0
ricky rainey,1.2501398361857414,
ricky simon,2.9456025744840675,31.0
ricky turcios,0.9797829878761015,31.0
riki fukuda,3.2145462281606667,32.0
rin nakai,1.146795902549979,
rinat fakhretdinov,2.2625526243765965,33.0
rinya nakamura,2.46410778123104,28.0
roan carneiro,2.601910102336671,
rob font,2.551348695353812,37.0
rob whiteford,2.2484350046770905,
rob wilkinson,0.9993669099427992,25.0
robbie lawler,3.1749738641439134,41.0
robelis despaigne,1.3055735370283934,36.0
robert bryczek,0.6805576405352454,33.0
robert peralta,2.3678617257725896,
robert valentin,0.6590244876343155,29.0
robert whittaker,3.1215628446334502,33.0
roberto romero,1.0366152729536475,
rocco martin,2.4548216889299868,
rocky lee,0.8326005238242475,
rodolfo bellato,1.7474526235838035,27.0
rodolfo vieira,3.118315361677494,34.0
rodrigo damm,2.4619171817581242,
rodrigo de lima,1.6086532993232905,
rodrigo nascimento,1.842593765299854,31.0
rogerio bontorin,1.897056650863009,29.0
rogerio nogueira,2.4079130132668234,44.0
roland delorme,2.570865939987315,29.0
rolando bedoya,0.9252463326875174,
rolando dy,1.2698151078355422,27.0
roman bogatov,1.3725184577522556,
roman dolidze,2.1224537623259487,36.0
roman kopylov,1.6643245307430554,33.0
roman salazar,0.39911438476940947,
ron stallings,1.4874214152653196,
ronaldo rodriguez,1.2776560899190519,25.0
ronda rousey,3.350113852297209,29.0
rong zhu,0.7479026365019016,21.0
rongzhu,1.97383659363818,24.0
ronnie lawrence,2.3852034096039993,30.0
ronny markes,1.669538503993309,25.0
rony jason,2.3778372113056276,29.0
roosevelt roberts,1.9497768291680377,30.0
roque martinez,0.5620220237512803,
rory macdonald,3.1572734431854474,26.0
rory markham,1.6299125684411542,
rose namajunas,2.815737485992393,32.0
rosi sexton,0.7916819443784342,36.0
ross pearson,2.7626047914852,33.0
rostem akman,1.0669192710718418,27.0
roxanne modafferi,2.2128419494246017,39.0
roy nelson,2.8161111713637235,40.0
ruan potts,1.179335991226325,
russell doane,2.2665948859588827,31.0
rustam khabilov,1.8032749889230688,33.0
ryan bader,3.551875150126766,33.0
ryan benoit,1.3749204622803495,31.0
ryan couture,1.171974394440769,31.0
ryan hall,1.868371933287253,36.0
ryan janes,2.501529515358122,
ryan jensen,1.7065578674262198,
ryan jimmo,2.3569547635085675,
ryan laflare,3.214904198173354,33.0
ryan loder,1.0185720884883591,
ryan macdonald,0.8696874394702581,26.0
ryan spann,2.4317782542859065,33.0
sabah homasi,1.7454605639299807,
sabina mazo,1.5685440884229145,24.0
sage northcutt,2.2267872201284677,20.0
said nurmagomedov,2.3377887662378374,31.0
saidyokub kakhramonov,2.936104563294336,
saimon oliveira,1.550798402722366,31.0
salim touahri,1.3820930999375505,29.0
sam alvey,2.125853392643419,36.0
sam hughes,1.128688714582072,
sam patterson,1.915607496154589,28.0
sam sicilia,1.7194013582304828,30.0
sam stout,2.7192580865001026,28.0
santiago ponzinibbio,2.5550195850976936,37.0
saparbeg safarov,1.5460217732905301,
sara mcmann,2.2385409987622156,41.0
sarah alpar,1.3513462462849157,
sarah frota,1.2042540065055527,
sarah kaufman,3.0985520575164758,30.0
sarah moras,1.5314390411871295,32.0
sasha palatnikov,1.2095570291942708,32.0
scott askham,1.4859905427532731,28.0
scott holtzman,2.26219150620476,39.0
scott jorgensen,1.9405766162123366,
sean brady,2.368708907825943,31.0
sean o'connell,1.5146441883108983,
sean o'malley,2.5016582025605523,29.0
sean sharaf,1.6575287354641173,
sean soriano,0.7474373547310071,32.0
sean spencer,2.100330104337722,29.0
sean strickland,2.718792339138157,33.0
sean woodson,1.4205144012656736,31.0
sedriques dumas,1.4500100151623578,28.0
seohee ham,1.0270223976885346,28.0
sergei pavlovich,2.27746190027998,32.0
sergey khandozhko,1.5205034307432306,
sergey morozov,1.4760974225397856,33.0
serghei spivac,2.3397322959401183,35.0
sergio moraes,2.826791582582964,36.0
sergio pettis,2.6048936621615866,26.0
serhiy sidey,1.550670247079356,28.0
seth baczynski,1.906407868484646,33.0
seungguk choi,1.6345644111851678,26.0
seungwoo choi,1.2528005517565008,31.0
shamil abdurakhimov,2.0484044125885834,41.0
shamil gamzatov,1.0760019756201094,31.0
shamil gaziev,2.2454891036015874,34.0
shana dobson,1.0395787975405697,31.0
shane burgos,2.5031926968882052,31.0
shane campbell,1.699557349394691,
shane roller,1.5904671919881017,
shane young,1.578086567068583,30.0
shanna young,0.8583393930203601,
shannon gugerty,1.9474605094975854,
shannon ross,0.9983499831405258,34.0
shara magomedov,1.2564748267096586,30.0
shauna bannon,0.4500164224811218,30.0
shavkat rakhmonov,2.7390068549942392,30.0
shawn jordan,2.095435441425086,30.0
shayilan nuerdanbieke,1.5408116304127062,30.0
shayna baszler,1.6075239455560426,
sheila gaff,0.39497483477004147,
sheymon moraes,1.588399903685187,
shi ming,1.4869138215058075,30.0
shinsho anzai,2.064513175547007,32.0
shunichi shimizu,0.8076620496651007,
sijara eubanks,1.9255494751031033,36.0
silvana gomez juarez,0.4101760657105247,37.0
siyar bahadurzada,1.2896394360613397,35.0
soa palelei,1.024467763133766,37.0
sodiq yusuff,2.0249735456759845,30.0
song kenan,1.6950355723881525,34.0
song yadong,2.170389869157582,26.0
spike carlyle,1.5797272990109303,27.0
stanislav nedkov,2.0916405778898906,
stefan sekulic,1.6824438814937381,
stefan struve,2.962247171372917,32.0
stephanie egger,1.4881242226012907,35.0
stephanie luciano,0.9763907614262918,24.0
stephen thompson,2.8316993932755405,41.0
steve bosse,1.4630571822874687,
steve erceg,1.6937000835932903,29.0
steve garcia,1.8834941491909856,32.0
steven koslow,1.941131510044079,
steven nguyen,0.7891814860222073,
steven peterson,1.4460399351641011,32.0
steven siler,2.726299750527638,26.0
stevie ray,2.4815363882261376,29.0
stewart nicoll,1.8056143861830622,29.0
stipe miocic,3.936260242403624,42.0
su mudaerji,1.2626597410714309,25.0
sultan aliev,1.6099309115394513,
suman mokhtarian,0.6385412887130465,27.0
sumudaerji,1.5096179244679158,
suyoung you,1.9534740207330161,
syuri kondo,1.908495915105492,
tabatha ricci,1.9348798809608323,29.0
tafon nchukwi,1.334785653802511,28.0
tagir ulanbekov,1.6299797100242523,32.0
tai tuivasa,2.1109039045246485,31.0
taila santos,1.8829200193130622,
tainara lisboa,1.4031283695427226,32.0
takanori gomi,1.9903066690889115,
takashi sato,1.3581684051801446,32.0
takeya mizugaki,3.1733679495696143,33.0
talita alencar,1.1012613821750357,
talita bernardo,1.4773663360358962,32.0
tamdan mccrory,2.650892455466767,29.0
tamires vidal,1.1036335082959556,26.0
tanner boser,1.4118418504692465,32.0
tarec saffiedine,2.659136247262017,30.0
tatiana suarez,2.818723383803079,32.0
tatsuro taira,2.4664500300365804,24.0
tatsuya kawajiri,2.97783780964723,
taylor lapilus,1.7689741232563752,32.0
tecia pennington,2.057579748388593,
tecia torres,2.383971654831809,32.0
teemu packalen,2.5161267507598786,
tereza bleda,1.2284780597487994,21.0
terrance mckinney,2.3549554272244775,29.0
terrence mitchell,1.823342405860498,
terrion ware,1.4885416625850885,
terry etim,2.6167182710343226,26.0
teruto ishihara,2.091773905956396,27.0
thales leites,3.4931184729304126,36.0
themba gorimbo,2.126965427244211,33.0
thiago alves,3.1752072880322935,36.0
thiago moises,1.8344443904011778,29.0
thiago perpetuo,2.316953497041973,25.0
thiago santos,2.388017713386584,38.0
thiago tavares,2.321677723736547,31.0
thibault gouti,1.7066124214227019,31.0
thomas almeida,2.3989789141921323,29.0
thomas gifford,1.120651161313589,
thomas petersen,2.389228899145345,29.0
tiago trator,1.2758078430855648,29.0
tiequan zhang,1.9604372348427406,33.0
tim boetsch,3.1127172496245583,38.0
tim elliott,2.5774628326837448,36.0
tim johnson,1.1844453128352437,31.0
tim kennedy,2.9786066436098784,37.0
tim means,2.4178115907604427,40.0
tim williams,1.0382846335490696,
timmy cuamba,1.077593938936865,25.0
timur valiev,1.0267678088181833,32.0
tj brown,1.9253396557587175,33.0
tj dillashaw,4.1682056286677405,36.0
tj laramie,1.3770978137716405,
tom aspinall,2.7277362999662307,31.0
tom breese,1.620918632873551,29.0
tom duquesnoy,2.2763876093294573,24.0
tom lawlor,2.874233069588656,32.0
tom niinimaki,1.2112140063487833,32.0
tom nolan,1.3505878678691627,24.0
tom watson,1.6108375657110698,32.0
tony ferguson,3.21329574108515,40.0
tony gravely,2.5637310684970362,31.0
tony kelley,1.3180517189904288,
tonya evinger,1.5658571444974865,37.0
tor troeng,1.4392989600283541,31.0
toshiomi kazama,1.6521903513716973,27.0
tracy cortez,1.828808331280229,30.0
travis browne,2.9011967128838707,34.0
tresean gore,1.2407234620402559,30.0
trevin giles,2.213015052542765,32.0
trevin jones,1.4543732369329891,32.0
trevor peek,1.4676644613274148,29.0
trevor smith,2.4838285406271994,38.0
trey ogden,1.5586530929410738,34.0
trey waters,1.3741787399230645,
tristan connelly,1.149492948039036,
tucker lutz,1.7513534105915047,29.0
tuco tokkos,0.4742735604656663,
tyler diamond,0.8622279367344922,27.0
tyron woodley,3.0831415378130824,38.0
tyson nam,1.0847018681048801,39.0
tyson pedro,1.9230518600541249,32.0
ulka sasaki,2.230980754746009,
umar nurmagomedov,2.410215647643015,28.0
uriah hall,2.2458224849502804,37.0
urijah faber,3.113700025442317,40.0
uros medic,1.9064602380057936,31.0
vagner rocha,1.8703436825569515,32.0
val woodburn,1.3305817435257585,
valentina shevchenko,2.7144201356258693,36.0
valerie letourneau,2.946518455153266,
valter walker,1.3335399550135159,26.0
vanessa demopoulos,1.3244409801321688,35.0
vanessa melo,0.7050608811531137,32.0
vaughan lee,2.3470316335395274,
veronica hardy,1.5563344609278391,29.0
veronica macedo,1.108008012883599,24.0
viacheslav borshchev,1.5264438581310604,32.0
vicente luque,2.7054375758786007,33.0
victor altamirano,1.7058094370416512,33.0
victor henry,1.3258388995084998,37.0
victor hugo,2.2498760974604526,
victor martinez,1.1949685772189496,32.0
victor rodriguez,0.5828665756909065,
victoria leonardo,1.5810680659989953,34.0
viktor pesta,1.9942175213950064,26.0
viktoriia dudakova,1.6037494932614305,25.0
vinc pichel,2.2502012672206466,41.0
vince cachero,0.5034534842866077,31.0
vince morales,1.3558364799102558,33.0
vinicius moreira,1.7144797356683898,30.0
vinicius oliveira,1.9025553197927172,28.0
vinicius salvador,1.828913867280943,
virna jandiroba,2.2232595037503042,36.0
vitor belfort,3.34324253400859,
vitor miranda,1.5349353532141667,39.0
vitor petrino,2.6618484023287334,26.0
viviane araujo,1.9956249417076608,37.0
viviane pereira,2.1243059062384946,24.0
vladimir matyushenko,2.586339617794395,
volkan oezdemir,2.2045865103341518,35.0
wagner silva,1.2469709943176746,27.0
waldo cortes-acosta,1.6834901611521678,32.0
walt harris,1.5168717085516372,37.0
wang cong,2.4977828055402878,32.0
wang guan,1.5525448327937998,31.0
warlley alves,2.390273566874878,33.0
weili zhang,2.914649757262604,
wellington turman,1.5473488238588586,27.0
wendell oliveira,0.5635995229418038,31.0
westin wilson,2.678690239810207,35.0
will brooks,2.5389770601443957,30.0
will chope,1.5432239856782262,
william gomis,1.3732085931470905,27.0
william knight,1.994581693075066,34.0
william patolino,2.567899245739931,23.0
wilson reis,3.293687232118015,34.0
wu yanan,1.1926274107995871,26.0
wuliji buren,1.6497135219073051,29.0
xiao long,1.0952180154960158,26.0
yair rodriguez,2.898527854646239,31.0
yan cabral,2.078492134291155,30.0
yan xiaonan,2.226769306109327,35.0
yana kunitskaya,1.3820427193778817,31.0
yana santos,1.5541867345024316,34.0
yanal ashmouz,1.889631383698743,
yancy medeiros,1.6962677881938282,33.0
yanis ghemmouri,1.190119856707335,
yaotzin meza,1.8631417106930557,
yazmin jauregui,0.9110890691160232,25.0
yizha,2.6601176315691877,27.0
yoel romero,3.485784374206532,42.0
yohan lainesse,1.4989532570608057,31.0
yorgan de castro,0.42382888767360866,33.0
yoshinori horie,0.8876237202063564,
youssef zalal,1.7354830660981688,28.0
youssef zalel,0.09630844954881053,
yusaku kinoshita,1.2806448490609992,23.0
yushin okami,3.075859049661997,36.0
yusuke kasuya,1.19176168359016,27.0
yves edwards,2.7833232802506123,36.0
yves jabouin,1.765751592343634,
zabit magomedsharipov,3.784304118170969,28.0
zac pauga,0.8398099152342484,35.0
zach makovsky,2.2168178640756766,31.0
zachary reese,2.525954228655825,30.0
zachary scroggin,1.1867679259057273,
zak cummings,2.282347118035,38.0
zak ottow,1.766526789275909,32.0
zarah fairn,0.48527064839048795,39.0
zarrukh adashev,0.622534954946507,
zelim imadaev,1.2383747342961593,25.0
zhalgas zhamagulov,0.41919948044845495,
zhalgas zhumagulov,1.1683909654643059,34.0
zhang mingyang,1.6946496601123873,26.0
zhang weili,2.8684219116840906,34.0
zubaira tukhugov,1.889100991104119,32.0
zviad lazishvili,0.9108786487002305,
zygimantas ramaska,0.39807753403793594,27.0
