FIGHTER,FPI
0,0.0
aalon cruz,0.23086168906975307
aaron phillips,0.21592000479006468
aaron riley,0.2773780078902135
aaron rosa,0.2756116199164905
aaron simpson,0.3439715639046762
aaron wilkinson,0.2143842853164464
abdul razak alhassan,0.27959297493800317
abdul-kareem al-selwady,0.24922644758043594
abdul-kerim edilov,0.22678372977979586
abel trujillo,0.3065018110990635
abner lloveras,0.2307243413919346
abu azaitar,0.24702567804785935
abubakar nurmagomedov,0.2404757481755055
abus magomedov,0.3008031738408947
adam cella,0.23005705220205444
adam fugitt,0.29100215773565297
adam milstead,0.25486027974891357
adam wieczorek,0.2814832777220758
adam yandiev,0.29136615772764185
adlan amagov,0.31414459002429446
adrian yanez,0.2798781983482905
adriano martins,0.2908908227489542
aiemann zahabi,0.25701734159860445
ailin perez,0.27932494552908005
aisling daly,0.2301603916528006
aj cunningham,0.23495854797877083
aj dobson,0.27643379349154384
aj fletcher,0.25863048297968716
akbarh arreola,0.25687450995908523
akira corassani,0.2881678088589068
al iaquinta,0.3226099088818154
alan baudot,0.24191244633249565
alan belcher,0.31237674378532143
alan jouban,0.30120036554267005
alan omer,0.2365847197140158
alan patrick,0.3054093342037023
alatengheili,0.2590008111364239
albert cheng,0.22589690168566434
albert duraev,0.3016250531087293
albert morales,0.2792324985244476
albert tumenov,0.287178052008616
alberto mina,0.32602694887496436
alberto uda,0.23815609509351976
alejandro perez,0.28993835215290037
alekander volkov,0.3095724724027026
aleksa camur,0.2258437194096086
aleksandar rakic,0.3094489430351367
aleksei kunchenko,0.28299910660080263
aleksei oleinik,0.34892628742659526
alen amedovski,0.2205076830914674
alessandro costa,0.23186772041151105
alessandro ricci,0.2503880304686508
alessio di chirico,0.27011570614954367
alessio sakara,0.2885799448413069
alex caceres,0.2855892426616034
alex chambers,0.2422300024921556
alex da silva,0.24510483942595188
alex garcia,0.3199870758023765
alex gorgees,0.22204344954630764
alex morono,0.28158169880441125
alex munoz,0.26452502743626644
alex nicholson,0.2580538192257012
alex oliveira,0.3249308577852788
alex pereira,0.3365097554994876
alex perez,0.3250516939333114
alex reyes,0.24808184817770404
alex soto,0.2261543842612569
alex torres,0.21743059658343628
alex white,0.2641117164726896
alexa grasso,0.27571848534465787
alexander gustafsson,0.35802209703419796
alexander hernandez,0.2813754018680642
alexander munoz,0.25533777151138737
alexander volkanovski,0.3745926985650181
alexander volkov,0.3277002734649422
alexander yakovlev,0.28677969275500526
alexandr romanov,0.34638216791236576
alexandra albu,0.28292502150470034
alexandre ferreira,0.2663988499435995
alexandre pantoja,0.31725441233473156
alexis davis,0.2879490161971965
alexis dufresne,0.2079185677310364
ali alqaisi,0.22488031072188053
ali bagautinov,0.32760346683097263
ali qaisi,0.17238708560308696
aliaskhab khizriev,0.33102359183450913
alice ardelean,0.18634648999168046
alistair overeem,0.33742588138695995
aljamain sterling,0.3583312269815804
allan nascimento,0.2667734035581609
allan zuniga,0.2146502444054938
allen crowder,0.25487098451197976
alonzo menifield,0.29873372897161016
alptekin ozkilic,0.28746783686863775
alvaro herrera,0.2293842287380541
amanda cooper,0.2382072572790414
amanda lemos,0.29390648384211415
amanda nunes,0.3486598400810925
amanda ribas,0.2941618535421717
amilcar alves,0.23567293091449804
amir albazi,0.281647427179221
amir sadollah,0.31892103428845286
an ying wang,0.20544198152772977
anderson dos santos,0.25671586702042115
anderson silva,0.4777066419683752
andre ewell,0.2497714325910293
andre fialho,0.253983311303014
andre fili,0.30304624495812044
andre lima,0.22585581148700395
andre muniz,0.3555322535183665
andre petroski,0.33520160958487993
andre soukhamthath,0.25929537679700965
andre winner,0.2772174120434763
andrea lee,0.2796676693543293
andreas michailidis,0.20502172080480421
andreas stahl,0.24104720166887705
andrei arlovski,0.38277819391670087
andrew craig,0.26958680887785663
andrew holbrook,0.25646089060094995
andrew sanchez,0.3078590301056594
andy enz,0.2843492290281236
andy ogle,0.2524317515966862
ange loosa,0.24637649721441202
angel pacheco,0.19000794627486647
angela hill,0.270953271987842
angela magana,0.2198561241922474
anistavio medeiros,0.21269618890420733
anna elmose,0.21589497666104576
anshul jubli,0.2538033388797589
anthony birchak,0.22958571659107818
anthony christodoulou,0.22551240939549522
anthony hamilton,0.2794963447995007
anthony hernandez,0.3390680483992721
anthony ivy,0.20642051991222107
anthony johnson,0.3483161038321666
anthony lapsley,0.2213798395075402
anthony njokuani,0.316567647810206
anthony perosh,0.31265275418873517
anthony pettis,0.3438090527021378
anthony rocco martin,0.29705247713937766
anthony smith,0.3223843373357363
anton kuivanen,0.24215506318501212
anton turkalj,0.3093769674107956
anton zafir,0.2431484010047512
antonina shevchenko,0.26764442490277063
antonio arroyo,0.24815712131003914
antonio banuelos,0.21460765644355875
antonio braga neto,0.28974653713535814
antonio carlos junior,0.3220126434747689
antonio carvalho,0.25872405827574596
antonio dos santos,0.2219769396125472
antonio mckee,0.27368729112034945
antonio silva,0.2984864024137991
antonio trocoli,0.2668144453327155
aori qileng,0.24986666828925938
aoriqileng,0.23015711155025953
ariane carnelossi,0.2169503161114296
ariane da silva,0.26229128606987306
ariane lipski,0.22583220916684865
ariel beck,0.21389316374607928
arjan bhullar,0.266965205867437
arman tsarukyan,0.30523873124511103
armen petrosyan,0.27359212657158904
arnold allen,0.3122687581911384
artem lobov,0.27841420251989774
ashkan mokhtarian,0.24605387036463938
ashlee evans-smith,0.26162197868264414
ashley yoder,0.25180007985827196
askar askarov,0.29030384139965315
askar mozharov,0.23185756414898176
aspen ladd,0.2783674710639632
asu almabayev,0.32488398954179065
augusto mendes,0.27767479309538307
augusto montano,0.2553268585896306
augusto sakai,0.3006426535049217
austen lane,0.29107472158402736
austin arnett,0.23246137100610498
austin hubbard,0.23963958502413787
austin lingo,0.21483281824387157
austin springer,0.29232175028515534
azamat gashimov,0.21587253543973242
azamat murzakanov,0.3119051744661294
azat maksum,0.2525330959538511
baergeng jieleyisi,0.27678704372836105
barb honchak,0.26948992122331106
bart palaszewski,0.2733658208626649
bartosz fabinski,0.326646105298504
bassil hafez,0.2982476946969467
batgerel danaa,0.271639783576248
bea malecki,0.25467058607607707
bec rawlings,0.27735385194754136
bekzat almakhan,0.23358643523997252
belal muhammad,0.3353263695100696
ben askren,0.3227454954514453
ben nguyen,0.27006129099191545
ben rothwell,0.32680143050270893
ben saunders,0.3111002765668126
ben sosoli,0.21935970987945594
ben wall,0.21294860875213406
benardo sopaj,0.2349923624066067
beneil dariush,0.3236660318754816
benito lopez,0.24554063330774423
benny alloway,0.24030701366164342
benoit saint denis,0.3489626962420995
benson henderson,0.3755523160491031
bentley syler,0.22204356622565544
bernardo magalhaes,0.21632298179087597
besam yousef,0.2119651183368332
bethe correia,0.2906709048164317
bevon lewis,0.2615171820601305
bharat kandare,0.223017553792569
bill algeo,0.2626863065010961
billy quarantillo,0.31186700152753755
billy ray goff,0.3065309004168846
bj penn,0.4087145923981408
blagoy ivanov,0.2872722980510636
blake bilder,0.26728142900973867
blood diamond,0.21197549914176345
bo nickal,0.4047599573855626
bobby green,0.32869153359481373
bobby moffett,0.2949626121525226
bobby nash,0.27314616348802156
bobby voelker,0.3100713862411697
bogdan guskov,0.237582448863089
bojan mihajlovic,0.24588525790056037
bojan velickovic,0.2638937543479471
bolaji oki,0.2781718079418727
boston salmon,0.199248606162168
brad blackburn,0.31195756834607824
brad katona,0.23603346303182893
brad pickett,0.31265246629690535
brad riddell,0.2658396127632677
brad tavares,0.3188273679939579
bradley scott,0.2701862484509568
brady hiestand,0.2635972326115189
brandon davis,0.24781939002616873
brandon jenkins,0.22045477667025679
brandon moreno,0.31742375203618867
brandon royval,0.2909208648877739
brandon thatch,0.27820892633461586
brandon vera,0.32046730494993814
braxton smith,0.22774734179288997
brendan allen,0.333054370464638
brendan loughnane,0.21469498422393493
brendan o'reilly,0.2701054276158101
brendan schaub,0.32102372542322005
brendon marotte,0.21135305897603426
brendson ribeiro,0.27957052813350847
brett johns,0.3229320914277284
brian bowles,0.28077858699201064
brian camozzi,0.252051034245566
brian ebersole,0.32088784763515893
brian foster,0.2597866179891746
brian houston,0.2417618028726588
brian kelleher,0.28501396668672185
brian melancon,0.29149714570867474
brian ortega,0.33538443825042263
brian stann,0.2896603756247268
brianna van buren,0.23679567873512136
bristol marunde,0.24521975740550928
brock jardine,0.249590368939024
brock lesnar,0.34530898476894273
brogan walker,0.1786591330567011
brok weaver,0.23119912288752845
bruna brasil,0.2576365305901209
brunno ferreira,0.28392493262775176
bruno korea,0.20807284784141236
bruno santos,0.24885473399441022
bruno silva,0.27075740895684325
bruno souza,0.23573723233208313
bryan barberena,0.3005859838061371
bryan battle,0.2935913417926683
bryan caraway,0.32651019173580237
bryce mitchell,0.3133221585520014
bubba bush,0.18431087557779866
bubba mcdaniel,0.30739139715220876
buddy roberts,0.26329709759981257
byron bloodworth,0.23708643166803592
cain carrizosa,0.20479666804914848
cain velasquez,0.4142447860012208
caio borralho,0.30464848822993174
caio machado,0.2343855620113988
caio magalhaes,0.30097220077164083
callan potter,0.24968574571782723
caludia gadelha,0.2861704583441953
caludio puelles,0.2553744475130441
calvin kattar,0.3072423694476164
cameron else,0.20694294894499424
cameron saaiman,0.25939459715157365
cameron smotherman,0.21998512737178827
cameron vancamp,0.2167316101256407
caol uno,0.32151295344296243
caolan loughran,0.24863733681331487
carl deaton,0.2272208163958155
carla esparza,0.3222961685129254
carli judice,0.1943744590464605
carlo pedersoli,0.31410456518508406
carlo prater,0.24347766332820134
carlos candelario,0.23578868471036407
carlos condit,0.37334805216058803
carlos eduardo rocha,0.2687843077435427
carlos felipe,0.2286018069338532
carlos hernandez,0.242833373160534
carlos huachin,0.24486358466145705
carlos leal,0.2751692150509289
carlos mota,0.20970142698598343
carlos prates,0.3049035796883212
carlos ulberg,0.30454993313241374
carlos vera,0.2503940977632123
carls john de tomas,0.21084321143253776
carlston harris,0.30892948069062187
carlton minus,0.19738281703844407
caros fodor,0.265764678674073
casey kenney,0.26565322524970986
casey o'neill,0.29724785063428205
cat zingano,0.2931225641840106
cathal pendred,0.33156835816544594
cb dollaway,0.3219831171511374
cesar almeida,0.25692987079744234
cesar arzamendia,0.22146412147605146
cezar ferreira,0.2989998643549679
chad anheliger,0.258926020529325
chad griggs,0.26710030986544586
chad laprise,0.3201063590964597
chad mendes,0.3381449092293264
chael sonnen,0.36639413841093926
chan sung jung,0.32319016190049177
chance rencountre,0.2812921714882426
changho lee,0.32575388297118324
chanmi jeon,0.2109536780959496
charalampos grigoriou,0.266083886710318
charles byrd,0.2680544873779389
charles johnson,0.25744002944244354
charles jourdain,0.25546793687907243
charles oliveira,0.3498684135653474
charles radtke,0.27224683938908567
charles rosa,0.2916450725691099
charlie brenneman,0.2894242976728585
charlie campbell,0.27054161370190427
charlie ontiveros,0.23502813097729594
charlie valencia,0.22184772665185587
charlie ward,0.2323422146898292
chas skelly,0.29880265471045614
chase gormley,0.21221055826939228
chase hooper,0.2976954195400977
chase sherman,0.26841194246272015
che mills,0.27150661669310117
cheick kongo,0.3543651491360875
chelsea chandler,0.25838378015050184
chepe mariscal,0.2962374960694114
cheyanne buys,0.1937556367008788
cheyanne vlismas,0.23669952992766205
chico camus,0.24655891992725237
chidi njokuani,0.2823280785427102
chris avila,0.23381695919773748
chris barnett,0.25459478551063425
chris beal,0.2707994614742687
chris camozzi,0.2943032681803416
chris cariaso,0.28984453214391626
chris clements,0.28209184417518374
chris cope,0.27740288344692604
chris curtis,0.30008982673511575
chris daukaus,0.27138091807480635
chris de la rocha,0.2515626802477997
chris dempsey,0.25321153846053945
chris duncan,0.31573140668371497
chris fishgold,0.27667532257564026
chris gruetzemacher,0.2665934914425737
chris gutierrez,0.25725022349900784
chris heatherly,0.24221954936939258
chris holdsworth,0.25343338846018476
chris indich,0.21612877270535774
chris kelades,0.2879247044001679
chris leben,0.32426549315823017
chris lytle,0.32807747620506206
chris padilla,0.29038192075580016
chris saunders,0.21457351257520904
chris spang,0.2274814991018439
chris tickle,0.22312213707503922
chris tuchscherer,0.2551745657061126
chris wade,0.2929596584269759
chris weidman,0.3852027451187662
christian aguilera,0.23399495565505607
christian colombo,0.2878466127569896
christian leroy duncan,0.278898881783856
christian morecraft,0.304000776235566
christian rodriguez,0.26113061204705024
christina marks,0.22573425067487699
christos giagos,0.2743009812594425
chuck liddell,0.41537226297366237
chuck o'neil,0.2271231005698443
cindy dandois,0.27026859474875914
ciryl gane,0.3433192176263177
cj keith,0.21759298352879036
cj vergara,0.2406375092187174
claude patrick,0.3099535926608469
claudia gadelha,0.3534214129194949
claudio puelles,0.30913216083904926
claudio ribeiro,0.27258550386251035
claudio silva,0.33229019274851374
clay collard,0.30939220439510684
clay guida,0.3577901469972851
clay harvison,0.26765553344915594
clayton carpenter,0.26527259573388623
clifford starks,0.2542940430001688
clint hester,0.30690947005213853
cm punk,0.2625178010764361
cody brundage,0.2739298601549763
cody donovan,0.2518236310639471
cody durden,0.295119860958637
cody east,0.21954261761025878
cody garbrandt,0.32621812590504773
cody gibson,0.24743646327709645
cody haddon,0.2858170644719913
cody mckenzie,0.2697929798715948
cody pfister,0.2413939061741327
cody stamann,0.30423404122754705
colby covington,0.3542541244303222
cole escovedo,0.21994869786618793
cole miller,0.32563700469133106
cole smith,0.24806345628673682
cole williams,0.2255843046025116
colin fletcher,0.24659757445316435
collin anglin,0.25783522097270817
collin hart,0.22076295875566504
colton smith,0.3060785900940988
connor matthews,0.24930589402191602
conor mcgregor,0.3422562491902663
corey anderson,0.354110938594432
cortavious romious,0.2376391375050624
cortney casey,0.2775076790764929
cory hendricks,0.2340350638585452
cory mckenna,0.21685122875957835
cory sandhagen,0.3214648751595356
costas philippou,0.30298792768742444
court mcgee,0.3473084906158459
craig white,0.26252411417756244
cris cyborg,0.3330756496619716
cristian quinonez,0.263868132412612
cristiano marcello,0.26161178953163633
cristina stanciu,0.2226784369850509
cub swanson,0.3375325011240137
cung le,0.2820031038816849
curt warburton,0.293510145540553
curtis blaydes,0.36271753540401286
curtis millender,0.3153668869187252
cynthia calvillo,0.2992781991761083
cyril asker,0.24779043509282658
cyrille diabate,0.293761169931336
da un jung,0.25851062737163943
da woon jung,0.30573664385908056
da'mon blackshear,0.2922983127655778
da-un jung,0.33800315612381415
daichi abe,0.27995370981421275
dakota bush,0.2438629454823605
dalcha lungiambula,0.2735940463792318
damacio page,0.2123254401795292
damarques johnson,0.2982299907212258
damian grabowski,0.24528366227062862
damian stasiak,0.2606729197812711
damien brown,0.2647031428486508
damir hadzovic,0.2744355730763497
damir ismagulov,0.273179578123644
damon jackson,0.30640964668605486
dan argueta,0.28223338481231125
dan hardy,0.31290855969362197
dan henderson,0.3550438811739681
dan hooker,0.3131670498008947
dan ige,0.3063217502791256
dan lauzon,0.23464659462124288
dan miller,0.31751154128665193
dan moret,0.26190664144907666
dan stittgen,0.21191590035138796
danaa batgerel,0.19550867844472916
daniel barez,0.2755565368286147
daniel cormier,0.38396208722181524
daniel jolly,0.21311656015085356
daniel kelly,0.33847010515514253
daniel lacerda,0.23996587822734086
daniel marcos,0.2533467206231907
daniel omielanczuk,0.2973761416516619
daniel pineda,0.2814640152548671
daniel roberts,0.2889837544635444
daniel rodriguez,0.298226728076876
daniel santos,0.2500231028185619
daniel sarafian,0.27497046099958533
daniel spitz,0.25040961717275545
daniel spohn,0.23609427501422042
daniel teymur,0.23565204375780513
daniel zellhuber,0.22938923631551167
danielle taylor,0.24734538781637416
danilo belluardo,0.21310126663774906
danilo marques,0.32134874080520254
danny barlow,0.2552013287406653
danny castillo,0.33159464486458734
danny chavez,0.23807994400776267
danny downes,0.24197026701943186
danny henry,0.30707917139337654
danny martinez,0.28568730344100146
danny mitchell,0.25873432164090565
danny roberts,0.2894131892411491
danny silva,0.2713688792588209
danyelle wolf,0.24971882480075164
daria zhelezniakova,0.23199677767395788
darian weeks,0.24809119314781225
darko stosic,0.2596511516699415
daron cruickshank,0.29727723331823824
darrell horcher,0.25384140420409695
darrell montague,0.2285949470428395
darren elkins,0.34248372459654897
darren stewart,0.24940902992591168
darren till,0.2973535324396203
darren uyenoyama,0.25527037723528523
darrick minner,0.2810938727853025
darrius flowers,0.2682291529470938
dashon johnson,0.21470422347941137
dave galera,0.23495100390931214
dave herman,0.2703080275895127
davey grant,0.27551333933270317
davi ramos,0.29927214067214325
david branch,0.3035650681410114
david dvorak,0.22062394897521564
david loiseau,0.2500159326908083
david michaud,0.27570335727498935
david mitchell,0.28981104273620734
david onama,0.24827814991698272
david teymur,0.31130189831899163
david zawada,0.30335528462475064
dean barry,0.18841455847889715
deiveson figueiredo,0.3448044741863062
delson heleno,0.2354887139720693
demetrious johnson,0.37384278113742975
demian maia,0.38174873927599134
denis tiuliulin,0.25495676791304345
denise gomes,0.23826586062393001
dennis bermudez,0.3520580568789615
dennis buzukja,0.23715224185507422
dennis hallman,0.31205052859142346
dennis siver,0.3277186529985666
denys bondar,0.2482273533394613
dequan townsend,0.20941431123712587
derek brunson,0.35936442201947905
deron winn,0.27316789731325086
derrick,0.271726583651579
derrick krantz,0.29034415459317126
derrick lewis,0.3386467488294097
desmond green,0.29234997421921494
devin clark,0.28531932426803075
devin powell,0.22807237026653257
devonte smith,0.25884774507037545
dhiego lima,0.2928948682740997
diana belbita,0.21683000044453551
diego brandao,0.2957088971480022
diego ferreira,0.3157973464823665
diego lopes,0.29558124389627416
diego nunes,0.2848690282496562
diego rivas,0.2505548744460827
diego sanchez,0.3738465623340955
dileno lopes,0.26134221103269106
dione barbosa,0.309106744555097
dmitrii smoliakov,0.21336417434940336
dmitry sosnovskiy,0.27337683186788553
domingo pilarte,0.24968222036114693
dominic waters,0.2796936469991385
dominick cruz,0.39746492670099465
dominick reyes,0.3202008589621003
dominique steele,0.2312396235864454
don madge,0.24768663624994663
don shainis,0.2670876446215503
don'tale mayes,0.26889262354745236
donald cerrone,0.3803154491221983
dong hyun kim,0.33811542790833227
dong hyun ma,0.2629947903075851
donghun choi,0.2470332068591447
dongi yang,0.2962031239125078
donny walker,0.22920557756026327
dooho choi,0.27981073513713095
douglas silva de andrade,0.2793303803874634
drakkar klose,0.28457335650011
drako rodriguez,0.2532297528103539
drew dober,0.30346309177589254
dricus du plessis,0.3613463814219225
duane ludwig,0.26710458840726115
duda santana,0.21413042491855777
dusko todorovic,0.25170482077856804
dustin hazelett,0.29974576972380385
dustin jacoby,0.2782840151561893
dustin kimura,0.25252181798044193
dustin neace,0.21386363542339387
dustin ortiz,0.3212517596593809
dustin pague,0.23334068783196066
dustin poirier,0.3582552786178592
dustin stoltzfus,0.29099520040220533
dwight grant,0.2713175963116411
dylan andrews,0.27763899246967944
dylan budka,0.2740833667173078
ed herman,0.3439143798205181
eddie alvarez,0.3400863954708963
eddie gordon,0.26732128118882653
eddie mendez,0.2278025738444983
eddie wineland,0.29570458911410435
eddie yagin,0.24797636930285893
edgar chairez,0.2453066891508367
edgar garcia,0.22955181162786817
edmen shahbazyan,0.3334164090361955
ednaldo oliveira,0.2346806643220273
edson barboza,0.3291661473405868
eduarda moura,0.3320110291640931
eduardo garagorri,0.2525959671170206
edward faaloloto,0.22358191566018337
edwin figueroa,0.2506613061356855
efrain escudero,0.294152141731862
eiji mitsuoka,0.27470542911301254
elias garcia,0.19765021061489893
elias silverio,0.3036840724227098
elias theodorou,0.3420184863185667
eliot marshall,0.30244899881345655
elise reed,0.20945685857206747
elizabeth phillips,0.2667028264102024
elizeu dos santos,0.3213980035334405
elizeu zaleski dos santos,0.3157311503819751
elves brener,0.2708808346259682
elvis mutapcic,0.26325224379227946
emil meek,0.3032282889820071
emily ducote,0.21939488546410735
emily peters kagan,0.24476669635726292
emily whitmire,0.21753310698335465
enrique barzola,0.3140418943975374
enrique marin,0.26035813995576557
eric schafer,0.316981943328942
eric shelton,0.2634633475822331
eric spicely,0.2525512392956589
eric wisely,0.23333754344098034
erick gonzalez,0.3002423549788149
erick montano,0.2715633639109794
erick silva,0.2876322576960048
ericka almeida,0.22951914961153988
erik koch,0.2734225757511948
erik perez,0.2955877313054843
erik silva,0.30024647331482224
erin blanchfield,0.28865551412830304
ernest chavez,0.25451758253665857
ernesta kareckaite,0.23730230309684427
eryk anders,0.3032055333375758
esteban ribovics,0.24810788668710287
estevan payan,0.24492766917689207
evan dunham,0.3574024057153893
evan elder,0.21809274275362006
fabio cherant,0.22251524074374934
fabio maldonado,0.3433563711083909
fabricio camoes,0.2844751241142783
fabricio werdum,0.37316698891398614
fares ziam,0.23427765919920684
farid basharat,0.276272272930599
fatima kline,0.22544157852607033
felice herrig,0.2973486776399115
felicia spencer,0.27857662165763686
felipe arantes,0.26744091513803503
felipe bunes,0.29000687156170774
felipe colares,0.25902805003537793
felipe dos santos,0.2271277487314412
felipe lima,0.24717483387730443
felipe olivieri,0.24153778857786398
felipe silva,0.2630628966531393
feng xiaocan,0.26165449641423993
fernando bruno,0.2883177846968277
fernando padilla,0.24916657226506156
fernie garcia,0.23766228661755595
filip pejic,0.21284141610530652
forrest griffin,0.3750958410476006
forrest petz,0.265522533517974
francimar barroso,0.2917286860181273
francis carmont,0.32388905012865105
francis marshall,0.25681378740650995
francis ngannou,0.33120665991757237
francisco figueiredo,0.23510935828013363
francisco prado,0.22009822523474173
francisco rivera,0.29916598478644707
francisco trevino,0.2712539204736174
francisco trinaldo,0.324872335672339
frank camacho,0.31321134574732606
frank mir,0.3699519683856436
frankie edgar,0.42531223904393445
frankie perez,0.26819703712688214
frankie saenz,0.3180931322146938
fredson paixao,0.22043980859059645
fredy serrano,0.2806199272933335
gabe green,0.24461610336640832
gabe ruediger,0.28269370344003614
gabriel benitez,0.2889228076727192
gabriel bonfim,0.3267279758325643
gabriel gonzaga,0.3347092611520833
gabriel miranda,0.30412128197330734
gabriel santos,0.28892892177443685
gabriel silva,0.21265499532619414
gabriella fernandes,0.22339376397733154
gadzhi omargadzhiev,0.29167806037584404
gadzhimurad antigulov,0.31641847978792853
gaetano pirrello,0.21414037284531948
galore bofando,0.2953352870560573
garett whiteley,0.21499626739685526
garreth mclellan,0.27485661627505853
garrett armfield,0.23047002444381656
gasan umalatov,0.26844949713488664
gaston bolanos,0.2150291716666436
gavin tucker,0.2861055595454297
geane herrera,0.24508445207473095
gegard mousasi,0.3147845338853925
genaro valdez,0.26816335100479366
geoff neal,0.3112117668038097
george roop,0.2783515164864254
george sotiropoulos,0.3588444823395299
george sullivan,0.32327706402666034
georges st-pierre,0.5112055189850575
gerald harris,0.27474757712847125
gerald meerschaert,0.32757475760777105
geraldo de freitas,0.24974963486490467
germaine de randamie,0.2924198893294887
gian villante,0.3021082538166002
giga chikadze,0.28015703779293366
gilbert burns,0.3357923484541066
gilbert melendez,0.3284241945916167
gilbert smith,0.22923877993616368
gilbert urbina,0.27973178244221963
gilbert yvel,0.22315736136978645
gillian robertson,0.2801541791296742
gina mazany,0.2513187915902927
glaico franca,0.3331252540562826
gleison tibau,0.34309515769218885
gloria de paula,0.1930535735437249
glover teixeira,0.37938395672462777
godofredo pepey,0.27595729077760967
gokhan saki,0.2894490767790549
goran reljic,0.3056496501719894
grant dawson,0.3515110434873511
gray maynard,0.3648080021687182
greg hardy,0.26852469875342777
greg soto,0.2667725652738189
gregor gillespie,0.36677962038948875
gregory rodrigues,0.30479317941974843
grigorii popov,0.2419430490698431
guido cannetti,0.27449819307251067
guilherme vasconcelos,0.2261988162094393
gunnar nelson,0.3160394222034001
guram kutateladze,0.22896242854010557
gustavo lopez,0.21926080494690237
guto inocente,0.2620056076214633
hacran dias,0.30603891873136124
hailey cowan,0.20784853777952783
hakeem dawodu,0.25976126096454727
hannah cifers,0.21348285742556555
hannah goldy,0.2170938801304571
hans stringer,0.28207235997801955
harry hunsucker,0.2390577522459298
hatsu hioki,0.3051375095917084
hayder hassan,0.20945313981647373
heather jo clark,0.28029973509797274
hector aldana,0.23666168922720482
hector lombard,0.3135726001334004
hector sandoval,0.2574475136528087
hector urbina,0.27744466896516007
heili alateng,0.27336468863786156
henrique da silva,0.28648186015009786
henry briones,0.29654591305477596
henry cejudo,0.3381046154488078
henry martinez,0.25910407674799796
herbert burns,0.3340910902231351
hernani perpetuo,0.25314514516872033
holly holm,0.31528353768585243
horacio gutierrez,0.21635754464274434
hu yaozong,0.22642059550379093
hugo viana,0.273993373706067
humberto bandenay,0.23123206588468062
humberto brown,0.2248875736992325
hunter azure,0.27323093643703344
hyder amil,0.27559500201338144
hyun gyu lim,0.31197868479490154
hyunsung park,0.30764935740770694
ian entwistle,0.2348393457557971
ian garry,0.2410675791085673
ian heinisch,0.29013178709387055
ian loveland,0.22326358608383667
ian machado garry,0.2974462756515378
ian mccall,0.31692982389989166
iasmin lucindo,0.21607719205365833
ibo aslan,0.2506770545865289
ignacio bahamondes,0.27101155713570857
igor araujo,0.2920303204141619
igor pokrajac,0.2829223172275104
igor severino,0.3531400018520276
ihor potieria,0.26791731185093476
ike villanueva,0.2193949714495262
ikram aliskerov,0.3418640922988546
ildemar alcantara,0.2910613493305456
ilia topuria,0.32176284586855697
iliarde santos,0.24978796664454006
ilir latifi,0.29729202381165043
impa kasanganay,0.2304607118670638
ion cutelaba,0.3013635580003785
irene aldana,0.29035955236626954
irina alekseeva,0.25173897595830397
irwin rivera,0.19285057549106713
isaac dulgarian,0.31097572629516224
isaac vallie-flagg,0.3097618166049416
isabela de pauda,0.27292772516010644
islam makhachev,0.3438410468196999
ismael bonfim,0.26506823166352717
ismail naurdiev,0.25035704783847246
israel adesanya,0.3565264752315625
issei tamura,0.2561060113523999
istela nunes,0.19931979048021953
iuri alcantara,0.3035811056942544
ivan erslan,0.23256308363415693
ivan jorge,0.3019371715438245
ivan menjivar,0.2662091237375296
ivana petrovic,0.2663305092338286
izabela badurek,0.20547356271776895
jacare souza,0.36246928870499484
jack della maddalena,0.2931301746729714
jack hermansson,0.3274875264080488
jack jenkins,0.26071061286866853
jack marshman,0.2760077477007826
jack may,0.24861108844460708
jack shore,0.32413780623362737
jacob kilburn,0.1794476375258487
jacob malkoun,0.30728189048553
jacob volkmann,0.2874363486890036
jacqueline cavalcanti,0.22157856700710749
jafel filho,0.31070749839144607
jai herbert,0.24882497754076638
jailton almeida,0.41672424142781817
jairzinho rozenstruik,0.3126527934908474
jake collier,0.2687581170911074
jake ellenberger,0.3295038613549381
jake hadley,0.25962473517665985
jake hecht,0.2664460623897926
jake lindsey,0.2252624555965567
jake matthews,0.3116801282780446
jake shields,0.3472539686038823
jalin turner,0.29210084781734735
jamahal hill,0.26494378920367156
jamal pogues,0.2791903563446047
jamall emmers,0.25726494059954674
james bochnovic,0.22425921702658963
james hammortree,0.22707134437204177
james head,0.25923485487917297
james irvin,0.2442718317685606
james krause,0.32517724359962197
james llontop,0.2067163399602918
james mcsweeney,0.2909011056221224
james moontasri,0.25801940944787893
james mulheron,0.2272459483045477
james te huna,0.33849196948221727
james toney,0.2989018903555453
james vick,0.33146303268485
james wilks,0.31739405663082604
jamey simmons,0.20171279725797644
jamey-lyn horth,0.22683584079644642
jamie moyle,0.276187611646323
jamie mullarkey,0.28122175145619976
jamie pickett,0.26732279479710686
jamie varner,0.3231356474863932
jamie yager,0.2249657894656625
jan blachowicz,0.3256927541432686
jaqueline amorim,0.30352608733191466
jared cannonier,0.30008049347512106
jared gooden,0.2171408777672535
jared gordon,0.3089077972071058
jared hamman,0.2707369554290797
jared papazian,0.22552904913247146
jared rosholt,0.29175661243532625
jared vanderaa,0.2486318534142591
jarjis danho,0.2617759110086342
jarno errens,0.22079687508308493
jarred brooks,0.2541167357714867
jasmine jasudavicius,0.26516583350749534
jason brilz,0.3274045422243729
jason gonzalez,0.22679016457085616
jason high,0.24982256242457926
jason knight,0.3228094104879762
jason macdonald,0.3097690201390043
jason miller,0.28587687024959096
jason novelli,0.2792394684081486
jason reinhardt,0.18846854484559775
jason saggo,0.29787402997605694
jason witt,0.3097858444658278
jason young,0.2627711271042228
javid basharat,0.27918636902062516
javier vazquez,0.26686320727878643
jay cucciniello,0.2232876087814286
jay hieron,0.30404869489060615
jay perrin,0.23877396590579728
jc cottrell,0.24719090385512194
jean matsumoto,0.24867639998272995
jean silva,0.2612111517784858
jeff curran,0.22701671506495813
jeff hougland,0.27140719518986894
jeff hughes,0.2543454510896499
jeff molina,0.19289884021900486
jeka saragih,0.27385409807926464
jenel lausa,0.2354371527304031
jennifer maia,0.2553875811874636
jeongyeong lee,0.2947481802272313
jeremiah wells,0.3198057563988049
jeremy kennedy,0.28145274803495685
jeremy kimball,0.2318572955648254
jeremy larsen,0.22133723163276176
jeremy stephens,0.3175637393009712
jerome rivera,0.18793606606656166
jerrod sanders,0.2520851395143339
jessamyn duke,0.31661258541818427
jesse bongfeldt,0.3020568902152264
jesse butler,0.23091574863109057
jesse forbes,0.21834063551555932
jesse lennox,0.26394900554978223
jesse ronson,0.23585746363767662
jesse strader,0.24405357202639147
jesse taylor,0.22628000533122775
jessica aguilar,0.27147539097826534
jessica andrade,0.32166632638930515
jessica eye,0.28803742618691275
jessica penne,0.29622862829934904
jessica rakoczy,0.232607273980251
jessica-rose clark,0.2734521528109405
jessin ayari,0.24706214051503084
jesus aguilar,0.26641186152954366
jesus pinedo,0.31288179082446105
jhonata diniz,0.3027092782761842
ji yeon kim,0.2438955980548309
jianping yang,0.20846192183796938
jim alers,0.25377333257392365
jim crute,0.28488481148529843
jim miller,0.3697009643115028
jimi manuwa,0.3226483927318172
jimmie rivera,0.3093451838326656
jimmy crute,0.33071049660673224
jimmy flick,0.31336154839329755
jimmy quinlan,0.22110482924462266
jimmy wallhead,0.23667544726998577
jimy hettes,0.3155343988810775
jin soo son,0.23492614823292876
jinh yu frey,0.22737452261607494
jiri prochazka,0.3168048499371974
jj aldrich,0.2468626564059593
joachim christensen,0.2968121101482577
joanderson brito,0.2669852836809841
joanna jedrzejczyk,0.37405488548284965
joanne calderwood,0.3031439477197233
joanne wood,0.2860240936543145
joao zeferino,0.23510505434461704
joaquim silva,0.2729886577298761
joaquin buckley,0.28558523028541294
joby sanchez,0.24001559168643058
jocelyn jones-lybarger,0.24970472889779324
jodie esquibel,0.2574601650833235
joe brammer,0.19943007001213212
joe doerksen,0.300568692479673
joe duffy,0.28829544594035666
joe ellenberger,0.2595906477058065
joe giannetti,0.2180155101537928
joe gigliotti,0.22338306829724097
joe lauzon,0.33221139071634853
joe merritt,0.25797624534932595
joe proctor,0.2811867702215103
joe pyfer,0.2991784862579977
joe riggs,0.27311720588931343
joe solecki,0.30581367250436203
joe soto,0.28992090529724623
joe stevenson,0.30094680436490445
joel alvarez,0.28013858372033873
joey beltran,0.3053425033077955
joey gambino,0.2336410707502573
joey gomez,0.2523700870892054
john albert,0.2362122478865914
john alessio,0.27854026881871385
john allan,0.2619831564273671
john castaneda,0.2688866521808507
john cholish,0.312531903917733
john cofer,0.23398770120677162
john dodson,0.3129201523137881
john gunderson,0.26379395312485465
john gunther,0.2998360012451925
john hathaway,0.357823533438158
john howard,0.30888232925095604
john lineker,0.3246481964554744
john maguire,0.279534658543754
john makdessi,0.28973397366649434
john moraga,0.3094528110823386
john phillips,0.21897882990451056
john salter,0.25843270561027204
john teixeira,0.21346764151465278
johnny bedford,0.3082415737872942
johnny case,0.28491093030199377
johnny eduardo,0.2697618108105928
johnny munoz,0.2647888838639204
johnny walker,0.31037227058333927
johny hendricks,0.3852079309239861
jon delos reyes,0.2411024935392077
jon fitch,0.4035937308698236
jon jones,0.390002961085567
jon madsen,0.26309621616898854
jon manley,0.2269369813916604
jon olav einemo,0.2921136664816391
jon tuck,0.2957924492455897
jonathan brookins,0.2855575643409447
jonathan goulet,0.2943315504241768
jonathan martinez,0.26481183487747006
jonathan meunier,0.2668618466006772
jonathan pearce,0.3429119730439667
jonathan wilson,0.24652359202136429
jonavin webb,0.25785260011726535
jonny parsons,0.23078171010986034
jordan espinosa,0.25159201329111264
jordan griffin,0.2517521596592
jordan johnson,0.30297687838269804
jordan leavitt,0.3026490446466261
jordan mein,0.28871501833787894
jordan rinaldi,0.30370337416580306
jordan vucenic,0.2005570803018815
jordan williams,0.2283933599263155
jordan wright,0.25933254663659233
jorge de oliveira,0.2216984244714747
jorge lopez,0.2528137234772363
jorge masvidal,0.34286882499843285
jorge rivera,0.3154937502618249
jorge santiago,0.2771302250035586
jose aldo,0.4219954464058706
jose daniel medina,0.23985637377551283
jose johnson,0.2457559817510795
jose maria,0.23889751833531264
jose ochoa,0.2158877708929262
jose quinonez,0.2871104732651366
jose torres,0.2779282278987956
josefine knutsson,0.21416461013598445
joselyne edwards,0.2287546004392263
joseph benavidez,0.3548855198883867
joseph holmes,0.2834936643551984
joseph morales,0.24430588775123946
joseph sandoval,0.18636164660449284
josh barnett,0.3524451936639287
josh bryant,0.22888260951567696
josh clopton,0.27837947675583063
josh copeland,0.26736351311502565
josh culibao,0.24606786764634178
josh emmett,0.32277883536021956
josh ferguson,0.22953567998008384
josh fremd,0.25792299335053137
josh grispi,0.2389900152379138
josh koscheck,0.3602532904290321
josh neer,0.2965653867226078
josh parisian,0.2797241973144072
josh quinlan,0.2358734318329996
josh samman,0.2983180670051796
josh shockley,0.21984629464524277
josh stansbury,0.24291283945687125
josh thomson,0.3188469978388497
joshua burkman,0.3161589405401173
joshua culibao,0.19034800675308952
joshua sampo,0.25446897316125583
joshua van,0.2301070770294601
joshua weems,0.27027088618913797
josiane nunes,0.2283964251132649
journey newson,0.22011126112732005
jp buys,0.25796115099654826
juan adams,0.25978379926422007
juan espino,0.39751503698019364
juan puig,0.21707512708193297
juancamilo ronderos,0.23006216903145765
julia avila,0.24516256583991458
julia polastri,0.2571044697225987
julian erosa,0.28198830856350926
julian marquez,0.28824756343739505
juliana lima,0.2561969767551421
juliana miller,0.23146530099950183
julianna pena,0.31119827427307295
julie kedzie,0.23304693849537797
julija stoliarenko,0.23056539111501775
julio arce,0.27401930008184017
julio paulino,0.2556363471062453
jumabieke tuerxun,0.24895453713649068
jun yong park,0.20742106483196635
junior albini,0.2796154593651429
junior assuncao,0.26061176785477025
junior dos santos,0.38955781134588296
junior hernandez,0.23107536980381088
junior tafa,0.22800178610778962
junyong park,0.28397503346468256
jussier formiga,0.28964560538465023
justin edwards,0.3139939308012386
justin frazier,0.22552834737762792
justin gaethje,0.3230662357083874
justin jaynes,0.2434299467595549
justin jones,0.2584741444358397
justin lawrence,0.30005592888260046
justin ledet,0.28915424669663004
justin salas,0.3056029999840316
justin scoggins,0.2881504399622936
justin tafa,0.23460678888572356
justin willis,0.30819516400705727
justine kish,0.27033160037606074
kaan ofli,0.17495429564492695
kai asakura,0.2390707402966246
kai kamaka,0.24220636165962328
kai kara france,0.2316256674280754
kai kara-france,0.2623382639262003
kailin curran,0.24555711674081443
kajan johnson,0.32220996309569727
kalindra faria,0.20062105579613831
kalinn williams,0.2287444616364981
kamal shalorus,0.26592505162366414
kamaru usman,0.40601558196195137
kamuela kirk,0.2585834915504227
kanako murata,0.22758911601819265
karine gevorgyan,0.21094526002474318
karine silva,0.3238545645522707
karl roberson,0.27326317059325966
karl williams,0.316119927084467
karlos vemola,0.2739742126845568
karo parisyan,0.33618044916723433
karol rosa,0.24474534369958384
karolina kowalkiewicz,0.3048685088428844
katlyn cerminara,0.30984536612425884
katlyn chookagian,0.27826293233349997
katsunori kikuno,0.27765832513071814
kaue fernandes,0.20641514442813083
kay hansen,0.24875577422956147
kayla harrison,0.3201370280432623
kaynan kruschewsky,0.301063018831618
kazuki tokudome,0.25539072012563413
kazula vargas,0.20723728374179068
kb bhullar,0.21584164121504285
keita nakamura,0.3031105602781178
keith berish,0.18391920561899736
keith jardine,0.334254850987636
keith wisniewski,0.25311106055227955
kelly faszholz,0.2349247741141875
kelvin gastelum,0.3240586614267624
ken stone,0.23959791017171045
kendall grove,0.32355307889486234
kennedy nzechukwu,0.2893087433552314
kenny florian,0.3725526632691172
kenny robertson,0.2767397182814698
ketlen souza,0.22252020798221683
ketlen vieira,0.28769832067528983
kevin aguilar,0.2612176251298507
kevin borjas,0.21438609705694747
kevin casey,0.2677696305652453
kevin croom,0.27677085938499185
kevin ferguson,0.32249476899768525
kevin holland,0.3087170657857365
kevin jousset,0.29506645965434236
kevin lee,0.35715028877710386
kevin natividad,0.21845394972285279
kevin souza,0.289300946618403
khabib nurmagomedov,0.3813410657544529
khadis ibragimov,0.2346743819652849
khalid murtazaliev,0.27111720172582926
khalid taha,0.22909710670896916
khalil rountree jr.,0.2587840331462897
khama worthy,0.24848799105005176
khamzat chimaev,0.371760356957629
khaos williams,0.27101900890442776
khusein askhabov,0.19122088406522877
kiefer crosbie,0.20453436243445225
kiichi kunimoto,0.2843396540830394
king green,0.3516982579124646
kiru sahota,0.27040964077309
kj noons,0.25966506638917053
klaudia sygula,0.1967565073606015
kleydson rodrigues,0.23246724657887927
klidson abreu,0.2426854889592532
konstantin erokhin,0.24108434854710914
kris mccray,0.22793936639408646
kris moutinho,0.21848660599332786
kron gracie,0.2703768585386538
krzystof jotko,0.24961865313379347
krzysztof jotko,0.2975357926502018
krzysztof soszynski,0.3120400158603289
kurt holobaugh,0.26819401121438124
kurt pellegrino,0.33016714884374565
kwan ho kwak,0.2327998058360966
kyle bochniak,0.26701026724038857
kyle daukaus,0.2935101926869531
kyle kingsbury,0.3280977612676006
kyle nelson,0.2622520956963641
kyle noke,0.3152455934152946
kyle prepolec,0.22642815673229547
kyle stewart,0.245254103697414
kyle watson,0.2906727124249203
kyler phillips,0.29047923918281277
kyoji horiguchi,0.2916209110667934
kyung ho kang,0.3026130964124939
lance benoist,0.26877063646452454
lando vannata,0.2696750990803428
landon quinones,0.23163810275062235
lara procopio,0.20704403621695083
larissa pacheco,0.2186672794373048
laureano staropoli,0.24643675667422413
lauren mueller,0.25501555202687154
lauren murphy,0.2771100713889745
lavar johnson,0.32683934695726224
leah letson,0.21756589481267435
leandro issa,0.2865528717988236
leandro silva,0.27591776187608297
leo kuntz,0.22515217726136555
leon edwards,0.3186708727529468
leonard garcia,0.25889105884895547
leonardo augusto leleco,0.24927791800348797
leonardo mafra,0.23244608588301466
leonardo morales,0.20395875207233494
leonardo santos,0.32441889881919106
lerone murphy,0.2946569077301423
leslie smith,0.25888091575731353
levan makashvili,0.2918665236108548
lewis gonzalez,0.23846492127506927
li jingliang,0.30798160076949266
liana jojua,0.22115340616232665
liang na,0.23166227995248545
liliya shakirova,0.20761561921865984
lina lansberg,0.2582966551797321
lisa ellis,0.20909756718862393
liu pingyuan,0.24889412150377105
liudvik sholinian,0.22547853501611625
livinha souza,0.2665601143225673
liz carmouche,0.2695423767747579
loik radzhabov,0.29154427632173596
loma lookboonmee,0.22883993733547847
lone'er kavanagh,0.210236450785429
loopy godinez,0.2706311767925742
lorenz larkin,0.2829473557848492
louis cosce,0.24990415974260494
louis gaudinot,0.2553245309175768
louis smolka,0.31896585505742436
luan chagas,0.2619359357041403
luan lacerda,0.23218413999872733
luana carolina,0.2301104044209884
luana pinheiro,0.30029892131791214
luana santos,0.26758843577004204
lucas alexander,0.21747157342081327
lucas almeida,0.24673759608167756
lucas martins,0.2774277274304362
lucas rocha,0.2587062651885362
luci pudilova,0.246664913462029
lucie pudilova,0.2501876691735546
lucio linhares,0.3012487579459442
ludovit klein,0.26405944159473166
luigi vendramini,0.2365207874003245
luis henrique,0.26080198537795907
luis pajuelo,0.25376320790888074
luis pena,0.2725852194105556
luis ramos,0.22679819995647843
luis saldana,0.2503869779066336
luiz cane,0.28963327501999403
luiz dutra,0.2108058717439371
luiz garagorri,0.20856978742759316
lukasz brzeski,0.277267473637336
lukasz sajewski,0.2207230894628034
luke barnatt,0.3420328558654679
luke jumeau,0.24868601218315728
luke rockhold,0.33136706628464657
luke sanders,0.2795654139405567
luke zachrich,0.25609365887346397
lyman good,0.3134777010152929
lyoto machida,0.39349071499777444
mac danzig,0.3099888353201732
maciej jewtuszko,0.23166084584686436
mackens semerzier,0.2652832587406332
mackenzie dern,0.2820229335798497
macy chiasson,0.2929627564663988
mads burnell,0.22587849169473206
magnus cedenblad,0.27483939432838467
magomed ankalaev,0.2963480935823267
magomed bibulatov,0.2625784946795935
magomed gadzhiyasulov,0.2761287495554352
magomed mustafaev,0.2451438345505708
maheshate,0.23408848634755275
maia stevenson,0.2214915562313692
maiquel falcao,0.28476384838653945
mairbek taisumov,0.2924282922040149
mairon santos,0.17195026645827366
makhmud muradov,0.27863354675610075
maki pitolo,0.23673001011089528
makwan amirkhani,0.31930027146232054
malcolm gordon,0.24290230352408435
mallory martin,0.24945452555615044
mana martinez,0.235350135289765
mandy bohm,0.2225149726843239
manel kape,0.24039335326604355
manny bermudez,0.31473072151788195
manolo zecchini,0.17136453515280362
manon fiorot,0.2843737580864305
mansur abdul-malik,0.27326539289494706
manuel rodriguez,0.21631980919269336
manuel torres,0.31746951157452363
manvel gamburyan,0.30050914571043374
mara romero borella,0.2486322510951437
marc diakiese,0.2878047467638182
marc-andre barriault,0.2593291598405627
marcel fortuna,0.2745204630909107
marcelo golm,0.2515872828413461
marcelo guimaraes,0.2970939354376762
marcelo rojo,0.23376865266613417
marcin bandel,0.2073800001562101
marcin held,0.2511800038712369
marcin prachnio,0.23526762063517873
marcin tybura,0.32105450882095193
marcin wrzosek,0.2198488146527806
marcio alexandre junior,0.24684769011484126
marco beltran,0.2457045048684392
marco polo reyes,0.2555921810340275
marcos mariano,0.250653891487503
marcos rogerio de lima,0.29001020570815916
marcos vinicius,0.2638348395230076
marcus brimage,0.2838881477730015
marcus davis,0.3402345690218396
marcus levesseur,0.24186875966937246
marcus mcghee,0.29056590062028015
maria oliveira,0.20979583284975925
marina rodriguez,0.27088690247719266
mario bautista,0.2745871594624698
mario miranda,0.2921052441942147
marion reneau,0.3024430458021585
mariya agapova,0.2419075294178724
mark bocek,0.32733846684300355
mark de la rosa,0.2268809973805323
mark eddiva,0.2812318794643536
mark godbeer,0.24802995547606382
mark holst,0.2190343845308309
mark hominick,0.2675420233391921
mark hunt,0.3282117330662332
mark madsen,0.3622131402631641
mark munoz,0.33857407141922663
mark scanlon,0.21814047373525136
mark striegl,0.22948021518773587
markus perez,0.2608824076725109
marlon moraes,0.3004932857920697
marlon vera,0.30054529558653365
marnic mann,0.22627721916139165
marquel mederos,0.22162447400059826
martin bravo,0.2541935223227386
martin buday,0.28152055392535336
martin day,0.24679474624501993
martin kampmann,0.34386519809081134
martin sano,0.22986537831154003
martin svensson,0.22857825814845406
marvin vettori,0.2999123400178035
maryna moroz,0.2637290624885655
masanori kanehara,0.27994601525739904
masio fullen,0.24020383906511508
mason jones,0.21795355209340578
mateus mendonca,0.29463476936998134
mateusz gamrot,0.34490910542000447
mateusz rebecki,0.32141690039323456
matheus nicolau,0.29038381687989345
mats nilsson,0.2546481612435222
matt bessette,0.2631026058669013
matt brown,0.35760644445039025
matt dwyer,0.23827485036347032
matt frevola,0.3006224680399635
matt grice,0.24727892840092375
matt hamill,0.3490326665223985
matt hobar,0.24745248826000493
matt hughes,0.42784879720843416
matt lucas,0.24243135272532762
matt mitrione,0.335799882707173
matt sayles,0.23889226375407263
matt schnell,0.27856854254683794
matt serra,0.32261657426368906
matt van buren,0.21363469958298759
matt veach,0.2863468864017515
matt wiman,0.32891565891259755
matthew lopez,0.2988902523422617
matthew riddle,0.3181059633888059
matthew semelsberger,0.2698931925871786
maurice greene,0.2872274427868783
mauricio rua,0.37501699751606277
mauricio ruffy,0.26318503674279053
max griffin,0.2914292647461476
max holloway,0.366134307953197
max rohskopf,0.1967696880161481
maxim grishin,0.25650528643189413
maximo blanco,0.2771075890517797
maycee barber,0.285065299531432
mayra bueno silva,0.28621587515137814
megan anderson,0.24858116581428097
mehdi baghdad,0.24766798141643784
melinda fabian,0.25286184034858705
melissa gatto,0.27843109160811463
melissa martinez,0.1873019204135442
melissa mullins,0.23284130247946005
melquizael costa,0.2705511841926403
melsik baghdasaryan,0.23169511277084967
melvin guillard,0.3089190829850215
merab dvalishvili,0.3624708018246981
michael bisping,0.39568198126277954
michael chandler,0.3395097835881905
michael chiesa,0.33629356216270867
michael graves,0.2675290139965592
michael johnson,0.31241343705949054
michael kuiper,0.26024972947888236
michael mcbride,0.2645255623148991
michael mcdonald,0.3116817046019137
michael morales,0.2845777829210754
michael page,0.26857485326772124
michael trizano,0.25713124444340085
michal figlak,0.22287737950778536
michal oleksiejczuk,0.2914800136587018
micheal gillmore,0.19652098651002078
michel batista,0.2342863651922285
michel pereira,0.284370001625039
michel prazeres,0.32881464918677183
michel quinones,0.23819713853506383
michelle waterson,0.30459765289261975
michelle waterson-gomez,0.3053083319432658
michihiro omigawa,0.25123472802008223
michinori tanaka,0.2544023608126339
mick parkin,0.3040799469828783
mickael lebout,0.25138791989905096
mickey gall,0.2962556650958048
miesha tate,0.32012813404439816
miguel baeza,0.29460785924899924
miguel torres,0.30197752942026584
mike breeden,0.24656497607740507
mike brown,0.2632128325132237
mike davis,0.26030730453125545
mike de la torre,0.2682914103968997
mike easton,0.277825266302707
mike grundy,0.3095027905635256
mike guymon,0.2747740852318371
mike jackson,0.21944797966212046
mike king,0.23316282308091948
mike lullo,0.21585703627781758
mike malott,0.33383854290086284
mike massenzio,0.28206158859031033
mike perry,0.2933920072788533
mike pierce,0.33047123331026196
mike pyle,0.33856032935376845
mike rhodes,0.28075189883356844
mike ricci,0.24516551308554863
mike rio,0.281192079401249
mike rodriguez,0.2662594503489474
mike russow,0.3354133172200549
mike santiago,0.23871030470133991
mike stumpf,0.2267394996294076
mike swick,0.33472197756888
mike wilkinson,0.283182814804844
milana dudieva,0.22998319924507438
miles johns,0.2444541609313707
milton vieira,0.2382611606724465
minotauro nogueira,0.34910712897069107
miranda granger,0.19931531832762317
miranda maverick,0.25366997749435327
mirko cro cop,0.30106240673656626
mirsad bektic,0.30496603632507446
misha cirkunov,0.3504450130472558
mitch clarke,0.2805572913306974
mitch gagnon,0.2827335714877265
mitch ramirez,0.23705866910234974
mitch raposo,0.23973675370477465
mizuki,0.21331256442592159
mizuki inoue,0.19835806142505027
mizuto hirota,0.2870465942093148
modestas bukauskas,0.25259476877842
mohammad yahya,0.22399036438527486
mohammed usman,0.2709105987510693
molly mccann,0.2527508381827079
montana de la rosa,0.29733612317001723
montel jackson,0.2914307712884656
montserrat conejo,0.26949890640067736
montserrat conejo ruiz,0.21633255883613775
montserrat rendon,0.24540665315952176
morgan charriere,0.2745564036985225
mostapha al-turk,0.2458442949370865
motonobu tezuka,0.243251203646679
mounir lazzez,0.24859943106597532
movsar evloev,0.3119001908044413
muhammad mokaev,0.3256655134639693
muhammad naimov,0.25874862595838105
muin gafurov,0.2560909842512294
muslim salikhov,0.2855562770862745
myktybek orolbai,0.3569816122164373
myles jury,0.31898910677676245
na liang,0.2555479944126487
nad narimani,0.2870059649176522
nadia kassem,0.26438011302384257
nah-shon burrell,0.27421525420138304
nam phan,0.3075500410971159
nandor guelmino,0.24770415510399005
naoki inoue,0.253589607624366
naoyuki kotani,0.2402938297489327
nasrat haqparast,0.2510387470830878
nassourdine imavov,0.2922134693531285
natalia silva,0.24588900950144604
natan levy,0.2921234512365375
nate diaz,0.37462089764545226
nate landwehr,0.26292931538702974
nate maness,0.26304256932062153
nate marquardt,0.35535992392296334
nate quarry,0.3307926589952395
nathan coy,0.2603403115699975
nathan fletcher,0.29648626988011595
nathaniel wood,0.28863022342753264
nazareno malegarie,0.22048701209819585
nazim sadykhov,0.2674212125689465
neil magny,0.3611314353628785
neil seery,0.29963826137574784
nicco montano,0.24287895410425436
nick aguirre,0.22330462115078464
nick catone,0.2979604917027715
nick denis,0.26004053422137907
nick diaz,0.3777488506568165
nick fiore,0.24846604497651031
nick hein,0.28149298742972684
nick maximov,0.2816759339078086
nick osipczak,0.30043739946831094
nick pace,0.2884335339506598
nick penner,0.23314097307244655
nick ring,0.3278199761738112
nick roehrick,0.26556937235493866
nico musoke,0.2987727529359282
nicolae negumereanu,0.26327407268227243
nicolas dalby,0.288991251198972
nik lentz,0.36422587686069713
nikita krylov,0.3155297839630672
niklas backstrom,0.2602400140732712
niklas stolze,0.21041551434949235
niko price,0.3091524076078378
nikolas motta,0.22866905355729142
nikolay veretennikov,0.25033731364367096
nina ansaroff,0.2948409584797768
nina nunes,0.27425708052748593
ning guangyou,0.29172859646574845
noad lahat,0.28155977774591556
nohelin hernandez,0.21640931806157965
nolan ticman,0.20783495255243523
nora cornolle,0.23906847507068024
nordine taleb,0.3235085734135288
norifumi yamamoto,0.2155261542903605
norma dumont,0.26795651068249715
norman parke,0.3224428289636459
nursulton ruziboev,0.29289904265952404
nurullo aliev,0.28756654615107274
nyamjargal tumendemberel,0.30196308776218533
oban elliott,0.2485791974012762
ode obsourne,0.3062919903600862
ode osbourne,0.26419750073072173
oli thompson,0.24629403491180307
oliver enkamp,0.279542521271695
olivier aubin-mercier,0.3217162046758766
oluwale bamgbose,0.2564212897272703
omar antonio morales ferrer,0.23509370595067208
omar morales,0.2659744670575549
omari akhmedov,0.3063888042408136
orion cosce,0.252902872761938
oskar piechota,0.267760296888204
ottman azaitar,0.25871588976538135
oumar sy,0.3033196883862122
ovince saint preux,0.33782217473237597
ozzy diaz,0.2559637719013974
pablo garza,0.2738269680709256
paddy holohan,0.27826988052672497
paddy pimblett,0.3116894466692208
paige vanzant,0.31539125201323903
pannie kianzad,0.2492400468402552
papy abedi,0.24734442183337063
parker porter,0.2631337332756565
pascal krauss,0.3083942549072381
pat audinwood,0.21681361433493324
pat barry,0.2732482411214625
pat healy,0.3223326661984909
pat sabatini,0.3081455313967929
pat schilling,0.1781565118403352
patrick cote,0.32300293803825264
patrick cummins,0.3453982607157817
patrick walsh,0.2663519235363199
patrick williams,0.24829728268408205
paul bradley,0.2585598016813801
paul buentello,0.32772835860535027
paul craig,0.3256195575037671
paul daley,0.3073653394990409
paul felder,0.30756954409993875
paul kelly,0.27278145647662805
paul redmond,0.2549636915272294
paul sass,0.2924868617197933
paul taylor,0.2790878896816611
paulo costa,0.30447672228777245
paulo thiago,0.29998560174183214
pawel pawlak,0.2277146502684662
payton talbott,0.23402858322514483
pearl gonzalez,0.253730587122885
pedro falcao,0.30340610171440463
pedro munhoz,0.30853033521707185
peggy morgan,0.2316675772392839
pete rodriguez,0.22449492343090846
peter barrett,0.3012093221109407
peter sobotta,0.28663847788236674
peter yan,0.3094251775872684
petr yan,0.3253290768533722
phil baroni,0.2954817439937759
phil davis,0.3490773594907929
phil harris,0.2412085981288022
phil hawes,0.3102902912600622
phil rowe,0.3056713197743379
philip de fries,0.2729498772094215
philip rowe,0.2438245276541523
philipe lins,0.2575631293197509
phillip hawes,0.26600581420017283
phillipe nover,0.28355821586725083
piera rodriguez,0.26485937479013894
piotr hallmann,0.30550020939817013
poliana botelho,0.2670316673070461
polo reyes,0.2901999628832982
polyana viana,0.2626597669219326
preston parsons,0.26906580788119183
priscila cachoeira,0.23032725292802575
puja tomar,0.16873262741576897
punahele soriano,0.2818912806258639
quang le,0.27390438859572463
quinn mulhern,0.2656864487536916
rachael ostovich,0.2562194560968112
rafa garcia,0.27358906103370306
rafael alves,0.27902539783723024
rafael cerqueira,0.25330465711217215
rafael dos anjos,0.3673348666960978
rafael estevam,0.3268248422924232
rafael feijao,0.27008888996602864
rafael fiziev,0.27936986273727915
rafael natal,0.33039340943982426
rafaello oliveira,0.3029186257837546
ramazan emeev,0.2846576310352329
ramazan temirov,0.21159192884878955
ramiz brahimaj,0.24756873530952067
ramon taveras,0.2482830152788705
ramona pascual,0.2423925088076468
rampage jackson,0.35446829410885605
ramsey nijem,0.2933297607316807
randa markos,0.2637019472446761
randy brown,0.3025855185938736
randy costa,0.23003267465545035
randy couture,0.4642529830256622
rani yahya,0.30123188243747456
raoni barcelos,0.3039768688636384
raphael assuncao,0.3118550562661102
raphael pessoa,0.24308105826343818
raphael pessoa nunes,0.19317322378113566
raquel pennington,0.3037358584083176
rashad coulter,0.2304714687730303
rashad evans,0.39927216105985763
rashid magomedov,0.3158915906031845
raul rosas jr.,0.2881388742503472
raulian paiva,0.24825315761710742
ravena oliveira,0.22629781235491647
ray borg,0.28207970279730993
ray rodriguez,0.253620334518563
rayanne dos santos,0.1756290659681318
reginaldo vieira,0.25393662296242225
rei tsuruya,0.34311071443766433
reinier de ridder,0.3486107001240578
renan barao,0.3677241773900678
renato moicano,0.31444690045053647
renee forte,0.2368632102687755
renzo gracie,0.3058598977786949
reuben duran,0.260642561211012
reza madadi,0.32358090741991635
rhys mckee,0.22521513884162292
ricardo abreu,0.26905441127682345
ricardo almeida,0.3435972892460155
ricardo funch,0.24893570217912403
ricardo lamas,0.33652172550822035
ricardo ramos,0.2816961671950958
ricardo romero,0.29979085392287125
rich attonito,0.2710220493569731
rich franklin,0.3970173778453087
richard walsh,0.3035659112009037
richardson moreira,0.228485687018313
richie smullen,0.21468314798156407
richie vaculik,0.2550830837475423
rick glenn,0.29365622559555216
rick story,0.35807628435030475
ricky glenn,0.2774115102417955
ricky rainey,0.2520426463436892
ricky simon,0.335966923397935
ricky turcios,0.22842601842620108
riki fukuda,0.30693706543199867
rin nakai,0.23998166348700978
rinat fakhretdinov,0.3116372989223784
rinya nakamura,0.3065828608418518
roan carneiro,0.3204581697160096
rob broughton,0.3221931836435932
rob emerson,0.2795447344123797
rob font,0.3144318075045416
rob kimmons,0.2708066498986985
rob whiteford,0.2876207665344461
rob wilkinson,0.24885807254644798
robbie lawler,0.35910921430381115
robelis despaigne,0.26710620038312094
robert bryczek,0.22003246489664832
robert peralta,0.26463394039158084
robert valentin,0.2265859455312683
robert whittaker,0.34442757179012784
roberto romero,0.2187907912180478
roberto sanchez,0.22117189172625168
rocco martin,0.31619143307127706
rocky lee,0.21795647040382266
rodney wallace,0.3455680253229931
rodolfo bellato,0.2736795946129242
rodolfo rubio,0.2107920084128786
rodolfo vieira,0.35979404681866434
rodrigo damm,0.2964319851155618
rodrigo de lima,0.2502249216768997
rodrigo nascimento,0.286872691582227
roger bowling,0.2626123326705136
roger gracie,0.239367597436479
roger hollett,0.2598463645705288
roger narvaez,0.26474011979309364
roger zapata,0.2269086933612545
rogerio bontorin,0.2776558153935126
rogerio nogueira,0.32171754150454246
roland delorme,0.3009187841933658
rolando bedoya,0.2214697246113132
rolando dy,0.23588677652589746
roldan sangcha-an,0.20564600263154242
roman bogatov,0.2438156570316584
roman dolidze,0.30515606316566785
roman kopylov,0.2710516047349428
roman salazar,0.20485530618203618
ron stallings,0.23104136697580657
ronaldo rodriguez,0.23186679172840224
ronda rousey,0.3518516959310223
rong zhu,0.2054428949579057
rongzhu,0.27135502638346404
ronnie lawrence,0.31153214588594946
ronny markes,0.308890144946393
rony jason,0.2847053566987833
ronys torres,0.2777614569785438
roosevelt roberts,0.2812917586453737
roque martinez,0.21216931367535133
rory macdonald,0.34179855525003466
rory markham,0.2586141343932065
rose namajunas,0.32235454514572914
rosi sexton,0.21964987558656773
ross pearson,0.3188666809466477
rostem akman,0.23139860916602267
rousimar palhares,0.317520955983969
roxanne modafferi,0.3047707550724428
roy nelson,0.3234809515153676
royston wee,0.23402344020126706
ruan potts,0.2388482286164086
ruslan magomedov,0.2622405320094314
russell doane,0.2946956560898038
rustam khabilov,0.3146077402308791
ryan bader,0.36808495059603075
ryan benoit,0.2400331593766135
ryan couture,0.2669619369751879
ryan hall,0.28737174773117935
ryan janes,0.3116871037406001
ryan jensen,0.27097609757929303
ryan jimmo,0.2713782917688776
ryan laflare,0.36277724841701897
ryan loder,0.2511396618062095
ryan macdonald,0.21798903273230136
ryan mcgillivray,0.21983889892477557
ryan spann,0.3217011535787889
sabah homasi,0.2687017692268104
sabina mazo,0.2472744275252201
sage northcutt,0.2522393625433001
sai wang,0.2233087397257262
said nurmagomedov,0.3011143978170143
saidyokub kakhramonov,0.339394316981668
saimon oliveira,0.2631879488423129
sako chivitchian,0.2213202286870361
salim touahri,0.2533370094324159
sam alvey,0.29587835816136493
sam hughes,0.22712072606923583
sam patterson,0.29148774644555253
sam sicilia,0.26330887385719715
sam stout,0.323046443740338
santiago ponzinibbio,0.3188376302423245
saparbeg safarov,0.2710401695035992
sara mcmann,0.3040045920635698
sarah alpar,0.24442940719301248
sarah frota,0.23990684065232554
sarah kaufman,0.33826944509232204
sarah moras,0.24554147539896162
sasha palatnikov,0.2440198544300577
scott askham,0.2601504291170358
scott holtzman,0.31312854587973105
scott jorgensen,0.2831360526451901
sean brady,0.30852464212856096
sean mccorkle,0.26868182989219125
sean o'connell,0.28236564658003
sean o'malley,0.3082288077546662
sean pierson,0.3253214997030225
sean sharaf,0.28070360940042777
sean sherk,0.3967182278621269
sean soriano,0.20935919765150499
sean spencer,0.29265061189683683
sean strickland,0.3274817872642284
sean woodson,0.25809666628659667
sedriques dumas,0.25799887626086127
seohee ham,0.24534729147592277
sergei pavlovich,0.3091163335695885
sergey khandozhko,0.2598730933921721
sergey morozov,0.2594445257150577
serghei spivac,0.31355858965050687
sergio moraes,0.3220232349362898
sergio pettis,0.30720742550405755
serhiy sidey,0.25470448848388194
seth baczynski,0.3041706881235003
seth petruzelli,0.22067630202338134
seungguk choi,0.25161584143987015
seungwoo choi,0.24463299054073742
shamar bailey,0.3067624824865894
shamil abdurakhimov,0.3071904947670396
shamil gamzatov,0.2399776554608958
shamil gaziev,0.31081714424853973
shana dobson,0.23144787921996193
shane burgos,0.31212800885474384
shane campbell,0.2633693481244843
shane carwin,0.3514299211452432
shane del rosario,0.27855189333699304
shane howell,0.21639482019129072
shane roller,0.2771233515439506
shane young,0.25482497207808774
shanna young,0.2154159493338362
shannon gugerty,0.2797490191824761
shannon ross,0.22847442461420364
shara magomedov,0.24537864629780287
shauna bannon,0.18973202377017762
shavkat rakhmonov,0.328654532302237
shawn jordan,0.2995327229672319
shayilan nuerdanbieke,0.25857987825073003
shayna baszler,0.26837317406817074
sheila gaff,0.17602181640543035
sheldon westcott,0.2282616904365823
sheymon moraes,0.2506790499147967
shi ming,0.24332651753292298
shinsho anzai,0.24725692119343579
shunichi shimizu,0.2124286696240079
sijara eubanks,0.28357537456746407
silvana gomez juarez,0.19783194546149785
simeon thoresen,0.30969388133156517
sirwan kakai,0.29944894647537634
siyar bahadurzada,0.27524505577919
soa palelei,0.29265224102655385
sodiq yusuff,0.27928002549373976
song kenan,0.26661843573589483
song yadong,0.27586000127138965
spencer fisher,0.31903508742518744
spike carlyle,0.24248064123741075
stanislav nedkov,0.2697413816796439
stefan sekulic,0.27096318413613807
stefan struve,0.3358976757500521
stephan bonnar,0.3596876379617966
stephanie egger,0.2589241352897286
stephanie luciano,0.2113798286137585
stephen bass,0.22399426558790717
stephen thompson,0.34177618511739727
steve bosse,0.2503038625376498
steve cantwell,0.2629631898724545
steve erceg,0.26474194276396223
steve garcia,0.28167382648561334
steve kennedy,0.230381178281259
steve lopez,0.18797706958179208
steve montgomery,0.22880044673985583
steve steinbeiss,0.22695505793134016
steven koslow,0.2805023709442944
steven nguyen,0.21805882937335802
steven peterson,0.25580947242667584
steven siler,0.31091440092744504
stevie ray,0.29745297835364787
stewart nicoll,0.27227500293559204
stipe miocic,0.38015076059413266
su mudaerji,0.22971049470779667
sultan aliev,0.2545542264735776
suman mokhtarian,0.2030586753944053
sumudaerji,0.2526480632353625
sung bin jo,0.2249313875313862
suyoung you,0.27963001614734667
syuri kondo,0.24323775924938978
tabatha ricci,0.26829795779774723
tae hyun bang,0.2537443209722861
tafon nchukwi,0.24683525318189714
tagir ulanbekov,0.2698787078514196
tai tuivasa,0.288219352794861
taila santos,0.27271712647451585
tainara lisboa,0.2515539033699715
takanori gomi,0.2886533899165908
takashi sato,0.2492708155363556
takenori sato,0.24333420217394705
takeya mizugaki,0.3247991073461079
talita alencar,0.22973222095081766
talita bernardo,0.262800170053335
tamdan mccrory,0.32451813354166426
tamires vidal,0.22172134199728213
tanner boser,0.2537156190173374
tarec saffiedine,0.3360438943870354
tateki matsuda,0.23559188010780557
tatiana suarez,0.32744619049165535
tatsuro taira,0.30267043592374987
tatsuya kawajiri,0.3035256331567934
taylor lapilus,0.2681777667709313
te edwards,0.22843170745618965
tecia pennington,0.27897757707368587
tecia torres,0.29033693153868223
teemu packalen,0.28736664146801877
tereza bleda,0.2307292586607771
terrance mckinney,0.30672065145434524
terrence mitchell,0.28727795445851895
terrion ware,0.26425487305215606
terry etim,0.3083285200145497
teruto ishihara,0.2756781923483616
thales leites,0.3704839363072579
themba gorimbo,0.3094677776021021
thiago alves,0.34806898464752456
thiago moises,0.27080976800701717
thiago perpetuo,0.2712924905161921
thiago santos,0.31395686647431
thiago silva,0.32288615081433714
thiago tavares,0.3121003485674908
thibault gouti,0.2487374501321768
thomas almeida,0.3018612478699941
thomas gifford,0.23726137752235724
thomas petersen,0.30835930721562377
tiago trator,0.23722605674595515
tiequan zhang,0.26408019870982613
tim boetsch,0.3385728280843714
tim credeur,0.33792165060858975
tim elliott,0.3209741315084963
tim gorman,0.22668882823550046
tim hague,0.29562402107603303
tim johnson,0.27911476494452664
tim kennedy,0.3354029304988874
tim means,0.31729518045268046
tim williams,0.24874349675783936
timmy cuamba,0.2262132080935893
timur valiev,0.22791399770728865
tina lahdemaki,0.20273366593869072
tito ortiz,0.42819350266787126
tj brown,0.2903890298290207
tj dillashaw,0.3718691270113245
tj grant,0.3178558383488097
tj laramie,0.23394453256533215
tj o'brien,0.26878072824676114
tj waldburger,0.316690369560093
todd brown,0.25350563524624364
todd duffee,0.28500234892277665
tom aspinall,0.3369552555133928
tom blackledge,0.23780135652511986
tom breese,0.2735656260170636
tom deblass,0.2511387877729545
tom duquesnoy,0.25059261973302405
tom gallicchio,0.2683749049084572
tom lawlor,0.3349848227489338
tom niinimaki,0.24751682612925463
tom nolan,0.240106116413183
tom watson,0.28729137131037985
tomasz drwal,0.30706628222279375
tommy hayden,0.2271520043017645
tony ferguson,0.3620139878489519
tony gravely,0.31789319239896785
tony kelley,0.25372273286590363
tony sims,0.2645109774012183
tonya evinger,0.27217595298467206
tor troeng,0.27762754072985873
toshiomi kazama,0.2621823410514243
tracy cortez,0.2691622240639243
travis browne,0.3266697440884362
tresean gore,0.2507838938210781
trevin giles,0.29643007237262786
trevin jones,0.2524700216218745
trevor peek,0.2490540355490141
trevor smith,0.31907923198402083
trey ogden,0.2712539407358028
trey waters,0.2589019451994071
tristan connelly,0.24519798087221992
tucker lutz,0.2706289620966208
tuco tokkos,0.21527783980954154
tyler diamond,0.2175509446192305
tyler toner,0.21721368967593724
tyron woodley,0.33821364079099203
tyson griffin,0.32450712909665214
tyson nam,0.2392957730626873
tyson pedro,0.2841352144071616
ulka sasaki,0.2637949054763417
ulysses gomez,0.20801292294256954
umar nurmagomedov,0.3011510065306145
uriah hall,0.3101303813655386
urijah faber,0.35580126882813945
uros medic,0.27533266758274677
vagner rocha,0.28254524175228013
val woodburn,0.2496179575288305
valentina shevchenko,0.32550050810710474
valerie letourneau,0.3156430271233487
valmir lazaro,0.3477659506166811
valter walker,0.2601360711779892
vanessa demopoulos,0.2407334785361791
vanessa melo,0.20547753388316115
vaughan lee,0.28837432684470776
veronica hardy,0.2486580539358199
veronica macedo,0.21482413749239632
viacheslav borshchev,0.2554780170974565
vicente luque,0.3208071506417498
victor altamirano,0.2738305366571786
victor henry,0.252560143116032
victor hugo,0.2980419722259434
victor martinez,0.2414163396227166
victor rodriguez,0.19558218533472643
victoria leonardo,0.25683672794326107
vik grujic,0.2399192307265638
viktor pesta,0.2845519665035361
viktoriia dudakova,0.24998762103775873
vinc pichel,0.31265162622446974
vince cachero,0.19786517414333463
vince morales,0.2472940866497013
vincente luque,0.32190185457677634
vinicius moreira,0.2859138541875767
vinicius oliveira,0.27062206516433407
vinicius queiroz,0.23608155880278384
vinicius salvador,0.2639980618415771
vinny magalhaes,0.29103592310054793
virna jandiroba,0.29762656046921965
viscardi andrade,0.2719036425679504
vitor belfort,0.359443452738034
vitor miranda,0.30375114223506827
vitor petrino,0.32545094068914593
viviane araujo,0.28719440396153795
viviane pereira,0.2585686120460603
vladimir matyushenko,0.33225259453977596
volkan oezdemir,0.301200705772542
wagner campos,0.21675779957710056
wagner prado,0.20647526422923457
wagner silva,0.23038581841161382
waldo cortes-acosta,0.2763670174594125
walel watson,0.24445417244158085
walt harris,0.27169768644146325
wanderlei silva,0.2922321223337402
wang cong,0.31861257225646705
wang guan,0.2648088591619711
warlley alves,0.3052829653655841
waylon lowe,0.2688456789659593
weili zhang,0.3094433360810323
wellington turman,0.25898708706052853
wendell oliveira,0.20931722295912683
westin wilson,0.3575169549916674
will brooks,0.30217858595349345
will campuzano,0.23014678374561753
will chope,0.25925759664789333
willamy freire,0.23851650231559776
william gomis,0.2478077417789561
william knight,0.2920175572343373
william patolino,0.30559721856615907
willie gates,0.2570615923039301
wilson reis,0.3214186117188121
wu yanan,0.22610008467303333
wuliji buren,0.2648851822871747
xiao long,0.22746628601064287
yair rodriguez,0.33473356466610404
yan cabral,0.2903857033377913
yan xiaonan,0.2917242485567344
yana kunitskaya,0.2511565535187903
yana santos,0.26197974632475407
yanal ashmouz,0.27330303656160054
yancy medeiros,0.2670088355403784
yanis ghemmouri,0.2342904899976459
yao zhikui,0.21204496710968468
yaotzin meza,0.26610732421353556
yasuhiro urushitani,0.23449986484686325
yazmin jauregui,0.20268713015120787
yizha,0.32255940876884204
yoel romero,0.3793318360794028
yohan lainesse,0.2627169698687116
yoislandy izquierdo,0.22498522383431424
yorgan de castro,0.22605237084155277
yosdenis cedeno,0.2196116612931854
yoshihiro akiyama,0.3254037125215725
yoshinori horie,0.21051660305076664
yoshiyuki yoshida,0.22759216656613582
youssef zalal,0.2704964860179591
youssef zalel,0.1680620155400556
yui chul nam,0.2698501366135514
yuri villefort,0.2410330477595059
yusaku kinoshita,0.22918678453592267
yushin okami,0.34807985821285947
yusuke kasuya,0.24256119759248684
yves edwards,0.32553594027484
yves jabouin,0.280537092870012
zabit magomedsharipov,0.36884192756716894
zac pauga,0.23527578321196982
zach makovsky,0.31219020213677917
zachary reese,0.330003346496097
zachary scroggin,0.2410846131687674
zak cummings,0.30852270875350163
zak ottow,0.27263475893099454
zarah fairn,0.21088932934979632
zarrukh adashev,0.19827721969383552
zelim imadaev,0.23951864068875856
zhalgas zhamagulov,0.18914527603630613
zhalgas zhumagulov,0.23876516099089418
zhang lipeng,0.2429524460303265
zhang mingyang,0.2597642499641128
zhang weili,0.3350417447560229
zu anyanwu,0.29850544232718046
zubaira tukhugov,0.27161004829979907
zviad lazishvili,0.21792513668372018
zygimantas ramaska,0.19750175521652907
